HIERARCHY
ROOT Root
{
  OFFSET 0.0 0.0 0.0
  CHANNELS 6 Xposition Yposition Zposition Zrotation Yrotation Xrotation
  JOINT Hips
  {
    OFFSET 0.0 100.0 0.0
    CHANNELS 6 Xposition Yposition Zposition Zrotation Yrotation Xrotation
    JOINT Spine1
    {
      OFFSET -0.013727 5.003763 -0.053727
      CHANNELS 3 Zrotation Yrotation Xrotation
      JOINT Spine2
      {
        OFFSET -0.0 7.125301 -0.029825
        CHANNELS 3 Zrotation Yrotation Xrotation
        JOINT Chest
        {
          OFFSET -1e-06 7.550063 -0.815971
          CHANNELS 3 Zrotation Yrotation Xrotation
          JOINT Neck1
          {
            OFFSET -0.181677 26.311295 -0.553348
            CHANNELS 3 Zrotation Yrotation Xrotation
            JOINT Neck2
            {
              OFFSET -3e-06 7.709397 2.302585
              CHANNELS 3 Zrotation Yrotation Xrotation
              JOINT Head
              {
                OFFSET -5e-06 6.128916 1.953709
                CHANNELS 3 Zrotation Yrotation Xrotation
                JOINT HeadEnd
                {
                  OFFSET 0.003598 16.065403 -1.835379
                  CHANNELS 3 Zrotation Yrotation Xrotation
                }
                JOINT Jaw
                {
                  OFFSET 0.002637 0.475592 3.094941
                  CHANNELS 3 Zrotation Yrotation Xrotation
                }
                JOINT LeftEye
                {
                  OFFSET 3.206381 5.380205 7.586883
                  CHANNELS 3 Zrotation Yrotation Xrotation
                }
                JOINT RightEye
                {
                  OFFSET -3.22244 5.361869 7.558234
                  CHANNELS 3 Zrotation Yrotation Xrotation
                }
              }
            }
          }
          JOINT LeftShoulder
          {
            OFFSET 1.621652 23.237164 5.113413
            CHANNELS 3 Zrotation Yrotation Xrotation
            JOINT LeftArm
            {
              OFFSET 14.919846 2e-06 -5.502326
              CHANNELS 3 Zrotation Yrotation Xrotation
              JOINT LeftForeArm
              {
                OFFSET 28.739307 0.0 -0.002588
                CHANNELS 3 Zrotation Yrotation Xrotation
                JOINT LeftHand
                {
                  OFFSET 27.093981 -1e-06 0.002609
                  CHANNELS 3 Zrotation Yrotation Xrotation
                  JOINT LeftHandThumb1
                  {
                    OFFSET 2.276482 -1.392045 3.191413
                    CHANNELS 3 Zrotation Yrotation Xrotation
                    JOINT LeftHandThumb2
                    {
                      OFFSET 4.012836 -1.828127 1.641654
                      CHANNELS 3 Zrotation Yrotation Xrotation
                      JOINT LeftHandThumb3
                      {
                        OFFSET 2.798515 0.0 -3e-06
                        CHANNELS 3 Zrotation Yrotation Xrotation
                        JOINT LeftHandThumbEnd
                        {
                          OFFSET 3.180793 -4e-06 4e-06
                          CHANNELS 3 Zrotation Yrotation Xrotation
                        }
                      }
                    }
                  }
                  JOINT LeftHandIndex1
                  {
                    OFFSET 3.247555 -0.531998 2.296169
                    CHANNELS 3 Zrotation Yrotation Xrotation
                    JOINT LeftHandIndex2
                    {
                      OFFSET 6.364578 0.01206 0.1786
                      CHANNELS 3 Zrotation Yrotation Xrotation
                      JOINT LeftHandIndex3
                      {
                        OFFSET 3.662364 0.0 0.0
                        CHANNELS 3 Zrotation Yrotation Xrotation
                        JOINT LeftHandIndex4
                        {
                          OFFSET 2.329242 4e-06 4e-06
                          CHANNELS 3 Zrotation Yrotation Xrotation
                          JOINT LeftHandIndexEnd
                          {
                            OFFSET 2.759615 -0.180537 -0.113024
                            CHANNELS 3 Zrotation Yrotation Xrotation
                          }
                        }
                      }
                    }
                  }
                  JOINT LeftHandMiddle1
                  {
                    OFFSET 3.163495 0.240981 1.000332
                    CHANNELS 3 Zrotation Yrotation Xrotation
                    JOINT LeftHandMiddle2
                    {
                      OFFSET 6.19078 -0.259278 -1.002548
                      CHANNELS 3 Zrotation Yrotation Xrotation
                      JOINT LeftHandMiddle3
                      {
                        OFFSET 4.35652 -4e-06 -1e-06
                        CHANNELS 3 Zrotation Yrotation Xrotation
                        JOINT LeftHandMiddle4
                        {
                          OFFSET 2.996877 -8e-06 0.0
                          CHANNELS 3 Zrotation Yrotation Xrotation
                          JOINT LeftHandMiddleEnd
                          {
                            OFFSET 2.304287 -0.294569 -0.031741
                            CHANNELS 3 Zrotation Yrotation Xrotation
                          }
                        }
                      }
                    }
                  }
                  JOINT LeftHandRing1
                  {
                    OFFSET 2.882643 -0.053652 -0.322543
                    CHANNELS 3 Zrotation Yrotation Xrotation
                    JOINT LeftHandRing2
                    {
                      OFFSET 5.854541 -0.486202 -1.373841
                      CHANNELS 3 Zrotation Yrotation Xrotation
                      JOINT LeftHandRing3
                      {
                        OFFSET 4.350578 0.0 3e-06
                        CHANNELS 3 Zrotation Yrotation Xrotation
                        JOINT LeftHandRing4
                        {
                          OFFSET 2.651321 7e-06 2e-06
                          CHANNELS 3 Zrotation Yrotation Xrotation
                          JOINT LeftHandRingEnd
                          {
                            OFFSET 1.936105 0.077687 -7.1e-05
                            CHANNELS 3 Zrotation Yrotation Xrotation
                          }
                        }
                      }
                    }
                  }
                  JOINT LeftHandPinky1
                  {
                    OFFSET 2.8655 -0.310005 -1.600378
                    CHANNELS 3 Zrotation Yrotation Xrotation
                    JOINT LeftHandPinky2
                    {
                      OFFSET 5.087849 -1.331141 -1.77123
                      CHANNELS 3 Zrotation Yrotation Xrotation
                      JOINT LeftHandPinky3
                      {
                        OFFSET 3.070974 4e-06 0.0
                        CHANNELS 3 Zrotation Yrotation Xrotation
                        JOINT LeftHandPinky4
                        {
                          OFFSET 1.549672 0.0 1e-06
                          CHANNELS 3 Zrotation Yrotation Xrotation
                          JOINT LeftHandPinkyEnd
                          {
                            OFFSET 1.944893 -0.157802 0.057219
                            CHANNELS 3 Zrotation Yrotation Xrotation
                          }
                        }
                      }
                    }
                  }
                }
              }
            }
          }
          JOINT RightShoulder
          {
            OFFSET -1.380118 23.180309 5.214158
            CHANNELS 3 Zrotation Yrotation Xrotation
            JOINT RightArm
            {
              OFFSET -15.037196 1.2e-05 -5.545604
              CHANNELS 3 Zrotation Yrotation Xrotation
              JOINT RightForeArm
              {
                OFFSET -28.736639 2e-06 -0.002597
                CHANNELS 3 Zrotation Yrotation Xrotation
                JOINT RightHand
                {
                  OFFSET -27.133619 -0.0 0.002613
                  CHANNELS 3 Zrotation Yrotation Xrotation
                  JOINT RightHandThumb1
                  {
                    OFFSET -2.274032 -1.383988 3.163127
                    CHANNELS 3 Zrotation Yrotation Xrotation
                    JOINT RightHandThumb2
                    {
                      OFFSET -4.011429 -1.827466 1.640914
                      CHANNELS 3 Zrotation Yrotation Xrotation
                      JOINT RightHandThumb3
                      {
                        OFFSET -2.794935 -4e-06 -3e-06
                        CHANNELS 3 Zrotation Yrotation Xrotation
                        JOINT RightHandThumbEnd
                        {
                          OFFSET -3.183852 4e-06 1e-06
                          CHANNELS 3 Zrotation Yrotation Xrotation
                        }
                      }
                    }
                  }
                  JOINT RightHandIndex1
                  {
                    OFFSET -3.253266 -0.520057 2.282866
                    CHANNELS 3 Zrotation Yrotation Xrotation
                    JOINT RightHandIndex2
                    {
                      OFFSET -6.341917 0.012471 0.178266
                      CHANNELS 3 Zrotation Yrotation Xrotation
                      JOINT RightHandIndex3
                      {
                        OFFSET -3.654871 -8e-06 -0.0
                        CHANNELS 3 Zrotation Yrotation Xrotation
                        JOINT RightHandIndex4
                        {
                          OFFSET -2.327586 0.0 1e-06
                          CHANNELS 3 Zrotation Yrotation Xrotation
                          JOINT RightHandIndexEnd
                          {
                            OFFSET -2.76179 -0.180656 -0.113078
                            CHANNELS 3 Zrotation Yrotation Xrotation
                          }
                        }
                      }
                    }
                  }
                  JOINT RightHandMiddle1
                  {
                    OFFSET -3.168106 0.246593 1.00103
                    CHANNELS 3 Zrotation Yrotation Xrotation
                    JOINT RightHandMiddle2
                    {
                      OFFSET -6.180828 -0.258836 -1.000895
                      CHANNELS 3 Zrotation Yrotation Xrotation
                      JOINT RightHandMiddle3
                      {
                        OFFSET -4.348901 0.0 -0.0
                        CHANNELS 3 Zrotation Yrotation Xrotation
                        JOINT RightHandMiddle4
                        {
                          OFFSET -3.00024 -4e-06 -2e-06
                          CHANNELS 3 Zrotation Yrotation Xrotation
                          JOINT RightHandMiddleEnd
                          {
                            OFFSET -2.30252 -0.29437 -0.031706
                            CHANNELS 3 Zrotation Yrotation Xrotation
                          }
                        }
                      }
                    }
                  }
                  JOINT RightHandRing1
                  {
                    OFFSET -2.88569 -0.067952 -0.308858
                    CHANNELS 3 Zrotation Yrotation Xrotation
                    JOINT RightHandRing2
                    {
                      OFFSET -5.854198 -0.48613 -1.373731
                      CHANNELS 3 Zrotation Yrotation Xrotation
                      JOINT RightHandRing3
                      {
                        OFFSET -4.33881 -4e-06 -0.0
                        CHANNELS 3 Zrotation Yrotation Xrotation
                        JOINT RightHandRing4
                        {
                          OFFSET -2.654903 -4e-06 4e-06
                          CHANNELS 3 Zrotation Yrotation Xrotation
                          JOINT RightHandRingEnd
                          {
                            OFFSET -1.933568 0.077527 -5.2e-05
                            CHANNELS 3 Zrotation Yrotation Xrotation
                          }
                        }
                      }
                    }
                  }
                  JOINT RightHandPinky1
                  {
                    OFFSET -2.866425 -0.342796 -1.584145
                    CHANNELS 3 Zrotation Yrotation Xrotation
                    JOINT RightHandPinky2
                    {
                      OFFSET -5.091371 -1.332055 -1.772385
                      CHANNELS 3 Zrotation Yrotation Xrotation
                      JOINT RightHandPinky3
                      {
                        OFFSET -3.062664 -4e-06 1e-06
                        CHANNELS 3 Zrotation Yrotation Xrotation
                        JOINT RightHandPinky4
                        {
                          OFFSET -1.546529 4e-06 -2e-06
                          CHANNELS 3 Zrotation Yrotation Xrotation
                          JOINT RightHandPinkyEnd
                          {
                            OFFSET -1.945119 -0.157718 0.057211
                            CHANNELS 3 Zrotation Yrotation Xrotation
                          }
                        }
                      }
                    }
                  }
                }
              }
            }
          }
        }
      }
    }
    JOINT LeftLeg
    {
      OFFSET 10.043214 -8.434526 2.595655
      CHANNELS 3 Zrotation Yrotation Xrotation
      JOINT LeftShin
      {
        OFFSET -1e-06 -43.221752 -0.802913
        CHANNELS 3 Zrotation Yrotation Xrotation
        JOINT LeftFoot
        {
          OFFSET 1e-06 -42.155094 -3.481523
          CHANNELS 3 Zrotation Yrotation Xrotation
          JOINT LeftToeBase
          {
            OFFSET 0.0 -5.059472 13.231529
            CHANNELS 3 Zrotation Yrotation Xrotation
            JOINT LeftToeEnd
            {
              OFFSET -0.009607 -1.647619 6.513017
              CHANNELS 3 Zrotation Yrotation Xrotation
            }
          }
        }
      }
    }
    JOINT RightLeg
    {
      OFFSET -10.047278 -8.29526 2.620317
      CHANNELS 3 Zrotation Yrotation Xrotation
      JOINT RightShin
      {
        OFFSET 1e-06 -43.362206 -0.805556
        CHANNELS 3 Zrotation Yrotation Xrotation
        JOINT RightFoot
        {
          OFFSET 2e-06 -42.117393 -3.478398
          CHANNELS 3 Zrotation Yrotation Xrotation
          JOINT RightToeBase
          {
            OFFSET -0.0 -5.079609 13.284196
            CHANNELS 3 Zrotation Yrotation Xrotation
            JOINT RightToeEnd
            {
              OFFSET 0.009532 -1.634378 6.460591
              CHANNELS 3 Zrotation Yrotation Xrotation
            }
          }
        }
      }
    }
  }
}
MOTION
Frames: 150
Frame Time: 0.03333333333333333
0.0 0.0 0.0 0.0 -0.0 0.0 4.892058 91.119713 -0.422026 -0.083279 0.578896 1.06256 2.517818 -0.482843 12.190686 0.892926 0.428934 1.027826 2.648128 -0.92798 29.283876 -10.757273 6.21066 0.576492 0.908244 4.398241 -3.604994 -0.349012 5.024498 -19.628525 7.7e-05 -2.3e-05 6e-06 0.092369 -0.279266 -0.032708 0.771211 -4.003013 -10.406335 -0.591627 3.454928 -10.441501 -9.097689 -8.872539 17.883446 -56.16642 -18.296934 12.379513 -178.693375 -70.262527 179.084091 15.529354 2.697253 0.771962 -5.882108 9.861286 0.702589 -10.936873 -0.360575 7.156206 -1e-06 8.774829 -1e-06 -15.739616 18.739798 6.526652 -1.844033 2.498506 -2.507279 -10.163601 4.678946 4.621109 -20.97603 -1e-06 0.0 -21.226292 2.451697 -3.594002 0.0 -6e-06 -2e-06 -1.362682 2.240799 -0.746323 -21.334921 0.58491 3.008323 -13.82122 -2e-06 2e-06 -23.887178 -0.249078 -0.839485 -61.115433 2.894638 -1.40673 -0.294025 1.679688 0.833256 -14.218212 0.093215 1.30058 -34.212051 -0.287565 0.967168 -20.033218 0.964536 1.212842 -0.0 1e-06 0.0 -3.440389 0.788234 0.501656 -15.928189 -3.167311 2.999707 -6.338829 -1e-06 1e-06 -18.123451 3.648182 -4.905672 -4e-06 1e-06 -2e-06 1.211473 18.984909 13.606436 51.009102 18.076534 -11.220716 -179.648087 71.677994 179.882004 -11.28939 8.670352 4.567338 2.24354 -5.255036 -3.180157 14.282882 -0.826595 6.952499 3e-06 -12.6906 -2e-06 15.48766 -17.749136 2.881233 1.665666 -1.955922 -2.878297 4.727798 -4.170586 4.993921 11.02052 1e-06 -1e-06 12.109046 -3.735718 -2.866784 1e-06 -0.0 -0.0 1.291984 -1.92855 -1.498089 14.800118 0.567466 3.865608 14.242559 -1.34174 -6.660655 19.631952 0.143922 -0.648245 50.420391 -0.941315 -6.546567 0.353029 -1.51115 -0.031939 20.222778 3.684305 2.316631 18.787266 1e-06 -1e-06 10.751622 -0.479871 1.397905 -1e-06 0.0 -1e-06 3.273804 0.305947 -0.58011 21.486797 11.830367 2.266136 8.162924 0.0 0.0 18.399071 -3.798986 -4.940575 3e-06 1e-06 -1e-06 3.937926 2.201672 -32.111858 0.121736 0.171868 52.880344 -8.546776 6.065529 -21.870974 1.599767 -2.040553 0.313639 0.0 -0.0 2e-06 0.061875 -8.198101 -31.779074 -0.037176 0.044466 52.712055 4.133743 -2.818463 -21.166382 -1.387264 0.96629 0.20662 0.0 0.0 -1e-06 
0.0 0.0 0.0 0.0 -0.0 0.0 4.193006 90.930069 -0.339837 0.205715 1.794599 1.144123 2.60586 -0.554679 12.175529 0.965063 0.562592 1.035113 2.699213 -0.808462 29.223272 -12.629306 6.805155 0.110238 1.467885 5.826313 -3.518628 -1.531252 7.318233 -20.217489 7.7e-05 -2.2e-05 6e-06 0.067441 -0.254461 -0.030658 0.752355 -3.967387 -10.321957 -0.622687 3.469983 -10.346827 -9.066294 -8.565273 17.763733 -56.244324 -18.233154 12.704388 -179.158585 -70.434746 179.247757 15.464253 2.520093 1.846639 -5.882108 9.861287 0.702593 -10.936875 -0.360575 7.156209 -1e-06 8.77483 1e-06 -15.631568 18.720692 6.542096 -1.844033 2.498504 -2.507278 -10.163604 4.678947 4.621113 -20.976027 -3e-06 5e-06 -21.226292 2.4517 -3.593999 -0.0 -5e-06 -2e-06 -1.362681 2.240798 -0.746323 -21.334921 0.58491 3.008328 -13.821218 -1e-06 5e-06 -23.887177 -0.249074 -0.839481 -60.882469 2.889686 -1.311507 -0.294024 1.679687 0.833257 -14.218212 0.093215 1.300582 -34.212059 -0.28756 0.967175 -20.033218 0.964539 1.212845 0.0 -0.0 1e-06 -3.440392 0.788233 0.501656 -15.928192 -3.16731 2.99971 -6.338829 -1e-06 3e-06 -18.123447 3.648187 -4.905668 -4e-06 -0.0 -2e-06 1.19509 19.381332 13.750162 50.220596 17.643066 -12.207858 -179.457932 71.720062 179.986633 -11.260033 8.912505 5.36972 2.243539 -5.255038 -3.180159 14.282889 -0.826594 6.95251 -1e-06 -12.690605 -0.0 15.549067 -17.827412 2.883024 1.665665 -1.955922 -2.878299 4.727798 -4.170588 4.993927 11.020526 3e-06 1e-06 12.10905 -3.735717 -2.866783 1e-06 0.0 0.0 1.291985 -1.928549 -1.49809 14.800129 0.567469 3.865613 14.242568 -1.341737 -6.660656 19.631964 0.143924 -0.64824 50.371994 -0.888138 -6.532314 0.353029 -1.511151 -0.031941 20.22279 3.68431 2.316637 18.787273 2e-06 4e-06 10.751626 -0.479871 1.397909 -0.0 0.0 0.0 3.273805 0.305947 -0.580109 21.486814 11.830376 2.266143 8.162926 1e-06 3e-06 18.399078 -3.798988 -4.940569 4e-06 0.0 -1e-06 4.150268 1.772491 -32.573246 0.096036 0.143786 53.16769 -8.837541 5.295414 -21.833149 1.604071 -2.06244 0.433744 -0.0 -1e-06 2e-06 0.152233 -9.095753 -32.069866 -0.035856 -0.01227 53.550095 4.176589 -2.879064 -21.648575 -1.401065 0.955163 0.20708 0.0 0.0 -1e-06 
0.0 0.0 0.0 0.0 -0.0 0.0 3.32368 90.658379 -0.20842 0.572879 3.277812 1.128534 2.686567 -0.622831 12.183114 1.048738 0.652561 1.059864 2.752211 -0.639796 29.170137 -14.866248 7.407043 -0.326516 2.099392 7.939369 -3.393647 -3.02582 10.303992 -21.07868 7.7e-05 -2.4e-05 6e-06 0.055629 -0.255494 -0.014998 0.737978 -3.954467 -10.247454 -0.632339 3.457541 -10.266993 -8.871217 -8.17557 17.594885 -56.435833 -18.16124 13.312951 -179.849991 -70.417999 179.800873 15.526186 2.571329 2.792129 -5.882101 9.861276 0.70259 -10.936861 -0.360576 7.156199 1e-06 8.774819 0.0 -15.588405 18.787485 6.55236 -1.844031 2.498503 -2.507276 -10.163591 4.678939 4.621104 -20.976006 -5e-06 3e-06 -21.226269 2.451694 -3.593995 0.0 -5e-06 -2e-06 -1.362679 2.240796 -0.746323 -21.334896 0.584907 3.00832 -13.821201 -3e-06 2e-06 -23.887152 -0.24908 -0.839479 -60.76598 2.919597 -1.312474 -0.294023 1.679686 0.833254 -14.218197 0.093215 1.300578 -34.212021 -0.287568 0.967172 -20.033197 0.964535 1.212843 0.0 1e-06 1e-06 -3.440386 0.788233 0.501655 -15.928172 -3.167309 2.999705 -6.338821 -1e-06 2e-06 -18.12343 3.648179 -4.905665 -5e-06 0.0 -2e-06 1.015855 19.889364 13.784454 49.242977 17.030195 -13.162005 -179.178589 71.698944 -179.831787 -11.261658 9.021043 6.298597 2.243539 -5.255035 -3.180157 14.282884 -0.826593 6.952501 -2e-06 -12.690598 -1e-06 15.623425 -17.870947 2.888394 1.665667 -1.95592 -2.878299 4.727796 -4.170586 4.993923 11.020519 4e-06 -1e-06 12.109046 -3.735713 -2.866781 2e-06 0.0 -0.0 1.291984 -1.928549 -1.498089 14.800118 0.567469 3.865608 14.242564 -1.341735 -6.660654 19.631954 0.143926 -0.648243 50.443501 -0.898139 -6.521608 0.353029 -1.51115 -0.031939 20.222784 3.684309 2.31663 18.787264 5e-06 2e-06 10.751621 -0.479869 1.397906 -0.0 0.0 1e-06 3.273804 0.305948 -0.58011 21.486801 11.830369 2.266134 8.162922 2e-06 1e-06 18.399071 -3.798984 -4.940569 3e-06 0.0 -1e-06 4.33317 1.292593 -33.060982 0.074563 0.11126 53.580353 -9.014915 4.318158 -21.600231 1.610929 -2.073864 0.519696 0.0 -0.0 2e-06 0.243777 -10.283978 -32.306969 -0.039629 -0.059769 54.512081 4.096432 -2.978221 -22.366911 -1.409719 0.947363 0.314701 -0.0 0.0 -1e-06 
0.0 0.0 0.0 0.0 -0.0 0.0 2.431866 90.371155 -0.113366 0.916895 4.73033 1.034349 2.772364 -0.668756 12.203725 1.140971 0.781941 1.08878 2.800302 -0.400758 29.152733 -17.368549 8.015044 -0.708425 2.710959 10.383667 -3.240716 -4.466544 13.455445 -22.169228 7.7e-05 -2.3e-05 6e-06 0.051543 -0.268637 0.002142 0.718189 -3.950105 -10.198638 -0.621553 3.430631 -10.217991 -8.685469 -7.659466 17.406818 -56.624584 -18.099842 14.003346 179.600403 -70.319534 -179.737274 15.820817 2.6999 3.500644 -5.882102 9.861284 0.702589 -10.936865 -0.360574 7.156202 1e-06 8.774822 -2e-06 -15.584642 18.85977 6.547225 -1.84403 2.498504 -2.507276 -10.163595 4.678943 4.621105 -20.976011 -1e-06 1e-06 -21.226273 2.451697 -3.594002 1e-06 -4e-06 -2e-06 -1.362681 2.240798 -0.746323 -21.3349 0.584909 3.00832 -13.821208 -2e-06 3e-06 -23.887159 -0.249075 -0.839485 -60.686367 2.98071 -1.340724 -0.294024 1.679688 0.833256 -14.2182 0.093216 1.300579 -34.212029 -0.287563 0.967166 -20.033205 0.964535 1.212842 -0.0 1e-06 -0.0 -3.440387 0.788233 0.501656 -15.928176 -3.167307 2.999706 -6.338821 -0.0 1e-06 -18.123438 3.648182 -4.905669 -4e-06 -1e-06 -3e-06 0.660915 20.444597 13.745885 47.98777 16.40012 -13.997122 -178.809067 71.794716 -179.500412 -11.332096 9.027483 7.321802 2.243541 -5.255035 -3.180157 14.282886 -0.826594 6.952503 -3e-06 -12.690598 -0.0 15.60531 -17.895092 2.915692 1.665665 -1.955921 -2.878297 4.727796 -4.170586 4.993922 11.02052 3e-06 -1e-06 12.10905 -3.735714 -2.866783 1e-06 -0.0 -1e-06 1.291986 -1.928548 -1.498088 14.800122 0.567468 3.865607 14.242566 -1.341735 -6.660655 19.631958 0.143926 -0.648242 50.522682 -0.922382 -6.532718 0.353029 -1.51115 -0.031941 20.222786 3.684309 2.316631 18.787268 4e-06 1e-06 10.751624 -0.479869 1.397906 -0.0 0.0 0.0 3.273804 0.305946 -0.580111 21.486803 11.83037 2.266134 8.162924 1e-06 2e-06 18.399076 -3.798984 -4.940572 3e-06 1e-06 -1e-06 4.569038 0.857197 -33.498241 0.060388 0.07527 54.023151 -9.166866 3.306067 -21.238989 1.615738 -2.090286 0.557737 0.0 -0.0 2e-06 0.398331 -11.418754 -32.439709 -0.05764 -0.111149 55.403885 3.908163 -3.154964 -23.173267 -1.413133 0.943178 0.4453 -0.0 0.0 -1e-06 
0.0 0.0 0.0 0.0 -0.0 0.0 1.524901 90.107376 -0.077488 1.286514 6.208724 0.906735 2.862445 -0.686131 12.230613 1.229035 0.957319 1.126447 2.822875 -0.109781 29.156607 -20.049543 8.639842 -1.065332 3.289966 12.905796 -3.073002 -5.706183 16.405001 -23.336063 7.7e-05 -2.3e-05 6e-06 0.04884 -0.273049 0.020937 0.69501 -3.934197 -10.173869 -0.604608 3.411059 -10.188641 -8.614579 -7.019705 17.223717 -56.729343 -18.071358 14.802263 179.044327 -70.170563 -179.217758 16.295834 2.929038 3.782712 -5.882099 9.861278 0.702588 -10.936855 -0.360575 7.156193 0.0 8.774819 -1e-06 -15.623382 18.88336 6.515908 -1.844031 2.498503 -2.507275 -10.163587 4.678941 4.6211 -20.976 -4e-06 -1e-06 -21.226265 2.451693 -3.593999 0.0 -6e-06 -1e-06 -1.362681 2.240796 -0.746323 -21.334887 0.584908 3.008315 -13.821198 -5e-06 0.0 -23.88714 -0.249082 -0.839485 -60.597889 3.042584 -1.350899 -0.294025 1.679686 0.833256 -14.218191 0.093215 1.300576 -34.212013 -0.287566 0.967163 -20.033188 0.964532 1.212838 0.0 1e-06 -1e-06 -3.440384 0.788233 0.501655 -15.928165 -3.167309 2.9997 -6.338821 -1e-06 -0.0 -18.123425 3.648179 -4.905668 -2e-06 -1e-06 -2e-06 0.145876 21.03084 13.588577 46.429016 15.762309 -14.715721 -178.459778 72.067589 -179.133316 -11.408499 8.874542 8.308235 2.243539 -5.255033 -3.180155 14.282876 -0.826596 6.952495 1e-06 -12.690593 -1e-06 15.544961 -17.914865 2.984497 1.665667 -1.95592 -2.878296 4.727795 -4.170584 4.993919 11.020515 1e-06 -2e-06 12.109041 -3.735713 -2.866783 2e-06 -0.0 -0.0 1.291984 -1.928548 -1.498087 14.800115 0.567466 3.865602 14.242558 -1.341738 -6.660653 19.631947 0.143925 -0.648246 50.583302 -0.954666 -6.527262 0.353025 -1.511151 -0.03194 20.222771 3.684304 2.316625 18.787254 3e-06 -2e-06 10.751618 -0.479867 1.397904 0.0 0.0 0.0 3.273803 0.305946 -0.58011 21.486792 11.830361 2.266128 8.162919 1e-06 -1e-06 18.399067 -3.798982 -4.940573 3e-06 0.0 -1e-06 4.782967 0.443714 -33.903526 0.056107 0.041994 54.401073 -9.252972 2.307831 -20.737844 1.618282 -2.104508 0.580241 -0.0 0.0 2e-06 0.575704 -12.578205 -32.499939 -0.076937 -0.16707 56.197968 3.625804 -3.422314 -23.926931 -1.414497 0.94524 0.566248 -0.0 0.0 -1e-06 
0.0 0.0 0.0 0.0 -0.0 0.0 0.539103 89.895317 -0.091119 1.71741 7.845114 0.816203 2.960701 -0.681609 12.271442 1.308554 1.152873 1.148473 2.821812 0.187787 29.145569 -22.703512 9.208957 -1.387788 3.779117 15.222935 -2.92178 -6.721946 18.866264 -24.391783 7.7e-05 -2.5e-05 6e-06 0.047253 -0.276585 0.03929 0.677987 -3.915665 -10.16056 -0.591631 3.389804 -10.164128 -8.684958 -6.3142 17.065382 -56.767609 -18.035046 15.729231 178.358215 -70.001213 -178.456894 16.77368 3.35186 3.670801 -5.882102 9.861279 0.702589 -10.936864 -0.360576 7.156198 1e-06 8.774818 -2e-06 -15.701 18.883471 6.483167 -1.844032 2.498504 -2.507275 -10.163591 4.67894 4.621104 -20.976011 -5e-06 2e-06 -21.226273 2.451692 -3.593997 -0.0 -6e-06 -1e-06 -1.362681 2.240797 -0.746323 -21.3349 0.584906 3.008319 -13.821206 -5e-06 2e-06 -23.887157 -0.24908 -0.839482 -60.59211 3.087161 -1.354867 -0.294024 1.679687 0.833255 -14.218199 0.093214 1.300579 -34.212032 -0.287568 0.967169 -20.033201 0.964533 1.212843 -0.0 -0.0 -1e-06 -3.440387 0.788233 0.501656 -15.928177 -3.16731 2.999704 -6.338822 -1e-06 1e-06 -18.123434 3.648177 -4.905669 -3e-06 1e-06 -2e-06 -0.55397 21.627533 13.375372 44.744034 15.150295 -15.39151 -178.31781 72.488007 -178.985062 -11.453671 8.549326 9.273749 2.243541 -5.255033 -3.180155 14.282876 -0.826593 6.952497 -1e-06 -12.690596 -0.0 15.462052 -17.947252 3.083472 1.665663 -1.95592 -2.878297 4.727794 -4.170585 4.99392 11.020514 3e-06 -2e-06 12.109039 -3.735713 -2.866781 3e-06 -0.0 -0.0 1.291983 -1.928548 -1.498089 14.800112 0.567468 3.865604 14.242557 -1.341735 -6.660652 19.631945 0.143927 -0.648243 50.637257 -1.005933 -6.495893 0.35303 -1.511149 -0.03194 20.222769 3.684308 2.316628 18.787254 5e-06 -1e-06 10.751617 -0.479868 1.397904 -0.0 0.0 1e-06 3.273805 0.305947 -0.580109 21.48679 11.830366 2.266131 8.162919 1e-06 -0.0 18.399067 -3.798984 -4.940571 3e-06 1e-06 -1e-06 4.922086 -0.05403 -34.308842 0.050694 0.012598 54.594109 -9.290694 1.364881 -20.032145 1.619374 -2.119579 0.622251 0.0 0.0 2e-06 0.735303 -13.815625 -32.544735 -0.088947 -0.227419 56.861629 3.247836 -3.866913 -24.550177 -1.41445 0.949553 0.651963 -0.0 0.0 -1e-06 
0.0 0.0 0.0 0.0 -0.0 0.0 -0.552213 89.779106 -0.182369 2.248758 9.776335 0.857135 3.089666 -0.670656 12.358137 1.374714 1.380307 1.154202 2.774277 0.47723 29.060928 -25.179272 9.674677 -1.741216 4.11698 17.201591 -2.785467 -7.592443 20.92543 -25.294615 7.6e-05 -2.3e-05 6e-06 0.038144 -0.28281 0.05287 0.661373 -3.901151 -10.149807 -0.594145 3.366863 -10.13564 -8.863305 -5.662296 16.939631 -56.843422 -17.862509 16.598797 177.796417 -69.805649 -177.686157 17.10663 3.963757 3.371933 -5.8821 9.861278 0.70259 -10.936859 -0.360575 7.156199 1e-06 8.774818 1e-06 -15.789651 18.883818 6.460939 -1.844031 2.498503 -2.507276 -10.163588 4.678941 4.621106 -20.976 -5e-06 2e-06 -21.226255 2.451694 -3.593997 -1e-06 -6e-06 -1e-06 -1.362681 2.240796 -0.746323 -21.334888 0.584909 3.00832 -13.821198 -4e-06 2e-06 -23.887142 -0.249079 -0.839481 -60.673847 3.097621 -1.378376 -0.294024 1.679685 0.833255 -14.218192 0.093214 1.300578 -34.212009 -0.287566 0.96717 -20.033192 0.964536 1.212843 -0.0 -0.0 2e-06 -3.440384 0.788233 0.501655 -15.928168 -3.167306 2.999706 -6.338819 -2e-06 2e-06 -18.123425 3.64818 -4.905665 -2e-06 -0.0 -4e-06 -1.439023 22.252701 13.110063 43.141941 14.416579 -15.98581 -178.386536 72.84906 -179.012146 -11.515388 8.145717 10.198647 2.243538 -5.255035 -3.180157 14.282889 -0.826594 6.952504 -3e-06 -12.6906 1e-06 15.420319 -18.024117 3.167909 1.665664 -1.955921 -2.878298 4.727799 -4.170586 4.993925 11.020523 4e-06 1e-06 12.109047 -3.735714 -2.866781 2e-06 -0.0 1e-06 1.291986 -1.928548 -1.498088 14.800129 0.567469 3.865608 14.242568 -1.341734 -6.660653 19.631966 0.143925 -0.64824 50.749104 -1.077564 -6.456476 0.353028 -1.51115 -0.031939 20.222788 3.684309 2.316632 18.78727 5e-06 2e-06 10.751627 -0.47987 1.397906 -0.0 1e-06 0.0 3.273807 0.305947 -0.58011 21.486813 11.83037 2.266135 8.162928 1e-06 2e-06 18.39908 -3.798985 -4.940572 3e-06 0.0 -2e-06 4.954457 -0.63987 -34.816547 0.024998 -0.043088 54.522194 -9.394002 0.336524 -18.94145 1.621505 -2.156294 0.606142 -0.0 0.0 2e-06 0.858727 -15.15592 -32.624699 -0.104026 -0.285698 57.310856 2.804994 -4.618029 -25.09004 -1.411927 0.940296 0.721402 -0.0 0.0 -1e-06 
0.0 0.0 0.0 0.0 -0.0 0.0 -1.72691 89.853508 -0.331128 2.884082 12.256894 1.169921 3.251213 -0.644367 12.478063 1.424522 1.646507 1.160381 2.752841 0.676746 28.863482 -27.289679 10.010832 -2.251686 4.261697 18.712467 -2.669765 -8.416518 22.682436 -25.897568 7.7e-05 -2.4e-05 6e-06 0.025454 -0.307602 0.067808 0.643938 -3.909001 -10.125191 -0.602378 3.328096 -10.094195 -9.153779 -5.146677 16.751478 -57.007847 -17.397749 17.303181 177.471268 -69.517517 -177.039719 17.26178 4.725381 2.939007 -5.882103 9.861283 0.70259 -10.936867 -0.360573 7.156204 0.0 8.774824 0.0 -15.86103 18.847469 6.432154 -1.844031 2.498503 -2.507277 -10.163595 4.678945 4.621108 -20.976017 -4e-06 1e-06 -21.226276 2.451696 -3.594 -1e-06 -5e-06 -1e-06 -1.362681 2.240798 -0.746323 -21.334906 0.584911 3.008322 -13.82121 -2e-06 3e-06 -23.887159 -0.249078 -0.839483 -60.732819 3.048766 -1.407105 -0.294024 1.679687 0.833256 -14.218203 0.093216 1.300581 -34.212036 -0.287564 0.967171 -20.033205 0.964538 1.212844 1e-06 -1e-06 0.0 -3.440387 0.788233 0.501657 -15.928181 -3.16731 2.999707 -6.338823 -2e-06 2e-06 -18.123442 3.648183 -4.905668 -3e-06 1e-06 -3e-06 -2.31613 22.953377 12.77242 41.581726 13.3349 -16.37188 -178.262421 72.953232 -178.797211 -11.411119 7.747842 10.685151 2.243541 -5.255033 -3.180157 14.282881 -0.826594 6.9525 -3e-06 -12.690597 1e-06 15.479458 -18.08396 3.179535 1.665666 -1.955921 -2.878297 4.727797 -4.170585 4.993922 11.020517 3e-06 -0.0 12.109043 -3.735714 -2.866782 0.0 0.0 1e-06 1.291985 -1.928549 -1.498088 14.800118 0.567468 3.865607 14.24256 -1.341734 -6.660654 19.631952 0.143924 -0.648243 50.915188 -1.124501 -6.404204 0.353031 -1.51115 -0.031941 20.222778 3.684307 2.316632 18.78726 4e-06 0.0 10.751622 -0.479869 1.397906 -0.0 -0.0 -0.0 3.273804 0.305947 -0.58011 21.486801 11.830368 2.266132 8.162924 1e-06 1e-06 18.399075 -3.798986 -4.94057 3e-06 0.0 -2e-06 4.813437 -1.235219 -35.517185 -0.026629 -0.123634 53.932247 -9.506366 -0.724915 -17.233561 1.629682 -2.204416 0.439916 0.0 -0.0 2e-06 0.978968 -16.642485 -32.763664 -0.10703 -0.317784 57.344227 2.44868 -5.814069 -25.460176 -1.405528 0.925343 0.781878 -0.0 0.0 -1e-06 
0.0 0.0 0.0 0.0 -0.0 0.0 -2.928627 90.166817 -0.510516 3.628411 15.396691 1.877532 3.347545 -0.724294 12.556584 1.486625 1.939082 1.239833 2.839526 0.800901 28.542198 -28.882439 10.050705 -3.009813 4.192772 19.933056 -2.571155 -9.088813 23.909893 -26.104671 7.6e-05 -2.2e-05 6e-06 0.027882 -0.319445 0.10165 0.636127 -3.911134 -10.093157 -0.590241 3.308818 -10.0467 -9.526724 -4.658762 16.37525 -57.163872 -16.7185 17.963234 177.584106 -69.039284 -176.849319 17.28974 5.254967 2.54942 -5.882107 9.861286 0.70259 -10.936873 -0.360575 7.156206 -1e-06 8.774824 -2e-06 -15.980795 18.698397 6.266284 -1.844032 2.498505 -2.507277 -10.1636 4.678947 4.621108 -20.976021 0.0 3e-06 -21.226286 2.4517 -3.594003 0.0 -5e-06 -1e-06 -1.362682 2.240799 -0.746323 -21.334913 0.584912 3.008323 -13.821217 -1e-06 2e-06 -23.887167 -0.249073 -0.839486 -60.616535 2.942795 -1.52369 -0.294024 1.679686 0.833257 -14.218208 0.093218 1.300581 -34.212051 -0.287559 0.967169 -20.033213 0.964537 1.212843 -0.0 -1e-06 1e-06 -3.440389 0.788234 0.501656 -15.928185 -3.167308 2.999708 -6.338827 0.0 3e-06 -18.123444 3.648183 -4.905671 -4e-06 1e-06 -2e-06 -3.010506 23.759418 12.359057 40.041683 11.901214 -16.466663 -177.724045 72.943733 -178.175903 -11.085087 7.309308 11.129806 2.24354 -5.255037 -3.180158 14.282887 -0.826595 6.952501 -1e-06 -12.6906 0.0 15.666596 -18.078457 3.067777 1.665666 -1.955922 -2.878299 4.727798 -4.170587 4.993923 11.020525 3e-06 -2e-06 12.109052 -3.735717 -2.866787 -0.0 -1e-06 1e-06 1.291984 -1.92855 -1.498089 14.800125 0.567468 3.865605 14.242569 -1.341736 -6.660661 19.631968 0.143926 -0.648248 51.066944 -1.162252 -6.428581 0.353029 -1.51115 -0.031941 20.222786 3.684308 2.316627 18.78727 5e-06 -3e-06 10.751626 -0.479869 1.397905 -1e-06 0.0 0.0 3.273806 0.305947 -0.58011 21.486809 11.830369 2.266132 8.162925 1e-06 -1e-06 18.399076 -3.798984 -4.940578 3e-06 0.0 -2e-06 4.384678 -1.685277 -36.47562 -0.017237 -0.158312 52.778194 -9.521122 -1.69805 -14.974804 1.688629 -2.220913 0.10265 -0.0 0.0 2e-06 1.114836 -18.346914 -33.07568 -0.142626 -0.403334 56.909386 2.246741 -7.128441 -25.565165 -1.406681 0.966619 0.824364 -0.0 0.0 -1e-06 
0.0 0.0 0.0 0.0 -0.0 0.0 -4.163485 90.510452 -0.712265 4.43769 19.13035 2.912264 3.467508 -0.681517 12.594629 1.575574 2.095499 1.318583 3.134742 0.922034 28.143147 -29.975454 9.869677 -3.609664 4.144042 20.767296 -2.533737 -9.593391 24.844095 -26.137562 7.7e-05 -2.2e-05 6e-06 0.019381 -0.298407 0.113856 0.625184 -3.89111 -10.096359 -0.597252 3.33365 -10.060966 -9.799394 -4.31785 16.201504 -57.395821 -16.170008 18.692514 177.344315 -68.312233 -176.335495 17.231306 5.656668 2.889234 -5.882102 9.861282 0.702589 -10.936865 -0.360576 7.156202 1e-06 8.774821 -1e-06 -16.098497 18.689426 6.190925 -1.844032 2.498504 -2.507277 -10.163594 4.678945 4.621106 -20.976013 -5e-06 -1e-06 -21.226274 2.451695 -3.594001 -0.0 -5e-06 -1e-06 -1.362681 2.240798 -0.746324 -21.334904 0.584907 3.008319 -13.821206 -5e-06 0.0 -23.887157 -0.249084 -0.839483 -60.640907 2.95853 -1.570287 -0.294024 1.679686 0.833256 -14.218201 0.093214 1.300578 -34.212029 -0.287568 0.967169 -20.033205 0.964534 1.212844 0.0 1e-06 1e-06 -3.440387 0.788233 0.501656 -15.928177 -3.167308 2.999705 -6.338823 -1e-06 0.0 -18.123438 3.648181 -4.905669 -4e-06 1e-06 -1e-06 -3.253593 24.537628 12.149779 38.241955 10.057888 -16.468546 -176.408447 72.849228 -176.813248 -10.838236 6.807135 11.522374 2.24354 -5.255032 -3.180154 14.282876 -0.826595 6.952498 -2e-06 -12.690594 1e-06 15.882948 -18.173807 3.04808 1.665665 -1.95592 -2.878296 4.727795 -4.170584 4.99392 11.020515 2e-06 -1e-06 12.10904 -3.735715 -2.866781 -1e-06 -0.0 1e-06 1.291985 -1.928548 -1.498087 14.800112 0.567466 3.865605 14.242558 -1.341735 -6.660653 19.631947 0.143926 -0.648245 51.195568 -1.205921 -6.39748 0.353029 -1.51115 -0.031939 20.222771 3.684304 2.316629 18.787254 4e-06 -1e-06 10.751619 -0.47987 1.397905 -1e-06 -0.0 -0.0 3.273802 0.305946 -0.58011 21.48679 11.830363 2.266129 8.162919 1e-06 -1e-06 18.399063 -3.798982 -4.940569 2e-06 1e-06 -2e-06 3.537286 -1.505778 -37.610565 -0.057841 -0.193023 51.11845 -9.466364 -2.563046 -12.481036 1.712482 -2.215589 -0.176834 -0.0 -0.0 2e-06 1.345268 -20.39992 -33.55106 -0.149069 -0.437011 56.202557 2.193234 -8.676439 -25.60211 -1.413927 0.999053 1.026639 -0.0 0.0 -1e-06 
0.0 0.0 0.0 0.0 -0.0 0.0 -5.43253 90.835938 -0.842665 5.381766 23.348791 4.191712 3.573664 -0.614343 12.585927 1.62471 2.321589 1.440096 3.656009 1.061949 27.642847 -30.626272 9.533346 -3.957771 3.971894 21.451977 -2.542855 -9.858854 25.367077 -25.927452 7.6e-05 -2.2e-05 6e-06 0.004597 -0.249029 0.099517 0.623061 -3.86211 -10.165181 -0.623905 3.403563 -10.141358 -9.906327 -3.898465 16.11846 -57.643047 -15.650927 19.35639 177.501526 -67.305489 -176.138367 17.118177 5.82215 3.257255 -5.882102 9.86128 0.702591 -10.936865 -0.360576 7.156204 0.0 8.774822 -0.0 -16.243637 18.70883 6.145449 -1.844031 2.498503 -2.507277 -10.163594 4.678942 4.621109 -20.976007 -4e-06 4e-06 -21.226273 2.451695 -3.593997 1e-06 -7e-06 -1e-06 -1.36268 2.240796 -0.746323 -21.334902 0.584909 3.008324 -13.821205 -3e-06 2e-06 -23.887156 -0.249077 -0.839479 -60.564865 2.973211 -1.524564 -0.294025 1.679686 0.833256 -14.218199 0.093215 1.300581 -34.212021 -0.287563 0.967171 -20.033199 0.964538 1.212844 0.0 -0.0 2e-06 -3.440387 0.788234 0.501655 -15.928177 -3.167309 2.999707 -6.338822 -1e-06 2e-06 -18.123434 3.648181 -4.905665 -5e-06 1e-06 -2e-06 -3.186405 25.199953 12.183071 36.649899 7.932164 -16.671171 -175.674515 72.499382 -176.113937 -10.585 6.143384 11.548604 2.24354 -5.255033 -3.180156 14.282888 -0.826593 6.952501 -3e-06 -12.6906 1e-06 15.940292 -18.235491 3.090894 1.665665 -1.95592 -2.878296 4.727796 -4.170587 4.99392 11.020522 3e-06 -1e-06 12.109048 -3.735714 -2.866781 0.0 0.0 -0.0 1.291984 -1.928549 -1.498089 14.800122 0.567469 3.865607 14.242566 -1.341736 -6.660652 19.63196 0.143926 -0.648243 51.22567 -1.209507 -6.325438 0.353029 -1.51115 -0.03194 20.222786 3.684309 2.316628 18.787266 6e-06 0.0 10.751622 -0.479866 1.397905 -0.0 0.0 -0.0 3.273804 0.305947 -0.580109 21.486809 11.830369 2.266132 8.162924 2e-06 -1e-06 18.399076 -3.798983 -4.940572 2e-06 0.0 -2e-06 2.076929 -0.277901 -38.637684 -0.067953 -0.118873 49.016132 -10.230824 -3.213232 -10.379555 1.722924 -2.215389 -0.171357 0.0 -0.0 2e-06 1.638122 -22.849012 -34.161263 -0.155696 -0.454328 55.493069 2.254341 -10.237198 -25.586313 -1.428831 1.030289 1.080661 0.0 0.0 -1e-06 
0.0 0.0 0.0 0.0 -0.0 0.0 -6.64534 91.163979 -0.932797 6.44155 27.365671 5.513139 3.591539 -0.556676 12.592045 1.6747 2.584983 1.495706 4.096828 1.284095 27.170965 -31.107029 9.305108 -4.018952 3.881363 22.000334 -2.52338 -9.950872 25.944654 -25.67724 7.7e-05 -2.3e-05 6e-06 -0.010515 -0.228205 0.087874 0.602748 -3.845253 -10.192246 -0.634537 3.427948 -10.159324 -9.90678 -3.250728 16.046234 -58.005848 -14.857289 19.487356 178.564743 -66.137924 -176.837967 17.015413 5.882389 3.313917 -5.882106 9.861286 0.702591 -10.936872 -0.360573 7.156208 0.0 8.774828 -0.0 -16.305593 18.742235 6.159009 -1.844033 2.498505 -2.507279 -10.1636 4.678946 4.62111 -20.976023 -5e-06 -0.0 -21.226288 2.451694 -3.594001 -0.0 -7e-06 -1e-06 -1.362682 2.240799 -0.746324 -21.334913 0.584908 3.008323 -13.821215 -2e-06 2e-06 -23.887171 -0.249081 -0.839484 -60.595242 2.979902 -1.59299 -0.294024 1.679686 0.833256 -14.218208 0.093216 1.300581 -34.212051 -0.287562 0.96717 -20.033215 0.964538 1.212844 -0.0 -0.0 1e-06 -3.440388 0.788232 0.501657 -15.928187 -3.167308 2.999707 -6.338827 -2e-06 1e-06 -18.123444 3.648183 -4.905671 -4e-06 1e-06 -2e-06 -2.932595 26.041595 12.435363 35.511982 5.833946 -16.771982 -174.864532 72.074593 -175.300919 -10.411699 5.82197 11.131075 2.24354 -5.255033 -3.180156 14.282881 -0.826596 6.952501 -2e-06 -12.690597 3e-06 15.952819 -18.277285 3.092528 1.665665 -1.95592 -2.878298 4.727797 -4.170585 4.993923 11.020518 3e-06 1e-06 12.109043 -3.735713 -2.866781 0.0 -0.0 -0.0 1.291984 -1.928549 -1.498089 14.800118 0.567467 3.865607 14.24256 -1.341736 -6.660652 19.631952 0.143924 -0.648242 51.152431 -1.258454 -6.274262 0.35303 -1.51115 -0.03194 20.222778 3.684306 2.316632 18.78726 3e-06 2e-06 10.751622 -0.47987 1.397907 -1e-06 0.0 -0.0 3.273804 0.305947 -0.58011 21.486799 11.830366 2.266133 8.162922 0.0 2e-06 18.399071 -3.798985 -4.940569 1e-06 -0.0 -1e-06 0.529236 1.287419 -39.247311 -0.053065 -0.02715 47.421692 -11.244742 -2.786723 -10.334992 1.690261 -2.156052 -0.054025 -0.0 -0.0 2e-06 1.833081 -25.358017 -34.751141 -0.18005 -0.520954 54.820293 2.202607 -11.2783 -25.5509 -1.440837 1.04073 1.183106 0.0 0.0 -1e-06 
0.0 0.0 0.0 0.0 -0.0 0.0 -7.763794 91.507904 -0.934168 7.547406 31.063766 6.850633 3.545309 -0.446381 12.57043 1.684613 2.86199 1.494471 4.471995 1.551702 26.832083 -31.620768 9.231829 -3.990155 3.839508 22.466827 -2.489536 -9.870893 26.484795 -25.249102 7.7e-05 -2.4e-05 6e-06 -0.020006 -0.21135 0.06821 0.576757 -3.833176 -10.242613 -0.627597 3.448434 -10.180012 -9.912338 -2.460636 15.913302 -58.3531 -13.864035 19.135574 179.966553 -65.073303 -177.994644 16.843393 5.962218 3.115944 -5.882101 9.861276 0.702592 -10.936864 -0.360575 7.156202 1e-06 8.774819 0.0 -16.238005 18.748814 6.208352 -1.844031 2.498502 -2.507275 -10.163592 4.67894 4.621107 -20.976006 -6e-06 6e-06 -21.226269 2.451694 -3.593993 -1e-06 -5e-06 -1e-06 -1.36268 2.240798 -0.746322 -21.334896 0.584909 3.008324 -13.821203 -2e-06 4e-06 -23.887148 -0.249079 -0.839478 -60.504803 2.939435 -1.573377 -0.294025 1.679686 0.833256 -14.218198 0.093213 1.300582 -34.212021 -0.287563 0.967176 -20.033199 0.964539 1.212847 1e-06 -0.0 1e-06 -3.440387 0.788232 0.501656 -15.928176 -3.16731 2.999707 -6.338821 0.0 2e-06 -18.123432 3.648181 -4.905663 -5e-06 2e-06 -2e-06 -2.594143 26.889214 12.800488 34.970119 4.242626 -16.955637 -174.471146 71.764908 -174.80101 -10.211589 5.609206 10.568007 2.24354 -5.255033 -3.180156 14.282887 -0.826595 6.952499 -2e-06 -12.690601 2e-06 15.964762 -18.269852 3.070232 1.665666 -1.95592 -2.878297 4.727797 -4.170586 4.993922 11.020522 4e-06 0.0 12.109048 -3.735714 -2.866782 -0.0 -0.0 -1e-06 1.291985 -1.928548 -1.498087 14.800122 0.567468 3.865605 14.242564 -1.341734 -6.660653 19.631956 0.143925 -0.648243 50.920082 -1.259544 -6.248622 0.353028 -1.51115 -0.031939 20.222784 3.684309 2.316629 18.787266 6e-06 0.0 10.751624 -0.479869 1.397906 1e-06 -1e-06 1e-06 3.273806 0.305947 -0.580111 21.486807 11.83037 2.26613 8.162924 1e-06 0.0 18.399076 -3.798983 -4.940571 2e-06 0.0 -1e-06 -0.550536 2.912801 -39.509331 -0.018786 0.05799 46.695885 -11.016726 -0.186442 -11.373526 1.68433 -2.088226 -0.143611 0.0 -2e-06 2e-06 2.028744 -27.698109 -35.277901 -0.194164 -0.563322 54.199219 2.103952 -12.048017 -25.396454 -1.444966 1.064087 1.20493 0.0 0.0 -1e-06 
0.0 0.0 0.0 0.0 -0.0 0.0 -8.783463 91.817383 -0.846281 8.630048 34.431252 8.141056 3.426829 -0.310407 12.518851 1.666959 3.072914 1.468745 4.72 1.842411 26.586594 -32.180557 9.177624 -3.916562 3.821531 23.016485 -2.459358 -9.657533 27.044872 -24.622553 7.7e-05 -2.2e-05 6e-06 -0.030708 -0.199532 0.048309 0.54599 -3.827641 -10.303175 -0.618118 3.463998 -10.205978 -9.940531 -1.636573 15.739887 -58.528896 -12.788325 18.755037 -179.140182 -64.374573 -178.812973 16.574232 6.099954 2.860295 -5.882099 9.861275 0.702591 -10.936859 -0.360575 7.156198 1e-06 8.774816 -1e-06 -16.12184 18.717211 6.281744 -1.84403 2.4985 -2.507274 -10.163589 4.67894 4.621103 -20.976 -5e-06 3e-06 -21.226259 2.451694 -3.593993 2e-06 -6e-06 -1e-06 -1.362679 2.240795 -0.746323 -21.334888 0.584908 3.00832 -13.821198 -3e-06 3e-06 -23.887142 -0.249079 -0.839481 -60.491394 2.926167 -1.49522 -0.294023 1.679686 0.833255 -14.218193 0.093211 1.300579 -34.212013 -0.287566 0.967173 -20.033194 0.964536 1.212845 2e-06 -1e-06 -0.0 -3.440384 0.788232 0.501655 -15.928168 -3.167306 2.999704 -6.338819 -1e-06 2e-06 -18.123425 3.648178 -4.905662 -4e-06 1e-06 -2e-06 -2.276877 27.620083 13.184629 35.196983 3.446404 -17.272696 -174.500015 71.654877 -174.711166 -9.984924 5.449285 10.178008 2.243539 -5.255034 -3.180155 14.282887 -0.826593 6.952503 -4e-06 -12.690598 0.0 15.972973 -18.208895 3.053347 1.665665 -1.95592 -2.878296 4.727797 -4.170584 4.993923 11.020521 3e-06 1e-06 12.109046 -3.735713 -2.866779 -0.0 0.0 0.0 1.291985 -1.928548 -1.498089 14.800123 0.56747 3.86561 14.242564 -1.341735 -6.66065 19.631958 0.143924 -0.648239 50.659584 -1.260475 -6.242302 0.353028 -1.51115 -0.03194 20.222784 3.684309 2.316635 18.787268 5e-06 4e-06 10.751625 -0.479869 1.397908 -1e-06 0.0 0.0 3.273806 0.305948 -0.580109 21.486809 11.83037 2.266137 8.162926 1e-06 3e-06 18.399076 -3.798985 -4.940569 2e-06 -0.0 -2e-06 -0.707672 4.3146 -39.379478 -0.00471 0.104917 46.938385 -9.839728 3.289795 -12.310013 1.705775 -2.066122 -0.273604 0.0 -1e-06 2e-06 2.211284 -29.658525 -35.685024 -0.182368 -0.578184 53.640247 2.051564 -12.719917 -25.235901 -1.446814 1.08085 1.11726 0.0 -0.0 -1e-06 
0.0 0.0 0.0 0.0 -0.0 0.0 -9.69278 92.02401 -0.658283 9.633594 37.622784 9.33025 3.286324 -0.177201 12.441869 1.631322 3.180604 1.432624 4.821525 2.092298 26.313641 -32.766884 9.118674 -3.821917 3.848437 23.540218 -2.45142 -9.367133 27.534925 -23.882097 7.7e-05 -2.3e-05 6e-06 -0.040384 -0.211785 0.034502 0.519674 -3.845078 -10.355959 -0.610048 3.454844 -10.234501 -9.903952 -0.898023 15.560361 -58.625092 -11.682301 18.698551 -178.958588 -64.187088 -179.046143 16.268633 6.209225 2.627326 -5.882105 9.861283 0.70259 -10.936868 -0.360574 7.156202 -0.0 8.774822 -1e-06 -15.987258 18.694799 6.368551 -1.844032 2.498503 -2.507276 -10.163595 4.678944 4.621107 -20.976017 -2e-06 3e-06 -21.226278 2.451698 -3.593998 0.0 -5e-06 -1e-06 -1.36268 2.240797 -0.746323 -21.334904 0.584911 3.008323 -13.821206 -0.0 2e-06 -23.887157 -0.249076 -0.839482 -60.516556 2.94923 -1.417775 -0.294024 1.679687 0.833256 -14.218203 0.093216 1.300581 -34.212036 -0.287561 0.96717 -20.033205 0.964536 1.212843 1e-06 -1e-06 1e-06 -3.440388 0.788233 0.501655 -15.928181 -3.167308 2.999707 -6.338823 -3e-06 2e-06 -18.12344 3.648184 -4.905667 -4e-06 1e-06 -1e-06 -2.063386 28.133907 13.466036 36.156551 3.425709 -17.547808 -174.837311 71.799278 -174.928619 -9.802146 5.300842 9.849114 2.243539 -5.255031 -3.180155 14.282874 -0.826592 6.952495 -3e-06 -12.690592 -1e-06 15.996892 -18.125874 3.019459 1.665665 -1.95592 -2.878298 4.727793 -4.170582 4.993918 11.020514 5e-06 -3e-06 12.109038 -3.735712 -2.866782 -1e-06 -0.0 -1e-06 1.291984 -1.928547 -1.498088 14.800112 0.56747 3.865603 14.242558 -1.341733 -6.660654 19.631948 0.143929 -0.648245 50.450901 -1.27291 -6.250597 0.353028 -1.511149 -0.03194 20.222769 3.684308 2.316626 18.787252 7e-06 -1e-06 10.751617 -0.479866 1.397904 -1e-06 -0.0 -1e-06 3.273803 0.305947 -0.580111 21.48679 11.830362 2.26613 8.162915 2e-06 -1e-06 18.399059 -3.798977 -4.940569 4e-06 0.0 -1e-06 0.117032 5.436115 -38.669048 -0.042199 0.084895 47.736687 -8.473193 6.476133 -12.818379 1.732235 -2.08375 -0.326864 -0.0 0.0 2e-06 2.407378 -31.331028 -35.994423 -0.160395 -0.58407 53.279877 2.070569 -13.345372 -25.210829 -1.448126 1.091454 0.984732 0.0 -0.0 -1e-06 
0.0 0.0 0.0 0.0 -0.0 0.0 -10.487885 92.10054 -0.387811 10.602229 40.763702 10.488754 3.138372 -0.059307 12.332829 1.578126 3.198135 1.372357 4.818639 2.264045 25.966852 -33.348049 9.089462 -3.762788 3.887495 23.910452 -2.469037 -9.053212 27.849119 -23.187626 7.6e-05 -2.1e-05 7e-06 -0.045466 -0.227678 0.022489 0.507427 -3.869388 -10.407934 -0.606982 3.444295 -10.277227 -9.800789 -0.338849 15.38329 -58.743092 -10.60675 19.028708 -179.235794 -64.427635 -178.831268 15.974463 6.107298 2.429325 -5.882102 9.861279 0.70259 -10.936867 -0.360575 7.156203 0.0 8.774821 -1e-06 -15.851849 18.711998 6.475109 -1.84403 2.498503 -2.507277 -10.163595 4.678942 4.621107 -20.976013 -4e-06 2e-06 -21.226278 2.451697 -3.593998 -1e-06 -5e-06 -1e-06 -1.362681 2.240796 -0.746323 -21.334906 0.584909 3.008324 -13.821208 -1e-06 3e-06 -23.887159 -0.249079 -0.839482 -60.51556 3.001033 -1.363621 -0.294027 1.679685 0.833256 -14.218204 0.093214 1.300581 -34.21204 -0.287564 0.967172 -20.033207 0.964537 1.212843 -0.0 -1e-06 0.0 -3.440387 0.788233 0.501656 -15.928179 -3.167309 2.999707 -6.338823 -0.0 2e-06 -18.123438 3.648181 -4.905668 -5e-06 1e-06 -2e-06 -1.926228 28.391399 13.584846 37.568359 3.815234 -17.735994 -175.339294 72.089104 -175.293228 -9.657498 5.317749 9.425633 2.243539 -5.255034 -3.180156 14.282881 -0.826594 6.952499 -2e-06 -12.690597 0.0 16.029696 -18.058756 2.951916 1.665665 -1.955921 -2.878298 4.727796 -4.170585 4.99392 11.020519 3e-06 -1e-06 12.109043 -3.735714 -2.866782 -1e-06 -0.0 -1e-06 1.291985 -1.928548 -1.498088 14.800118 0.567467 3.865606 14.24256 -1.341736 -6.660653 19.631952 0.143925 -0.648244 50.257515 -1.262323 -6.267977 0.353029 -1.51115 -0.03194 20.222778 3.684307 2.316631 18.787264 4e-06 -0.0 10.751622 -0.479868 1.397906 -1e-06 -1e-06 -0.0 3.273804 0.305947 -0.580109 21.486801 11.830368 2.266133 8.162921 1e-06 -0.0 18.399073 -3.798982 -4.94057 3e-06 0.0 -1e-06 1.649813 6.301211 -37.390587 -0.123856 -0.001961 48.467106 -7.438603 8.825718 -12.734909 1.751868 -2.117352 -0.423814 0.0 -0.0 2e-06 2.627714 -32.838402 -36.304626 -0.147316 -0.589596 53.155861 2.139328 -13.972413 -25.358295 -1.447575 1.0998 0.873359 -0.0 0.0 -1e-06 
0.0 0.0 0.0 0.0 -0.0 0.0 -11.17309 92.06073 -0.084422 11.554831 43.925652 11.62419 2.997851 -0.007221 12.181457 1.525333 3.145272 1.281749 4.732809 2.330611 25.60025 -33.868843 9.105334 -3.759577 3.891858 24.043798 -2.518448 -8.739259 27.924974 -22.571617 7.6e-05 -2.3e-05 6e-06 -0.047108 -0.248372 0.01228 0.507192 -3.896693 -10.455664 -0.609104 3.427051 -10.325624 -9.757525 -0.013015 15.305281 -58.773483 -9.690766 19.565853 -179.853424 -64.80735 -178.270569 15.695868 5.661371 2.157849 -5.882104 9.861283 0.702589 -10.93687 -0.360575 7.156202 1e-06 8.774821 -0.0 -15.739722 18.735893 6.564624 -1.844033 2.498502 -2.507279 -10.163595 4.678944 4.621107 -20.976021 -6e-06 -2e-06 -21.226284 2.451692 -3.594002 -1e-06 -5e-06 -1e-06 -1.362682 2.240798 -0.746323 -21.334911 0.584909 3.008321 -13.821211 -4e-06 0.0 -23.887167 -0.249082 -0.839484 -60.470016 3.026337 -1.325712 -0.294024 1.679688 0.833256 -14.218207 0.093214 1.300578 -34.212036 -0.287569 0.967167 -20.033209 0.964534 1.212843 -0.0 -1e-06 0.0 -3.440388 0.788234 0.501656 -15.928185 -3.167309 2.999705 -6.338824 -2e-06 1e-06 -18.123444 3.64818 -4.90567 -4e-06 1e-06 -2e-06 -1.71223 28.407864 13.677279 39.076187 4.261638 -17.985588 -175.782181 72.426071 -175.580872 -9.540792 5.50672 9.321832 2.243537 -5.255033 -3.180155 14.282874 -0.826593 6.9525 -2e-06 -12.690596 0.0 16.055502 -17.992453 2.893319 1.665663 -1.95592 -2.878295 4.727793 -4.170583 4.993922 11.020514 4e-06 -0.0 12.109036 -3.735713 -2.866781 0.0 0.0 -1e-06 1.291983 -1.928548 -1.498087 14.800112 0.567469 3.865607 14.242556 -1.341735 -6.66065 19.631945 0.143926 -0.64824 50.10112 -1.252134 -6.287505 0.353028 -1.511149 -0.031939 20.222769 3.684307 2.316632 18.787252 3e-06 3e-06 10.751617 -0.479869 1.397907 -1e-06 -1e-06 -0.0 3.273803 0.305947 -0.580109 21.486792 11.830365 2.266136 8.162919 1e-06 1e-06 18.399063 -3.798983 -4.940567 3e-06 0.0 -1e-06 3.54566 7.151206 -35.766159 -0.225346 -0.14956 49.06319 -6.988908 10.260586 -12.128627 1.760732 -2.170088 -0.536667 0.0 -0.0 2e-06 2.814801 -34.098579 -36.595943 -0.150969 -0.612481 53.243111 2.301499 -14.74137 -25.658697 -1.445341 1.106844 0.809697 0.0 0.0 -1e-06 
0.0 0.0 0.0 0.0 -0.0 0.0 -11.73345 91.903809 0.205662 12.540684 47.058445 12.755927 2.86473 -0.007911 12.019457 1.47077 3.046175 1.173441 4.57701 2.287274 25.254604 -34.311214 9.175643 -3.804007 3.872098 23.990206 -2.579587 -8.467391 27.829983 -22.011093 7.7e-05 -2.2e-05 6e-06 -0.05101 -0.270135 0.003834 0.508058 -3.924398 -10.506892 -0.616563 3.407579 -10.382251 -9.777225 0.112801 15.3305 -58.796333 -8.912446 20.070593 179.374023 -65.166092 -177.527542 15.425196 4.986427 1.784566 -5.882102 9.861276 0.70259 -10.936865 -0.360575 7.1562 2e-06 8.774815 -1e-06 -15.682972 18.730347 6.593714 -1.844033 2.498503 -2.507275 -10.163594 4.678941 4.621105 -20.976013 -3e-06 2e-06 -21.226273 2.451695 -3.593996 -1e-06 -6e-06 -1e-06 -1.362681 2.240794 -0.746323 -21.334904 0.584909 3.008321 -13.821206 -2e-06 2e-06 -23.887157 -0.249079 -0.839481 -60.421337 3.018114 -1.316494 -0.294024 1.679685 0.833256 -14.218199 0.093215 1.300579 -34.212032 -0.287562 0.967169 -20.033205 0.964535 1.212843 -1e-06 1e-06 1e-06 -3.440388 0.788233 0.501655 -15.928179 -3.167306 2.999705 -6.338823 -2e-06 1e-06 -18.12344 3.648179 -4.905665 -4e-06 1e-06 -2e-06 -1.489196 28.206364 13.727093 40.514427 4.609206 -18.242569 -176.103622 72.812325 -175.794067 -9.457518 5.755824 9.777427 2.243539 -5.255032 -3.180155 14.282878 -0.826591 6.952494 -4e-06 -12.690593 0.0 16.118938 -17.945335 2.87516 1.665665 -1.95592 -2.878296 4.727793 -4.170582 4.993918 11.020515 5e-06 -3e-06 12.109039 -3.735709 -2.866781 -1e-06 -0.0 -1e-06 1.291984 -1.928548 -1.498088 14.800115 0.56747 3.865604 14.242559 -1.341733 -6.660651 19.631948 0.143929 -0.648243 50.038918 -1.274758 -6.296716 0.353029 -1.511149 -0.031941 20.222773 3.684309 2.316628 18.787256 8e-06 -1e-06 10.751619 -0.479866 1.397905 -1e-06 0.0 0.0 3.273803 0.305947 -0.580111 21.486795 11.830366 2.266129 8.162919 3e-06 0.0 18.399065 -3.798977 -4.94057 3e-06 -0.0 -1e-06 5.565639 8.100136 -33.916721 -0.322766 -0.307969 49.388687 -6.861199 11.380662 -11.17072 1.773158 -2.229559 -0.674972 -0.0 0.0 2e-06 2.919707 -35.072815 -36.921986 -0.173295 -0.656087 53.648289 2.568005 -15.668333 -26.048267 -1.442177 1.112285 0.76907 -0.0 0.0 -1e-06 
0.0 0.0 0.0 0.0 -0.0 0.0 -12.175463 91.680038 0.444291 13.624344 50.136093 13.918844 2.72369 -0.037067 11.883797 1.402629 2.885402 1.065908 4.391515 2.161362 24.962646 -34.678146 9.303716 -3.895266 3.864776 23.783468 -2.638698 -8.245166 27.615505 -21.451111 7.7e-05 -2.1e-05 6e-06 -0.051127 -0.282691 0.000292 0.51622 -3.941037 -10.548171 -0.623528 3.395174 -10.428862 -9.87082 0.084199 15.408946 -58.841915 -8.221661 20.291605 178.59433 -65.571472 -176.837799 15.173996 4.098682 1.389185 -5.882098 9.861273 0.702591 -10.936863 -0.360577 7.156196 2e-06 8.774815 -0.0 -15.630649 18.721926 6.590009 -1.84403 2.498502 -2.507275 -10.163592 4.678939 4.621103 -20.976006 -8e-06 3e-06 -21.226269 2.451692 -3.593993 -0.0 -6e-06 -1e-06 -1.36268 2.240795 -0.746322 -21.334896 0.584906 3.00832 -13.821202 -3e-06 3e-06 -23.88715 -0.24908 -0.83948 -60.407356 3.003464 -1.336666 -0.294023 1.679685 0.833254 -14.218198 0.093212 1.300578 -34.212017 -0.287568 0.967172 -20.033194 0.964533 1.212845 -1e-06 -0.0 1e-06 -3.440387 0.788232 0.501656 -15.928174 -3.167309 2.999704 -6.338821 -2e-06 1e-06 -18.123428 3.648176 -4.905663 -4e-06 2e-06 -2e-06 -1.285921 27.838987 13.767655 41.723083 4.825991 -18.433699 -176.312805 73.237793 -175.945999 -9.372726 6.06175 10.533182 2.243539 -5.255033 -3.180155 14.282882 -0.826593 6.952499 -3e-06 -12.690596 3e-06 16.15242 -17.926085 2.854881 1.665665 -1.95592 -2.878298 4.727796 -4.170584 4.993921 11.020519 4e-06 -1e-06 12.109043 -3.735713 -2.866781 0.0 -1e-06 -1e-06 1.291985 -1.928548 -1.498088 14.80012 0.567469 3.865606 14.242563 -1.341734 -6.660653 19.631954 0.143927 -0.648242 49.953506 -1.314256 -6.312658 0.353029 -1.511149 -0.031939 20.22278 3.684309 2.316629 18.787262 5e-06 1e-06 10.75162 -0.479869 1.397906 -1e-06 -0.0 -1e-06 3.273805 0.305947 -0.580111 21.486801 11.830368 2.266131 8.162922 1e-06 0.0 18.399075 -3.798982 -4.94057 2e-06 0.0 -1e-06 7.497136 9.377552 -31.952784 -0.413821 -0.441689 49.420086 -6.322974 12.669125 -9.613738 1.788456 -2.285031 -0.807817 0.0 0.0 2e-06 2.909763 -35.822651 -37.255856 -0.203613 -0.701725 54.272045 2.944551 -16.73723 -26.464851 -1.437523 1.116805 0.76999 -0.0 -0.0 -1e-06 
0.0 0.0 0.0 0.0 -0.0 0.0 -12.544147 91.430855 0.606732 14.813791 53.109455 15.174174 2.602125 -0.085745 11.772444 1.340308 2.672595 0.970645 4.174151 1.974562 24.696226 -35.009071 9.458393 -4.006712 3.914688 23.472704 -2.684626 -8.064208 27.327888 -20.86968 7.7e-05 -2.3e-05 6e-06 -0.048751 -0.291861 -0.000595 0.527469 -3.954086 -10.585044 -0.629096 3.386268 -10.47095 -10.042718 -0.074319 15.467884 -58.880268 -7.548335 20.079372 178.05835 -66.081299 -176.343765 14.970108 3.130585 0.938544 -5.882106 9.861284 0.702589 -10.93687 -0.360577 7.156206 -0.0 8.774823 -1e-06 -15.573682 18.735956 6.576847 -1.844033 2.498505 -2.507278 -10.163601 4.678943 4.621109 -20.976023 -4e-06 2e-06 -21.226286 2.451695 -3.593999 0.0 -6e-06 -1e-06 -1.36268 2.240798 -0.746323 -21.334913 0.584907 3.008322 -13.821213 -2e-06 2e-06 -23.887167 -0.249078 -0.839483 -60.37627 2.982214 -1.364955 -0.294024 1.679689 0.833256 -14.218206 0.093216 1.30058 -34.212048 -0.287566 0.96717 -20.033209 0.964534 1.212844 -1e-06 0.0 1e-06 -3.440389 0.788231 0.501655 -15.928185 -3.167307 2.999707 -6.338827 -1e-06 1e-06 -18.123444 3.648181 -4.905671 -4e-06 2e-06 -2e-06 -1.179028 27.328642 13.754478 42.665478 4.966294 -18.395344 -176.33046 73.640854 -175.943207 -9.277051 6.379906 11.466191 2.243541 -5.255035 -3.180157 14.282883 -0.826595 6.952501 -2e-06 -12.690602 3e-06 16.168146 -17.939589 2.822339 1.665665 -1.955921 -2.878298 4.727796 -4.170587 4.993923 11.02052 2e-06 -1e-06 12.109048 -3.735716 -2.866783 -1e-06 -0.0 -0.0 1.291985 -1.928548 -1.498089 14.80012 0.567467 3.865606 14.242564 -1.341736 -6.660655 19.631954 0.143926 -0.648245 49.84771 -1.374844 -6.328685 0.353029 -1.51115 -0.031939 20.222784 3.684307 2.31663 18.787262 3e-06 -2e-06 10.751622 -0.479869 1.397905 -1e-06 -1e-06 0.0 3.273805 0.305947 -0.580111 21.486801 11.83037 2.266132 8.162922 0.0 1e-06 18.399076 -3.798985 -4.940573 2e-06 0.0 -1e-06 9.23829 11.098249 -29.969921 -0.479272 -0.528555 49.026138 -5.58937 14.522026 -8.000665 1.802856 -2.338163 -0.896467 -0.0 0.0 2e-06 2.82841 -36.361485 -37.627224 -0.227232 -0.72088 55.009289 3.416546 -17.833843 -26.860905 -1.432754 1.124441 0.826342 0.0 -0.0 -1e-06 
0.0 0.0 0.0 0.0 -0.0 0.0 -12.870643 91.21199 0.687032 16.162052 55.978298 16.575708 2.502144 -0.138029 11.680776 1.283951 2.418729 0.901944 3.954753 1.695439 24.463154 -35.26194 9.578566 -4.191716 4.014414 23.107626 -2.710435 -7.916602 27.013882 -20.192728 7.7e-05 -2.2e-05 6e-06 -0.046029 -0.307005 -0.002037 0.538951 -3.97277 -10.620708 -0.633917 3.372924 -10.510162 -10.271489 -0.334046 15.516828 -58.851105 -6.993464 19.556339 177.588013 -66.789604 -175.919113 14.763073 2.257482 0.491017 -5.882101 9.861277 0.702589 -10.936865 -0.360575 7.156201 2e-06 8.774817 -0.0 -15.533307 18.746117 6.55747 -1.844029 2.498502 -2.507277 -10.163593 4.678941 4.621107 -20.976009 -5e-06 3e-06 -21.226273 2.451695 -3.593997 -1e-06 -6e-06 -1e-06 -1.362681 2.240798 -0.746323 -21.3349 0.584908 3.008323 -13.821205 -2e-06 3e-06 -23.887156 -0.249079 -0.83948 -60.408272 2.950416 -1.413736 -0.294022 1.679685 0.833255 -14.218202 0.093215 1.30058 -34.212032 -0.287564 0.967172 -20.033201 0.964536 1.212845 -1e-06 0.0 1e-06 -3.440388 0.788233 0.501656 -15.928176 -3.167308 2.999705 -6.338821 -3e-06 1e-06 -18.12343 3.64818 -4.905665 -4e-06 1e-06 -2e-06 -1.163547 26.71068 13.675877 43.352497 5.096743 -18.189051 -176.383316 73.943993 -176.01416 -9.126737 6.675218 12.400536 2.243539 -5.25503 -3.180154 14.282874 -0.826593 6.952494 -4e-06 -12.690592 2e-06 16.146318 -17.971807 2.803346 1.665665 -1.955919 -2.878297 4.727793 -4.170583 4.993919 11.020514 5e-06 -2e-06 12.109037 -3.735709 -2.866781 -0.0 -0.0 0.0 1.291984 -1.928547 -1.498088 14.800112 0.567469 3.865602 14.242557 -1.341733 -6.660652 19.63195 0.143928 -0.648244 49.744835 -1.444735 -6.320609 0.353029 -1.511149 -0.031939 20.222769 3.684307 2.316626 18.787251 5e-06 -2e-06 10.751616 -0.479868 1.397904 -1e-06 0.0 -1e-06 3.273803 0.305947 -0.580111 21.486788 11.830363 2.266129 8.162917 2e-06 1e-06 18.399059 -3.79898 -4.940569 4e-06 -0.0 -1e-06 10.561781 13.358516 -28.175219 -0.514034 -0.553252 48.304173 -4.593484 16.781866 -6.275579 1.821358 -2.377153 -0.916769 0.0 -0.0 2e-06 2.6463 -36.782757 -37.98209 -0.234569 -0.723325 55.734688 3.973075 -18.9139 -27.155716 -1.42934 1.128598 0.942576 -0.0 0.0 -1e-06 
0.0 0.0 0.0 0.0 -0.0 0.0 -13.153193 91.028038 0.667722 17.615877 58.669891 18.094183 2.432362 -0.197647 11.602821 1.250625 2.140015 0.870524 3.768941 1.383225 24.234142 -35.473839 9.640428 -4.450504 4.138232 22.772514 -2.726841 -7.750912 26.700958 -19.462961 7.7e-05 -2.1e-05 6e-06 -0.042448 -0.310232 -0.001635 0.554272 -3.979769 -10.645142 -0.641021 3.371553 -10.538685 -10.526958 -0.644286 15.539524 -58.774689 -6.614933 18.900948 177.095642 -67.681244 -175.452103 14.497348 1.602782 0.072006 -5.882098 9.861269 0.70259 -10.936857 -0.360573 7.156198 1e-06 8.774809 -1e-06 -15.493888 18.730375 6.538782 -1.844029 2.4985 -2.507274 -10.163586 4.678938 4.621104 -20.975996 -3e-06 5e-06 -21.226259 2.451695 -3.593993 0.0 -7e-06 -1e-06 -1.36268 2.240794 -0.746322 -21.334887 0.584907 3.008322 -13.821196 -4e-06 5e-06 -23.887136 -0.249078 -0.839478 -60.511803 2.920048 -1.480553 -0.294024 1.679684 0.833255 -14.218189 0.093212 1.30058 -34.212006 -0.287564 0.967175 -20.033186 0.964536 1.212845 -1e-06 0.0 1e-06 -3.440387 0.788231 0.501655 -15.928165 -3.167307 2.999706 -6.338817 -1e-06 2e-06 -18.123423 3.648178 -4.90566 -4e-06 -0.0 -2e-06 -1.201813 26.077095 13.520164 43.792137 5.135945 -17.845901 -176.577011 74.087906 -176.242508 -8.969357 6.976579 13.369254 2.243539 -5.255032 -3.180154 14.282871 -0.826594 6.952495 -1e-06 -12.69059 -0.0 16.093723 -18.005335 2.779293 1.665664 -1.955919 -2.878293 4.727793 -4.170583 4.993915 11.020512 1e-06 -2e-06 12.109036 -3.735713 -2.86678 -1e-06 0.0 -1e-06 1.291984 -1.928547 -1.498087 14.800108 0.567467 3.865603 14.242554 -1.341737 -6.660649 19.631937 0.143924 -0.648244 49.624783 -1.503363 -6.333589 0.353029 -1.511149 -0.03194 20.222765 3.684304 2.316628 18.787249 3e-06 -0.0 10.751616 -0.479868 1.397904 -1e-06 1e-06 -1e-06 3.273802 0.305946 -0.58011 21.486788 11.83036 2.26613 8.162916 1e-06 -0.0 18.399059 -3.79898 -4.94057 3e-06 -0.0 -1e-06 11.34527 16.140421 -26.770958 -0.51727 -0.522949 47.500286 -3.294747 19.36685 -4.38538 1.841528 -2.416342 -0.984033 0.0 -0.0 2e-06 2.401748 -37.172367 -38.309277 -0.219778 -0.709203 56.370953 4.578552 -19.849495 -27.328362 -1.427925 1.132138 1.1003 -0.0 0.0 -1e-06 
0.0 0.0 0.0 0.0 -0.0 0.0 -13.375243 90.873421 0.543339 19.183529 61.22963 19.741493 2.38486 -0.271943 11.544971 1.237254 1.854338 0.848615 3.628881 1.08459 24.008615 -35.66222 9.697227 -4.724851 4.282468 22.469398 -2.749716 -7.579947 26.355345 -18.741278 7.6e-05 -2.2e-05 6e-06 -0.038156 -0.296135 0.000392 0.570315 -3.967009 -10.651448 -0.64756 3.384778 -10.553288 -10.760573 -0.973003 15.554118 -58.708187 -6.36546 18.146671 176.588348 -68.679451 -174.954086 14.137639 1.014562 -0.473687 -5.882102 9.861283 0.702591 -10.936864 -0.360576 7.156201 1e-06 8.774822 -2e-06 -15.472286 18.701777 6.512669 -1.844029 2.498502 -2.507277 -10.163593 4.678941 4.621107 -20.976011 -4e-06 3e-06 -21.226273 2.451698 -3.593998 -0.0 -6e-06 -1e-06 -1.36268 2.240798 -0.746324 -21.334904 0.584905 3.008323 -13.821206 -2e-06 2e-06 -23.887157 -0.249079 -0.839481 -60.659225 2.903726 -1.534381 -0.294023 1.679686 0.833255 -14.2182 0.093213 1.30058 -34.212029 -0.287565 0.967173 -20.033201 0.964539 1.212845 -1e-06 0.0 2e-06 -3.440386 0.788233 0.501655 -15.928176 -3.16731 2.999707 -6.338822 -4e-06 1e-06 -18.123434 3.648181 -4.905666 -4e-06 -0.0 -2e-06 -1.236304 25.497179 13.403159 44.010052 5.068233 -17.422148 -176.696136 74.143341 -176.421432 -8.906238 7.334817 14.212132 2.24354 -5.255034 -3.180155 14.282881 -0.826595 6.952498 -0.0 -12.690598 -0.0 16.058123 -18.046213 2.764659 1.665665 -1.955921 -2.878297 4.727796 -4.170585 4.993923 11.020518 3e-06 -1e-06 12.109042 -3.735714 -2.866784 1e-06 -1e-06 1e-06 1.291985 -1.928549 -1.49809 14.800118 0.567467 3.865606 14.242562 -1.341736 -6.660653 19.631952 0.143925 -0.648243 49.526173 -1.520302 -6.356759 0.353029 -1.51115 -0.031941 20.222778 3.684307 2.31663 18.78726 3e-06 0.0 10.751621 -0.479869 1.397905 -1e-06 -0.0 1e-06 3.273805 0.305947 -0.58011 21.486799 11.830368 2.266133 8.162921 1e-06 2e-06 18.399067 -3.798985 -4.940571 3e-06 -0.0 -1e-06 11.535056 19.573261 -25.840801 -0.525832 -0.480241 46.800201 -1.836968 21.776611 -2.451632 1.860076 -2.441291 -1.183164 -1e-06 0.0 2e-06 2.108009 -37.602737 -38.576077 -0.204766 -0.707789 56.899979 5.258954 -20.621342 -27.445402 -1.428404 1.139469 1.276227 0.0 -0.0 -1e-06 
0.0 0.0 0.0 0.0 -0.0 0.0 -13.530005 90.744675 0.335964 20.93668 63.737415 21.574961 2.35474 -0.350861 11.492226 1.235681 1.58496 0.810798 3.535552 0.795645 23.816774 -35.767887 9.751287 -4.984281 4.480948 22.133247 -2.75536 -7.455059 25.980022 -18.122875 7.6e-05 -2.1e-05 6e-06 -0.035154 -0.271417 0.004054 0.585283 -3.939974 -10.641921 -0.655982 3.404902 -10.55313 -10.875515 -1.319659 15.584767 -58.731922 -6.196633 17.270531 176.225433 -69.64473 -174.555939 13.678097 0.507694 -1.111417 -5.882105 9.861279 0.702589 -10.936865 -0.360575 7.156201 2e-06 8.774819 2e-06 -15.420607 18.697243 6.510586 -1.844032 2.498502 -2.507276 -10.163594 4.67894 4.621107 -20.976011 -5e-06 3e-06 -21.226273 2.451695 -3.593995 -0.0 -6e-06 -1e-06 -1.362683 2.240797 -0.746323 -21.334906 0.584907 3.008322 -13.821208 -2e-06 3e-06 -23.887161 -0.249079 -0.839481 -60.802094 2.908283 -1.573586 -0.294023 1.679687 0.833254 -14.218204 0.093216 1.300581 -34.21204 -0.287564 0.96717 -20.033205 0.964536 1.212843 -0.0 -2e-06 1e-06 -3.440387 0.788233 0.501655 -15.928181 -3.167309 2.999706 -6.338824 -1e-06 1e-06 -18.12344 3.648181 -4.905668 -4e-06 -0.0 -2e-06 -1.230726 24.942585 13.334831 44.07761 4.900749 -16.921068 -176.48793 74.130943 -176.295044 -8.92212 7.692607 14.833713 2.243537 -5.25503 -3.180153 14.282872 -0.826593 6.952497 -3e-06 -12.69059 2e-06 16.023846 -18.06538 2.766226 1.665664 -1.955919 -2.878295 4.727792 -4.170582 4.993918 11.020512 5e-06 -1e-06 12.109035 -3.735709 -2.866779 0.0 -0.0 0.0 1.291983 -1.928547 -1.498087 14.800108 0.567469 3.865605 14.242553 -1.341734 -6.660646 19.631941 0.143927 -0.648241 49.485516 -1.496063 -6.361304 0.353028 -1.511149 -0.03194 20.222765 3.684308 2.316629 18.787249 7e-06 3e-06 10.751615 -0.479868 1.397908 0.0 -0.0 2e-06 3.273802 0.305947 -0.580109 21.486788 11.830361 2.266131 8.162916 2e-06 1e-06 18.399059 -3.798981 -4.940566 3e-06 0.0 -1e-06 11.132 23.580582 -25.417187 -0.521086 -0.420713 46.331989 -0.312616 24.107389 -1.056156 1.871385 -2.444876 -1.495714 1e-06 -0.0 2e-06 1.746179 -38.086536 -38.770485 -0.203804 -0.735112 57.343754 5.962883 -21.312874 -27.474194 -1.429305 1.147785 1.421303 -0.0 0.0 -1e-06 
0.0 0.0 0.0 0.0 -0.0 0.0 -13.616511 90.62381 0.050557 22.873125 66.16967 23.603256 2.330471 -0.428227 11.423837 1.238577 1.359625 0.76682 3.468362 0.515632 23.676416 -35.70356 9.76564 -5.275766 4.692539 21.750986 -2.731197 -7.383749 25.622229 -17.599426 7.7e-05 -2.3e-05 6e-06 -0.032811 -0.246811 0.00759 0.602083 -3.912348 -10.617147 -0.667713 3.423446 -10.53732 -10.867473 -1.655489 15.647765 -58.877113 -6.052757 16.251364 176.055161 -70.442924 -174.306259 13.093896 0.113147 -1.886621 -5.882098 9.861278 0.702589 -10.936861 -0.360575 7.156199 0.0 8.774817 -1e-06 -15.331335 18.693727 6.522428 -1.844033 2.498504 -2.507275 -10.163589 4.67894 4.621104 -20.976006 -5e-06 1e-06 -21.226269 2.451696 -3.593997 -0.0 -6e-06 -0.0 -1.362679 2.240797 -0.746322 -21.334896 0.584908 3.008321 -13.821199 -2e-06 3e-06 -23.887146 -0.249078 -0.839481 -60.886658 2.922789 -1.580711 -0.294026 1.679687 0.833256 -14.218197 0.093216 1.30058 -34.212013 -0.287564 0.967172 -20.033194 0.964536 1.212843 0.0 -1e-06 0.0 -3.440386 0.788232 0.501656 -15.928172 -3.167305 2.999706 -6.338821 -0.0 1e-06 -18.123428 3.648178 -4.905666 -4e-06 -0.0 -2e-06 -1.166165 24.425322 13.248449 44.078327 4.596869 -16.271606 -175.884705 74.030197 -175.798248 -9.006699 7.976801 15.371507 2.243539 -5.255032 -3.180153 14.282877 -0.826592 6.952491 -3e-06 -12.69059 -4e-06 16.013491 -18.089392 2.789925 1.665664 -1.955919 -2.878297 4.727794 -4.170581 4.993915 11.020516 4e-06 -1e-06 12.109042 -3.735711 -2.866781 0.0 -1e-06 1e-06 1.291985 -1.928547 -1.498085 14.800112 0.567469 3.865602 14.242559 -1.341735 -6.660651 19.63195 0.143927 -0.648245 49.517868 -1.439207 -6.375938 0.353029 -1.511149 -0.031942 20.222769 3.684308 2.316625 18.787252 7e-06 -2e-06 10.751616 -0.479866 1.397904 -1e-06 2e-06 -0.0 3.273803 0.305947 -0.580109 21.48679 11.830362 2.266129 8.162916 2e-06 -1e-06 18.399061 -3.798976 -4.94057 4e-06 1e-06 -1e-06 10.217533 27.899677 -25.419292 -0.487153 -0.352462 46.017433 0.756408 26.290232 -0.400365 1.867382 -2.446185 -1.838936 1e-06 1e-06 3e-06 1.299494 -38.550064 -38.903763 -0.213923 -0.784264 57.754467 6.698641 -21.924969 -27.407209 -1.429844 1.164616 1.499226 0.0 0.0 -1e-06 
0.0 0.0 0.0 0.0 -0.0 0.0 -13.666945 90.513016 -0.325709 24.992058 68.598663 25.789936 2.300387 -0.499432 11.338593 1.226117 1.192716 0.710789 3.474743 0.22116 23.606457 -35.390324 9.7859 -5.500667 4.858623 21.278751 -2.683845 -7.405161 25.242922 -17.196283 7.7e-05 -2.4e-05 5e-06 -0.024498 -0.236319 0.011519 0.622897 -3.898789 -10.588045 -0.671668 3.427793 -10.519349 -10.743426 -1.92537 15.623672 -59.032692 -5.834456 15.477757 175.725555 -70.988396 -173.889984 12.462818 -0.046433 -2.820294 -5.8821 9.861279 0.702591 -10.936863 -0.360576 7.156198 0.0 8.774818 -2e-06 -15.210534 18.660313 6.573256 -1.844032 2.498503 -2.507275 -10.163592 4.678941 4.621102 -20.976006 -4e-06 1e-06 -21.226271 2.451695 -3.593998 -0.0 -7e-06 -0.0 -1.362682 2.240795 -0.746321 -21.334898 0.584907 3.008319 -13.821203 -4e-06 1e-06 -23.887154 -0.249079 -0.839483 -60.942379 2.904428 -1.523858 -0.294026 1.679686 0.833255 -14.218202 0.093214 1.300578 -34.212021 -0.287567 0.967167 -20.033201 0.964534 1.212842 -0.0 -1e-06 0.0 -3.440385 0.788232 0.501655 -15.928174 -3.167311 2.999702 -6.338821 -3e-06 0.0 -18.123434 3.648178 -4.905666 -4e-06 -0.0 -2e-06 -1.104611 23.98011 13.211473 44.218426 4.219246 -15.650283 -175.279968 73.896866 -175.288971 -9.159411 8.202542 15.774158 2.243539 -5.255033 -3.180157 14.282876 -0.826593 6.952498 -3e-06 -12.690595 -1e-06 15.97464 -18.111645 2.840671 1.665665 -1.95592 -2.878296 4.727795 -4.170584 4.99392 11.020515 3e-06 -2e-06 12.10904 -3.735713 -2.866783 -1e-06 -1e-06 1e-06 1.291984 -1.928548 -1.498088 14.800115 0.567468 3.865604 14.242558 -1.341736 -6.660653 19.631948 0.143928 -0.648244 49.463036 -1.387514 -6.382843 0.353029 -1.51115 -0.03194 20.222773 3.684308 2.316628 18.787254 4e-06 0.0 10.751618 -0.479867 1.397906 -1e-06 1e-06 -1e-06 3.273804 0.305946 -0.580108 21.486795 11.830366 2.266132 8.162921 2e-06 -1e-06 18.399067 -3.798982 -4.94057 4e-06 1e-06 -1e-06 8.988562 31.775799 -25.71591 -0.453005 -0.301402 45.511272 0.820284 27.568144 -0.584866 1.855283 -2.445001 -2.041077 0.0 1e-06 1e-06 0.804339 -39.035797 -38.901966 -0.221225 -0.822415 58.126312 7.544247 -22.550566 -27.329723 -1.430797 1.18398 1.500931 -0.0 -0.0 -1e-06 
0.0 0.0 0.0 0.0 -0.0 0.0 -13.713121 90.438614 -0.820653 27.588324 71.058731 28.330248 2.229578 -0.564393 11.353909 1.227488 1.081435 0.645626 3.47335 -0.062845 23.591274 -34.863331 9.672414 -5.612128 5.050036 20.771433 -2.580678 -7.541928 24.963873 -16.937477 7.7e-05 -2.2e-05 6e-06 -0.006925 -0.250191 0.003185 0.634144 -3.902461 -10.5732 -0.649836 3.401111 -10.515033 -10.591834 -2.142388 15.429104 -59.106632 -5.436679 14.951697 175.54454 -71.353905 -173.606277 11.94105 -0.037221 -3.374591 -5.882099 9.861278 0.702589 -10.936861 -0.360576 7.156198 0.0 8.774819 1e-06 -15.145947 18.575216 6.532156 -1.844033 2.498502 -2.507276 -10.163589 4.67894 4.621104 -20.976006 -5e-06 -2e-06 -21.226269 2.45169 -3.593999 -1e-06 -8e-06 -1e-06 -1.36268 2.240796 -0.746322 -21.334892 0.584908 3.00832 -13.8212 -5e-06 1e-06 -23.887144 -0.249079 -0.839482 -61.015816 2.840148 -1.632956 -0.294025 1.679686 0.833255 -14.218195 0.093215 1.300577 -34.212013 -0.287568 0.967169 -20.033194 0.964533 1.212842 -1e-06 -1e-06 0.0 -3.440385 0.788234 0.501655 -15.928172 -3.167308 2.999704 -6.33882 -0.0 0.0 -18.123428 3.648177 -4.905666 -4e-06 1e-06 -2e-06 -1.042633 23.572205 13.248838 44.545998 3.832574 -15.033578 -174.659943 73.87957 -174.744263 -9.301261 8.511168 15.972377 2.24354 -5.255033 -3.180155 14.282881 -0.826595 6.952498 -2e-06 -12.690597 0.0 15.859327 -18.168058 2.857542 1.665665 -1.95592 -2.878296 4.727797 -4.170585 4.99392 11.020519 3e-06 -1e-06 12.109046 -3.735714 -2.866782 1e-06 -1e-06 1e-06 1.291985 -1.928548 -1.498087 14.800118 0.567467 3.865603 14.242559 -1.341736 -6.660653 19.631954 0.143926 -0.648244 49.568253 -1.394748 -6.449584 0.353029 -1.51115 -0.031939 20.222776 3.684307 2.316628 18.787264 4e-06 -0.0 10.751622 -0.479869 1.397904 -1e-06 1e-06 -0.0 3.273804 0.305947 -0.58011 21.486801 11.830367 2.266131 8.162923 2e-06 -1e-06 18.399075 -3.798982 -4.940573 3e-06 1e-06 -2e-06 7.666009 34.735634 -26.143179 -0.348345 -0.357082 44.595085 -0.821704 27.480099 -1.665169 1.84038 -2.403798 -1.952451 -0.0 0.0 2e-06 0.148038 -39.686485 -38.626896 -0.234324 -0.843473 58.363457 8.355244 -23.117413 -27.079208 -1.422987 1.147572 1.43841 -0.0 -0.0 -1e-06 
0.0 0.0 0.0 0.0 -0.0 0.0 -13.73064 90.41787 -1.340582 30.525267 73.426102 31.186552 2.175223 -0.5564 11.395748 1.177643 1.043874 0.647349 3.495151 -0.29964 23.596689 -34.258133 9.64942 -5.454101 5.106416 20.300476 -2.587216 -7.580358 24.366587 -16.755974 7.7e-05 -2.3e-05 5e-06 -0.002407 -0.220165 0.008444 0.644484 -3.869092 -10.561494 -0.651001 3.425139 -10.506386 -10.347445 -2.365276 15.353945 -59.113777 -5.062734 14.370716 175.843002 -71.574791 -173.775665 11.414751 0.198102 -3.685611 -5.882107 9.861284 0.70259 -10.936868 -0.360573 7.156204 0.0 8.774822 -2e-06 -15.214625 18.617163 6.492884 -1.844033 2.498505 -2.507277 -10.163599 4.678945 4.621108 -20.976021 -3e-06 3e-06 -21.226284 2.451696 -3.593999 0.0 -6e-06 -2e-06 -1.362681 2.240797 -0.746322 -21.334911 0.584911 3.008323 -13.821211 -1e-06 2e-06 -23.887167 -0.249078 -0.839483 -61.011917 2.843049 -1.645397 -0.294025 1.679687 0.833256 -14.218208 0.093216 1.300581 -34.212048 -0.287562 0.96717 -20.033211 0.964538 1.212843 -0.0 -1e-06 1e-06 -3.440387 0.788233 0.501655 -15.928183 -3.167307 2.999707 -6.338825 -1e-06 1e-06 -18.123444 3.648183 -4.905669 -3e-06 1e-06 -2e-06 -0.943465 23.124584 13.453951 45.104359 3.531975 -14.731651 -174.694885 73.786087 -174.85318 -9.365703 8.645351 15.790062 2.243539 -5.255031 -3.180152 14.282872 -0.826594 6.952493 -2e-06 -12.690592 0.0 15.781695 -18.206295 2.897982 1.665665 -1.95592 -2.878297 4.727793 -4.170583 4.993918 11.020514 2e-06 -2e-06 12.109038 -3.735713 -2.866783 1e-06 -1e-06 1e-06 1.291984 -1.928547 -1.498087 14.800108 0.567467 3.865602 14.242553 -1.341735 -6.660651 19.631945 0.143924 -0.648245 49.480083 -1.408502 -6.493028 0.353029 -1.511149 -0.031939 20.222765 3.684305 2.316627 18.787251 3e-06 -0.0 10.751615 -0.479868 1.397904 -1e-06 2e-06 -0.0 3.273803 0.305947 -0.58011 21.486786 11.830359 2.266129 8.162915 2e-06 -0.0 18.399061 -3.798981 -4.94057 2e-06 0.0 -2e-06 6.644101 36.479984 -26.89369 -0.299381 -0.343004 44.052574 -2.580649 26.67572 -3.317425 1.813902 -2.347386 -1.537294 -0.0 -0.0 2e-06 -0.479395 -40.139637 -38.146343 -0.246957 -0.83048 58.459305 9.264114 -23.927382 -26.884974 -1.421594 1.14927 1.386635 -0.0 -0.0 -1e-06 
0.0 0.0 0.0 0.0 -0.0 0.0 -13.721308 90.438614 -1.917746 34.11684 75.61367 34.653248 2.068545 -0.521366 11.471478 1.133079 1.057273 0.663976 3.391749 -0.415628 23.653557 -33.560337 9.657507 -5.158719 5.047882 19.777887 -2.638368 -7.628391 23.767212 -16.664326 7.8e-05 -2.2e-05 6e-06 -0.001275 -0.183005 0.019525 0.649975 -3.829768 -10.557282 -0.654072 3.459419 -10.508671 -10.117322 -2.519781 15.31471 -58.996136 -4.676356 13.842192 176.143799 -71.748711 -174.067383 10.930683 0.449097 -3.84507 -5.8821 9.861278 0.702587 -10.936863 -0.360576 7.156198 1e-06 8.774816 -1e-06 -15.278111 18.612045 6.423945 -1.844031 2.498505 -2.507276 -10.163589 4.678939 4.621102 -20.976006 -3e-06 4e-06 -21.226269 2.451695 -3.593996 -0.0 -7e-06 -1e-06 -1.36268 2.240796 -0.746323 -21.334896 0.584906 3.00832 -13.821202 -2e-06 3e-06 -23.887152 -0.249079 -0.839483 -60.939926 2.850016 -1.666686 -0.294023 1.679686 0.833254 -14.218197 0.093215 1.300579 -34.212021 -0.287567 0.967168 -20.033194 0.964535 1.212842 -1e-06 -1e-06 1e-06 -3.440385 0.788233 0.501655 -15.928176 -3.167308 2.999704 -6.33882 -2e-06 1e-06 -18.12343 3.648179 -4.905667 -3e-06 1e-06 -3e-06 -0.855016 22.804007 13.642373 45.823215 3.283813 -14.561539 -175.282547 73.731125 -175.482727 -9.387074 8.760842 15.389878 2.243541 -5.255034 -3.180156 14.282885 -0.826591 6.952499 -4e-06 -12.690598 -1e-06 15.731753 -18.195723 2.942255 1.665665 -1.95592 -2.878297 4.727797 -4.170584 4.993921 11.02052 5e-06 -2e-06 12.109046 -3.735713 -2.866783 1e-06 -1e-06 2e-06 1.291984 -1.928548 -1.498089 14.800123 0.567471 3.865604 14.242564 -1.341734 -6.660655 19.63196 0.143931 -0.648242 49.467506 -1.410751 -6.486149 0.353028 -1.51115 -0.031939 20.222786 3.684313 2.316629 18.787266 7e-06 0.0 10.751622 -0.479864 1.397906 1e-06 1e-06 -0.0 3.273806 0.305947 -0.580111 21.486807 11.830376 2.266132 8.162922 4e-06 1e-06 18.399073 -3.79898 -4.940572 5e-06 0.0 -1e-06 5.748227 37.540146 -27.569025 -0.269176 -0.317923 43.595024 -3.899192 25.641844 -4.702305 1.788074 -2.311971 -1.283049 -0.0 -1e-06 2e-06 -1.191337 -40.540779 -37.463459 -0.262515 -0.829753 58.362663 10.150455 -24.619028 -26.743776 -1.424729 1.16407 1.406154 -0.0 0.0 -1e-06 
0.0 0.0 0.0 0.0 -0.0 0.0 -13.692575 90.470947 -2.521322 38.332603 77.572075 38.723446 1.939106 -0.485844 11.597376 1.02137 1.204478 0.687749 3.218918 -0.368621 23.691837 -32.8372 9.775318 -4.828221 5.072141 19.194908 -2.67012 -7.83738 23.0597 -16.575336 7.7e-05 -2.2e-05 6e-06 0.009844 -0.215772 0.011844 0.672495 -3.863339 -10.576838 -0.653547 3.426356 -10.552316 -9.936316 -2.538141 15.401623 -58.728794 -4.446124 13.53664 175.836655 -71.948654 -173.690323 10.438561 0.624278 -4.182942 -5.882102 9.861279 0.702589 -10.936864 -0.360576 7.1562 -1e-06 8.774821 1e-06 -15.29977 18.524292 6.426386 -1.844031 2.498503 -2.507276 -10.163593 4.678942 4.621104 -20.976009 -3e-06 1e-06 -21.226273 2.451695 -3.593999 0.0 -7e-06 -1e-06 -1.362682 2.240798 -0.746322 -21.334904 0.584909 3.008321 -13.821205 -2e-06 1e-06 -23.887157 -0.24908 -0.839483 -60.888847 2.864267 -1.611641 -0.294027 1.679687 0.833254 -14.218198 0.093213 1.300578 -34.212032 -0.287566 0.96717 -20.033201 0.964534 1.212844 -0.0 -2e-06 1e-06 -3.440387 0.788231 0.501656 -15.928177 -3.167308 2.999705 -6.338821 -2e-06 1e-06 -18.123436 3.648178 -4.905667 -4e-06 1e-06 -2e-06 -0.730218 22.555357 13.871313 46.353142 3.036999 -14.420918 -176.241425 73.753716 -176.398849 -9.511349 9.029443 14.854934 2.24354 -5.255034 -3.180156 14.282883 -0.826592 6.952497 -3e-06 -12.690599 -1e-06 15.724667 -18.236685 2.94208 1.665666 -1.955921 -2.878297 4.727796 -4.170585 4.993918 11.020522 5e-06 -3e-06 12.10905 -3.735712 -2.866784 -0.0 -1e-06 1e-06 1.291986 -1.928548 -1.498087 14.800122 0.567469 3.865604 14.242564 -1.341736 -6.660653 19.631958 0.143927 -0.648244 49.341564 -1.391731 -6.430754 0.353029 -1.51115 -0.031939 20.222784 3.68431 2.316628 18.787266 6e-06 -1e-06 10.751622 -0.479868 1.397905 0.0 2e-06 -0.0 3.273806 0.305947 -0.580111 21.486805 11.830372 2.266131 8.162924 3e-06 -0.0 18.399076 -3.798982 -4.940575 3e-06 0.0 -1e-06 5.059222 38.035095 -28.091297 -0.270055 -0.26341 43.328648 -5.273513 24.600132 -6.138363 1.736646 -2.2857 -1.363769 -0.0 -1e-06 2e-06 -1.92833 -40.858345 -36.686932 -0.244582 -0.789763 58.166164 10.882862 -25.148756 -26.587709 -1.423527 1.076677 1.491298 -0.0 -0.0 -1e-06 
0.0 0.0 0.0 0.0 -0.0 0.0 -13.682556 90.540321 -3.170486 43.115776 79.392639 43.38324 1.823331 -0.405388 11.781586 0.959809 1.330837 0.706541 3.008833 -0.26682 23.769985 -32.219154 9.811154 -4.573924 4.911928 18.705597 -2.740825 -7.89826 22.41387 -16.60792 7.7e-05 -2.1e-05 6e-06 0.009086 -0.174394 0.02556 0.679545 -3.822193 -10.572917 -0.661973 3.46868 -10.551092 -9.797256 -2.519586 15.315117 -58.546143 -4.115303 12.990707 176.102066 -72.155685 -173.948502 9.918149 0.608673 -4.43342 -5.8821 9.861275 0.70259 -10.93686 -0.360574 7.156198 -1e-06 8.774819 -1e-06 -15.401796 18.490313 6.347533 -1.844031 2.498502 -2.507276 -10.163592 4.678942 4.621106 -20.976006 -4e-06 4e-06 -21.226269 2.451695 -3.593995 0.0 -5e-06 -1e-06 -1.362681 2.240797 -0.746323 -21.334896 0.584908 3.008322 -13.821203 -1e-06 3e-06 -23.887152 -0.249077 -0.839482 -60.847157 2.849109 -1.628122 -0.294025 1.679687 0.833255 -14.218193 0.093214 1.300579 -34.212021 -0.287565 0.967172 -20.033195 0.964535 1.212842 -0.0 -1e-06 -1e-06 -3.440386 0.788233 0.501656 -15.928172 -3.167308 2.999704 -6.33882 -2e-06 3e-06 -18.123428 3.648181 -4.905664 -3e-06 2e-06 -2e-06 -0.762895 22.496572 13.970135 46.741688 2.871165 -14.110027 -177.119629 73.699409 -177.226425 -9.586252 9.165609 14.603776 2.243539 -5.255033 -3.180155 14.28288 -0.826595 6.952501 -4e-06 -12.690595 1e-06 15.738708 -18.279844 2.939532 1.665666 -1.95592 -2.878296 4.727795 -4.170584 4.993921 11.020516 3e-06 -0.0 12.10904 -3.735714 -2.866781 -0.0 -1e-06 1e-06 1.291985 -1.928548 -1.498087 14.800115 0.567468 3.865607 14.242561 -1.341736 -6.66065 19.631952 0.143924 -0.648242 49.286709 -1.379152 -6.489129 0.353028 -1.51115 -0.031938 20.222776 3.684306 2.316629 18.787262 5e-06 2e-06 10.75162 -0.47987 1.397907 0.0 2e-06 0.0 3.273804 0.305947 -0.58011 21.486794 11.830364 2.266131 8.162922 1e-06 2e-06 18.399067 -3.798985 -4.940569 4e-06 0.0 -1e-06 4.575771 37.962238 -28.692579 -0.239165 -0.220246 43.364132 -5.908851 23.615368 -7.169897 1.713123 -2.293128 -1.278253 0.0 -0.0 2e-06 -2.529715 -41.185883 -35.89436 -0.260375 -0.782656 57.932701 11.577395 -25.474314 -26.340118 -1.430244 1.077253 1.527885 -0.0 0.0 -1e-06 
0.0 0.0 0.0 0.0 -0.0 0.0 -13.694731 90.627151 -3.870914 48.988209 81.070465 49.181705 1.717746 -0.30521 11.977328 0.879718 1.480793 0.744329 2.783679 -0.091806 23.867292 -31.732321 9.818134 -4.420183 4.804372 18.267231 -2.804144 -7.932489 21.798992 -16.6602 7.7e-05 -2.3e-05 6e-06 0.008036 -0.142928 0.030935 0.686832 -3.791786 -10.575054 -0.671487 3.501733 -10.553682 -9.707994 -2.460639 15.172861 -58.363857 -3.805997 12.36269 176.443481 -72.326653 -174.305023 9.446197 0.502038 -4.596458 -5.882101 9.861274 0.70259 -10.936861 -0.360575 7.156198 0.0 8.774815 -3e-06 -15.470725 18.418194 6.280787 -1.84403 2.498502 -2.507275 -10.163589 4.678937 4.621103 -20.976006 -2e-06 6e-06 -21.226267 2.451698 -3.593993 1e-06 -5e-06 -0.0 -1.36268 2.240795 -0.746321 -21.334896 0.584909 3.008322 -13.821203 -1e-06 5e-06 -23.887152 -0.249076 -0.839481 -60.874138 2.835512 -1.633769 -0.294025 1.679686 0.833254 -14.218195 0.093215 1.30058 -34.212021 -0.287562 0.967174 -20.033194 0.964537 1.212844 0.0 -2e-06 0.0 -3.440386 0.788233 0.501654 -15.928172 -3.167306 2.999705 -6.338819 -0.0 2e-06 -18.123432 3.64818 -4.905664 -2e-06 0.0 -3e-06 -0.92689 22.525982 13.988798 46.856518 2.918185 -13.661446 -177.659988 73.657288 -177.763168 -9.638905 9.262136 14.753161 2.243538 -5.255033 -3.180155 14.282883 -0.826591 6.952499 -4e-06 -12.690595 -1e-06 15.779555 -18.333492 2.922206 1.665666 -1.95592 -2.878296 4.727797 -4.170583 4.993919 11.020517 4e-06 -1e-06 12.109043 -3.73571 -2.866783 -0.0 -1e-06 1e-06 1.291984 -1.928548 -1.498087 14.80012 0.56747 3.865604 14.242566 -1.341733 -6.660653 19.631958 0.143927 -0.648241 49.252529 -1.370634 -6.507515 0.353028 -1.511149 -0.031943 20.222784 3.684311 2.31663 18.787266 8e-06 2e-06 10.751622 -0.479868 1.397907 -0.0 1e-06 -0.0 3.273805 0.305947 -0.580111 21.486807 11.830371 2.266134 8.162922 3e-06 1e-06 18.399071 -3.798979 -4.940569 4e-06 0.0 -2e-06 4.195228 37.426147 -29.319902 -0.223894 -0.192638 43.507721 -6.392087 22.831757 -8.084053 1.692029 -2.308149 -1.189931 0.0 0.0 2e-06 -3.059921 -41.470951 -35.141121 -0.268374 -0.773856 57.667534 12.249889 -25.612103 -26.017155 -1.439037 1.078612 1.530798 -0.0 -0.0 -1e-06 
0.0 0.0 0.0 0.0 -0.0 0.0 -13.714162 90.730194 -4.609979 56.638184 82.62352 56.798786 1.616411 -0.202997 12.190904 0.799115 1.646828 0.805522 2.545656 0.11483 24.000612 -31.321192 9.780066 -4.368196 4.675818 17.857092 -2.866576 -7.942309 21.251635 -16.740505 7.7e-05 -2.3e-05 6e-06 0.009269 -0.128917 0.031978 0.694818 -3.77721 -10.571478 -0.676879 3.515391 -10.549731 -9.679513 -2.402954 14.993855 -58.220848 -3.582148 11.605064 176.934189 -72.482101 -174.824203 9.125386 0.40481 -4.689143 -5.882101 9.861277 0.702592 -10.936861 -0.360576 7.156203 1e-06 8.774821 1e-06 -15.539729 18.357256 6.227538 -1.844032 2.498503 -2.507277 -10.163592 4.67894 4.621109 -20.976011 -4e-06 5e-06 -21.226273 2.451693 -3.593996 1e-06 -5e-06 -1e-06 -1.362679 2.240796 -0.746324 -21.3349 0.584908 3.008324 -13.821205 -4e-06 5e-06 -23.887157 -0.249078 -0.839478 -60.936058 2.835571 -1.636939 -0.294025 1.679685 0.833256 -14.218198 0.093213 1.300581 -34.212021 -0.287566 0.967175 -20.033197 0.964537 1.212845 -0.0 -0.0 0.0 -3.440386 0.788233 0.501656 -15.928176 -3.167308 2.999707 -6.338823 -1e-06 2e-06 -18.123432 3.648178 -4.905664 -2e-06 1e-06 -3e-06 -1.1378 22.657436 13.970895 46.65979 3.278189 -13.261294 -178.102631 73.723969 -178.193512 -9.707529 9.320486 15.306374 2.243539 -5.255034 -3.180155 14.282883 -0.826593 6.952499 -2e-06 -12.690598 -1e-06 15.86934 -18.399544 2.91024 1.665666 -1.95592 -2.878298 4.727797 -4.170585 4.993922 11.020519 4e-06 0.0 12.109043 -3.735714 -2.866781 0.0 -0.0 1e-06 1.291984 -1.928548 -1.498088 14.80012 0.567468 3.865606 14.242562 -1.341735 -6.660653 19.631958 0.143927 -0.648243 49.256641 -1.363352 -6.509096 0.353028 -1.511149 -0.031941 20.222784 3.684308 2.316632 18.787266 6e-06 0.0 10.751622 -0.479869 1.397906 0.0 1e-06 -0.0 3.273807 0.305947 -0.58011 21.486801 11.830368 2.266132 8.162923 2e-06 1e-06 18.399071 -3.798982 -4.940569 4e-06 0.0 -2e-06 3.899009 36.563896 -29.977362 -0.207109 -0.168514 43.729134 -6.757491 22.210375 -8.832284 1.67379 -2.315335 -1.117091 0.0 0.0 2e-06 -3.504446 -41.685276 -34.395588 -0.262233 -0.751742 57.324829 12.96703 -25.751812 -25.617062 -1.449705 1.090673 1.517108 -0.0 -0.0 -1e-06 
0.0 0.0 0.0 0.0 -0.0 0.0 -13.714224 90.851799 -5.380835 67.190422 83.963173 67.333832 1.506473 -0.108384 12.403555 0.714502 1.823296 0.895938 2.295061 0.322461 24.171961 -30.966709 9.732324 -4.37894 4.545978 17.475155 -2.932722 -7.916698 20.767242 -16.824139 7.7e-05 -2.4e-05 6e-06 0.010443 -0.125173 0.030288 0.69842 -3.772792 -10.569289 -0.677912 3.518383 -10.546327 -9.670405 -2.387674 14.806305 -58.183567 -3.47218 10.747132 177.585403 -72.600182 -175.533279 8.903347 0.424733 -4.663441 -5.882105 9.861284 0.70259 -10.936873 -0.360576 7.156209 1e-06 8.774826 -1e-06 -15.631594 18.310934 6.165786 -1.844032 2.498503 -2.507276 -10.163601 4.678942 4.621109 -20.976021 -2e-06 5e-06 -21.226286 2.451698 -3.593999 2e-06 -6e-06 -0.0 -1.36268 2.240795 -0.746323 -21.334913 0.584908 3.008326 -13.821213 -3e-06 5e-06 -23.887167 -0.249075 -0.839481 -60.959064 2.837013 -1.645941 -0.294024 1.679686 0.833257 -14.218209 0.093215 1.300582 -34.212048 -0.287562 0.967175 -20.033211 0.964538 1.212844 1e-06 -0.0 0.0 -3.440389 0.788234 0.501655 -15.928185 -3.167309 2.999709 -6.338825 -0.0 3e-06 -18.123444 3.648183 -4.905668 -3e-06 1e-06 -2e-06 -1.360464 22.873461 13.921291 46.236179 3.965676 -13.044369 -178.704376 73.958641 -178.779984 -9.884353 9.340311 16.183538 2.24354 -5.255035 -3.180156 14.28289 -0.826594 6.952503 -2e-06 -12.6906 -0.0 15.992287 -18.471605 2.898526 1.665666 -1.95592 -2.878299 4.7278 -4.170585 4.993922 11.020526 4e-06 1e-06 12.10905 -3.735714 -2.866782 1e-06 -0.0 -0.0 1.291987 -1.928549 -1.498088 14.800125 0.567468 3.865606 14.242568 -1.341735 -6.660655 19.631968 0.143926 -0.648244 49.322239 -1.355778 -6.506357 0.353029 -1.511149 -0.031941 20.222792 3.684309 2.316632 18.78727 4e-06 2e-06 10.751627 -0.47987 1.397906 -0.0 1e-06 0.0 3.273806 0.305948 -0.58011 21.486811 11.830371 2.266134 8.162926 1e-06 -0.0 18.39908 -3.798984 -4.940573 3e-06 1e-06 -1e-06 3.654096 35.558094 -30.622377 -0.185003 -0.142523 43.993534 -6.974225 21.757177 -9.431014 1.661384 -2.31331 -1.101702 -0.0 0.0 2e-06 -3.914347 -41.852242 -33.620422 -0.248656 -0.719702 56.898247 13.760332 -25.937244 -25.208187 -1.460304 1.107732 1.529735 -0.0 -0.0 -1e-06 
0.0 0.0 0.0 0.0 -0.0 0.0 -13.684733 90.984093 -6.182766 82.224861 85.005585 82.340683 1.397129 -0.014041 12.602733 0.635447 1.993627 1.00668 2.026304 0.542482 24.429253 -30.670645 9.672495 -4.462157 4.434833 17.130423 -2.99856 -7.859285 20.318943 -16.875738 7.7e-05 -2.1e-05 6e-06 0.009927 -0.119838 0.031418 0.696961 -3.767216 -10.566878 -0.677535 3.523726 -10.543036 -9.703886 -2.42436 14.641738 -58.210491 -3.480237 9.831537 178.359619 -72.628418 -176.432571 8.751338 0.41856 -4.546224 -5.8821 9.861278 0.702589 -10.936859 -0.360575 7.156197 0.0 8.774817 -2e-06 -15.766775 18.230881 6.067452 -1.84403 2.498503 -2.507275 -10.16359 4.67894 4.621103 -20.976004 -3e-06 3e-06 -21.226265 2.451695 -3.593999 2e-06 -5e-06 1e-06 -1.362679 2.240796 -0.746322 -21.33489 0.584908 3.008319 -13.821197 -5e-06 4e-06 -23.88714 -0.249077 -0.839482 -60.9333 2.798687 -1.656522 -0.294024 1.679685 0.833255 -14.218191 0.093214 1.300578 -34.212013 -0.287564 0.96717 -20.033188 0.964533 1.212842 0.0 -0.0 1e-06 -3.440386 0.788233 0.501656 -15.928168 -3.167308 2.999703 -6.33882 -1e-06 2e-06 -18.123425 3.648181 -4.905665 -3e-06 1e-06 -3e-06 -1.549835 23.152472 13.790607 45.656639 4.916915 -13.057092 -179.465744 74.305885 -179.557709 -10.204721 9.442146 17.237295 2.243542 -5.255037 -3.18016 14.282896 -0.826596 6.952506 -2e-06 -12.690605 1e-06 16.123545 -18.504913 2.863935 1.665666 -1.955922 -2.8783 4.727801 -4.170588 4.993926 11.020528 2e-06 -0.0 12.109056 -3.735714 -2.866785 2e-06 -1e-06 -0.0 1.291987 -1.928549 -1.49809 14.800132 0.567466 3.865609 14.242573 -1.341737 -6.660658 19.631971 0.143926 -0.648246 49.369736 -1.334074 -6.491807 0.35303 -1.51115 -0.031941 20.222797 3.684309 2.316631 18.787279 4e-06 0.0 10.751631 -0.47987 1.397907 0.0 1e-06 -0.0 3.273808 0.305946 -0.580111 21.486816 11.830374 2.266134 8.16293 1e-06 1e-06 18.399088 -3.798987 -4.940575 3e-06 1e-06 -1e-06 3.464331 34.467541 -31.235979 -0.161699 -0.109967 44.327812 -7.120465 21.387201 -9.96841 1.651994 -2.317439 -1.134945 -0.0 -1e-06 2e-06 -4.327305 -41.98777 -32.793766 -0.234354 -0.678604 56.445278 14.657398 -26.225794 -24.804882 -1.470546 1.129024 1.549757 -0.0 -1e-06 -1e-06 
0.0 0.0 0.0 0.0 -0.0 0.0 -13.615916 91.085434 -7.006424 103.062233 85.561119 103.121681 1.268408 0.092458 12.794098 0.563954 2.149908 1.112418 1.737841 0.773885 24.728102 -30.350212 9.594673 -4.549658 4.366271 16.794657 -3.046436 -7.765262 19.911573 -16.92363 7.7e-05 -2.2e-05 6e-06 0.012302 -0.126358 0.03704 0.70056 -3.773953 -10.564745 -0.676362 3.517507 -10.539973 -9.715487 -2.502414 14.520763 -58.295296 -3.589091 8.980447 179.025208 -72.580887 -177.326447 8.693409 0.357263 -4.123125 -5.882108 9.861288 0.70259 -10.936873 -0.360574 7.156208 -1e-06 8.774825 0.0 -15.883856 18.145651 5.96231 -1.844032 2.498505 -2.507278 -10.163603 4.678945 4.621111 -20.976027 -2e-06 6e-06 -21.22629 2.451699 -3.593999 0.0 -6e-06 0.0 -1.362682 2.240799 -0.746324 -21.334915 0.58491 3.008326 -13.821215 -4e-06 5e-06 -23.887173 -0.249077 -0.839481 -60.831699 2.766258 -1.678866 -0.294025 1.679687 0.833257 -14.218211 0.093215 1.300583 -34.212055 -0.287559 0.967173 -20.033215 0.964539 1.212844 1e-06 0.0 1e-06 -3.440389 0.788235 0.501656 -15.928189 -3.167308 2.99971 -6.338828 -1e-06 2e-06 -18.123446 3.648184 -4.90567 -2e-06 0.0 -2e-06 -1.718779 23.438211 13.570301 45.066097 6.098247 -13.212104 179.608826 74.733742 179.439255 -10.575115 9.562236 18.315651 2.243541 -5.255036 -3.180154 14.28289 -0.826594 6.9525 -3e-06 -12.690601 -1e-06 16.267275 -18.489031 2.814071 1.665668 -1.955919 -2.878298 4.727797 -4.170586 4.993923 11.020526 2e-06 1e-06 12.10905 -3.735716 -2.866783 2e-06 -1e-06 -0.0 1.291984 -1.928549 -1.49809 14.800127 0.567471 3.865606 14.242569 -1.341735 -6.660655 19.631966 0.143928 -0.648243 49.412888 -1.328075 -6.427928 0.353028 -1.51115 -0.031939 20.222794 3.684309 2.31663 18.78727 7e-06 1e-06 10.751629 -0.479867 1.397905 -0.0 1e-06 0.0 3.273805 0.305946 -0.58011 21.486809 11.830372 2.266132 8.162926 3e-06 0.0 18.399078 -3.798982 -4.940574 3e-06 2e-06 -1e-06 3.309361 33.374149 -31.820042 -0.138687 -0.076077 44.772778 -7.26135 21.051329 -10.519583 1.642707 -2.313102 -1.14569 0.0 0.0 2e-06 -4.804413 -42.077709 -31.862652 -0.219337 -0.632173 55.988037 15.596507 -26.610662 -24.493368 -1.480989 1.152024 1.557681 -0.0 -0.0 -1e-06 
0.0 0.0 0.0 0.0 -0.0 0.0 -13.508248 91.152962 -7.856859 126.10714 85.437859 126.097885 1.138421 0.200683 12.962007 0.494483 2.308454 1.202846 1.467619 1.032374 25.041857 -30.006552 9.518269 -4.608026 4.302038 16.435921 -3.078367 -7.648857 19.521498 -17.040365 7.7e-05 -2.3e-05 6e-06 0.015939 -0.131795 0.044321 0.70739 -3.780617 -10.558555 -0.676035 3.513214 -10.532144 -9.788859 -2.609821 14.43811 -58.381027 -3.78543 8.134812 179.663788 -72.488281 -178.143158 8.74901 0.340382 -3.369668 -5.882102 9.861279 0.70259 -10.936863 -0.360576 7.1562 0.0 8.774817 -2e-06 -15.927448 18.081779 5.873836 -1.844031 2.498504 -2.507276 -10.163592 4.678942 4.621105 -20.976011 -3e-06 3e-06 -21.226271 2.451697 -3.593998 -1e-06 -5e-06 -0.0 -1.36268 2.240798 -0.746324 -21.334898 0.584909 3.008321 -13.821206 -2e-06 3e-06 -23.887157 -0.249079 -0.839482 -60.642601 2.752405 -1.692312 -0.294025 1.679684 0.833255 -14.218198 0.093213 1.300581 -34.212021 -0.287564 0.967171 -20.033197 0.964536 1.212844 1e-06 -1e-06 1e-06 -3.440387 0.788233 0.501655 -15.928174 -3.167307 2.999705 -6.338822 -1e-06 2e-06 -18.123432 3.648182 -4.905668 -2e-06 1e-06 -2e-06 -1.829547 23.730017 13.286363 44.529026 7.35131 -13.44278 178.528717 75.215668 178.290039 -10.911641 9.730827 19.20023 2.243542 -5.255033 -3.180157 14.282886 -0.826595 6.952497 -2e-06 -12.690597 -2e-06 16.438457 -18.460932 2.751923 1.665666 -1.955921 -2.878298 4.727794 -4.170586 4.99392 11.020521 3e-06 -2e-06 12.109044 -3.735712 -2.866782 3e-06 -1e-06 -1e-06 1.291986 -1.928548 -1.498089 14.800123 0.567471 3.865604 14.242568 -1.341735 -6.660655 19.63196 0.143926 -0.648245 49.468582 -1.297275 -6.346078 0.35303 -1.51115 -0.03194 20.222784 3.684312 2.316629 18.787266 7e-06 -1e-06 10.751624 -0.479868 1.397906 0.0 1e-06 -1e-06 3.273805 0.305946 -0.58011 21.486807 11.830371 2.266133 8.162924 1e-06 -1e-06 18.399076 -3.798981 -4.940574 2e-06 1e-06 -0.0 3.195725 32.290253 -32.355946 -0.115483 -0.041058 45.30772 -7.424003 20.697813 -11.0808 1.634537 -2.294368 -1.086969 0.0 -2e-06 2e-06 -5.30554 -42.095978 -30.848106 -0.209819 -0.581969 55.493347 16.553476 -27.160583 -24.261274 -1.489439 1.174411 1.536534 -0.0 -1e-06 -1e-06 
0.0 0.0 0.0 0.0 -0.0 0.0 -13.344434 91.179344 -8.759541 145.294495 84.643242 145.191223 1.006817 0.330713 13.108562 0.427515 2.478664 1.271997 1.207791 1.277451 25.349747 -29.619303 9.430785 -4.633573 4.254387 16.035252 -3.098778 -7.526575 19.1628 -17.273228 7.5e-05 -2.2e-05 5e-06 0.018162 -0.137445 0.050591 0.711902 -3.789797 -10.55309 -0.675806 3.510114 -10.52422 -9.947617 -2.749655 14.367398 -58.488106 -3.985999 7.203268 -179.549225 -72.318222 -179.105942 8.926042 0.3898 -2.465881 -5.882102 9.861281 0.702591 -10.936865 -0.360576 7.156203 1e-06 8.774821 -2e-06 -16.017557 18.067892 5.778518 -1.84403 2.498502 -2.507277 -10.163594 4.678942 4.621107 -20.976009 -1e-06 6e-06 -21.226271 2.451697 -3.593996 0.0 -5e-06 -1e-06 -1.362681 2.240798 -0.746323 -21.3349 0.584909 3.008324 -13.821206 -4e-06 3e-06 -23.887152 -0.249078 -0.839481 -60.485241 2.740484 -1.684923 -0.294025 1.679688 0.833255 -14.2182 0.093216 1.300581 -34.212032 -0.287561 0.967173 -20.033203 0.964538 1.212844 0.0 -1e-06 0.0 -3.440386 0.788233 0.501656 -15.928176 -3.167309 2.999707 -6.338821 -1e-06 3e-06 -18.123434 3.648182 -4.905665 -2e-06 1e-06 -2e-06 -1.901212 24.002815 12.987531 44.153393 8.627878 -13.634936 177.38504 75.791191 177.114563 -11.146735 9.932843 19.812305 2.243538 -5.255033 -3.180154 14.282878 -0.82659 6.952497 -4e-06 -12.690595 0.0 16.591684 -18.452785 2.698421 1.665664 -1.955919 -2.878295 4.727795 -4.170584 4.993919 11.020516 6e-06 1e-06 12.109038 -3.735712 -2.866782 1e-06 -1e-06 1e-06 1.291981 -1.928548 -1.498088 14.800117 0.567472 3.865605 14.242559 -1.341733 -6.660651 19.631948 0.143929 -0.648241 49.511089 -1.261301 -6.280487 0.35303 -1.511148 -0.03194 20.222773 3.684312 2.316629 18.787256 9e-06 2e-06 10.751619 -0.479867 1.397907 0.0 -0.0 -0.0 3.273806 0.305948 -0.58011 21.486797 11.830371 2.266134 8.162921 4e-06 -1e-06 18.399065 -3.798979 -4.940569 3e-06 1e-06 -1e-06 3.084972 31.271687 -32.857582 -0.08739 -0.010105 45.969536 -7.55162 20.228081 -11.692428 1.630861 -2.253709 -0.959571 -0.0 -1e-06 2e-06 -5.887784 -42.154335 -29.700962 -0.211171 -0.533779 54.960476 17.510576 -27.813267 -24.074844 -1.492003 1.183332 1.504027 -0.0 -0.0 -1e-06 
0.0 0.0 0.0 0.0 -0.0 0.0 -13.091143 91.189598 -9.743761 158.490921 83.382416 158.304855 0.887259 0.462954 13.194342 0.37518 2.641365 1.332809 0.939582 1.524151 25.661686 -29.170567 9.321903 -4.699813 4.18617 15.633571 -3.117913 -7.413981 18.841005 -17.529451 7.6e-05 -2.2e-05 6e-06 0.019555 -0.147841 0.056529 0.713219 -3.803791 -10.548996 -0.674403 3.503335 -10.518591 -10.185004 -2.908185 14.295366 -58.620838 -4.17194 6.298949 -179.031357 -72.073349 -179.863876 9.202834 0.452568 -1.435228 -5.882105 9.861283 0.702591 -10.936871 -0.360574 7.156208 1e-06 8.774824 -0.0 -16.202454 18.089098 5.661864 -1.844032 2.498504 -2.507278 -10.163599 4.678944 4.621109 -20.976023 -3e-06 3e-06 -21.226286 2.451696 -3.593998 0.0 -5e-06 -1e-06 -1.362681 2.240797 -0.746324 -21.334911 0.58491 3.008326 -13.821213 -1e-06 4e-06 -23.887165 -0.249077 -0.83948 -60.397026 2.720049 -1.6685 -0.294025 1.679688 0.833256 -14.218207 0.093215 1.300581 -34.212048 -0.287563 0.967174 -20.033211 0.96454 1.212846 -1e-06 -1e-06 0.0 -3.440388 0.788232 0.501656 -15.928183 -3.167308 2.999708 -6.338825 -2e-06 3e-06 -18.123444 3.648182 -4.905668 -5e-06 1e-06 -2e-06 -1.944847 24.265509 12.740088 44.041122 9.79367 -13.74772 176.472153 76.394112 176.226913 -11.276342 10.030168 20.223551 2.243541 -5.255037 -3.180157 14.282895 -0.826594 6.952505 -4e-06 -12.690609 1e-06 16.697834 -18.430662 2.685376 1.665664 -1.955924 -2.8783 4.727798 -4.170587 4.993925 11.020528 3e-06 -2e-06 12.109052 -3.735717 -2.866785 1e-06 -1e-06 -0.0 1.291985 -1.92855 -1.498089 14.800129 0.567469 3.86561 14.242572 -1.341736 -6.66066 19.631969 0.143925 -0.648244 49.55772 -1.239669 -6.2377 0.353029 -1.511151 -0.031939 20.222795 3.68431 2.316631 18.787275 3e-06 2e-06 10.751629 -0.479867 1.397908 0.0 -1e-06 0.0 3.273808 0.305945 -0.58011 21.486816 11.830376 2.266134 8.162928 1e-06 -1e-06 18.399084 -3.798985 -4.940574 3e-06 1e-06 -0.0 2.931396 30.27173 -33.329845 -0.053134 0.022998 46.679615 -7.658826 19.701672 -12.402372 1.629482 -2.212198 -0.853865 -0.0 0.0 2e-06 -6.550115 -42.296986 -28.474148 -0.209166 -0.492487 54.422218 18.490473 -28.480282 -23.880459 -1.492001 1.186087 1.451723 -0.0 -0.0 -1e-06 
0.0 0.0 0.0 0.0 -0.0 0.0 -12.741226 91.204964 -10.814659 167.375931 81.876236 167.148819 0.79728 0.577341 13.23151 0.332604 2.793947 1.382718 0.680976 1.797991 25.914646 -28.681168 9.200334 -4.814199 4.132872 15.243345 -3.13281 -7.317024 18.562029 -17.75016 7.7e-05 -2.4e-05 6e-06 0.020144 -0.155104 0.061095 0.712667 -3.813613 -10.539532 -0.672443 3.498404 -10.511189 -10.472261 -3.073617 14.202024 -58.761982 -4.316215 5.546659 -178.915848 -71.803551 179.713715 9.616507 0.484981 -0.207503 -5.882106 9.861286 0.70259 -10.936869 -0.360576 7.156205 -0.0 8.774822 -0.0 -16.376249 18.102879 5.544898 -1.844032 2.498505 -2.507278 -10.163599 4.678944 4.621109 -20.976023 -3e-06 3e-06 -21.226284 2.451698 -3.594002 1e-06 -4e-06 -1e-06 -1.362681 2.240797 -0.746324 -21.334911 0.584911 3.008323 -13.82121 -2e-06 1e-06 -23.887167 -0.24908 -0.839482 -60.312805 2.702304 -1.656497 -0.294025 1.679687 0.833256 -14.218205 0.093215 1.30058 -34.212036 -0.287562 0.96717 -20.033205 0.964538 1.212844 1e-06 -0.0 0.0 -3.440388 0.788233 0.501656 -15.928185 -3.167308 2.999707 -6.338825 -1e-06 1e-06 -18.123444 3.648183 -4.90567 -5e-06 1e-06 -0.0 -1.987527 24.5467 12.540761 44.165668 10.777761 -13.826254 175.582855 76.919029 175.427414 -11.342296 9.939572 20.500351 2.24354 -5.255034 -3.180155 14.282876 -0.826596 6.952498 -1e-06 -12.690594 -1e-06 16.776781 -18.379097 2.683951 1.665663 -1.955921 -2.878297 4.727793 -4.170584 4.993919 11.020517 4e-06 -2e-06 12.10904 -3.735712 -2.866781 -1e-06 -2e-06 -0.0 1.291985 -1.928547 -1.498089 14.800115 0.567469 3.865603 14.242558 -1.341736 -6.660653 19.631948 0.143923 -0.648243 49.589401 -1.250181 -6.212308 0.353029 -1.51115 -0.03194 20.222775 3.684306 2.316629 18.787258 2e-06 -0.0 10.75162 -0.479871 1.397906 -0.0 0.0 -0.0 3.273803 0.305946 -0.58011 21.486795 11.830364 2.266131 8.16292 2e-06 -2e-06 18.399067 -3.798983 -4.940572 3e-06 -0.0 -1e-06 2.759258 29.268938 -33.817276 -0.019252 0.048551 47.433712 -7.670881 19.184038 -13.10489 1.628604 -2.176852 -0.770208 0.0 -0.0 2e-06 -7.233793 -42.501766 -27.21142 -0.203011 -0.462714 53.877583 19.483131 -29.063299 -23.661757 -1.493428 1.185318 1.397738 -0.0 -0.0 -1e-06 
0.0 0.0 0.0 0.0 -0.0 0.0 -12.323053 91.229607 -11.954909 173.576019 80.233643 173.342453 0.729893 0.681617 13.240918 0.289676 2.954116 1.411962 0.456574 2.096755 26.072718 -28.16917 9.081243 -4.929808 4.085491 14.930964 -3.139456 -7.220248 18.325016 -17.931223 7.8e-05 -2.3e-05 6e-06 0.020076 -0.157632 0.064559 0.711255 -3.819268 -10.528259 -0.670959 3.498954 -10.502116 -10.785968 -3.245777 14.16609 -58.926056 -4.48834 4.925241 -179.018173 -71.543427 179.532715 10.184711 0.554382 1.067892 -5.882104 9.861279 0.702591 -10.936868 -0.360575 7.156204 1e-06 8.774817 -1e-06 -16.523605 18.153648 5.463567 -1.844031 2.498503 -2.507277 -10.163597 4.67894 4.621109 -20.976021 -2e-06 4e-06 -21.226282 2.451697 -3.593997 0.0 -4e-06 -1e-06 -1.362681 2.240796 -0.746323 -21.334911 0.584908 3.008324 -13.821213 -2e-06 3e-06 -23.887163 -0.249078 -0.839481 -60.259701 2.692951 -1.670341 -0.294025 1.679687 0.833255 -14.218207 0.093214 1.300581 -34.212048 -0.287565 0.967174 -20.033211 0.964535 1.212844 1e-06 0.0 2e-06 -3.440388 0.788232 0.501656 -15.928185 -3.167308 2.999708 -6.338825 -1e-06 1e-06 -18.123444 3.648181 -4.905668 -5e-06 2e-06 -1e-06 -2.036364 24.819139 12.424398 44.467533 11.618883 -13.858679 174.743027 77.315811 174.747452 -11.358525 9.693942 20.495655 2.243542 -5.255032 -3.180155 14.28288 -0.826595 6.952499 -2e-06 -12.690597 1e-06 16.823759 -18.316231 2.682724 1.665664 -1.955921 -2.878298 4.727794 -4.170585 4.993922 11.020515 0.0 -3e-06 12.109043 -3.735713 -2.866783 -1e-06 -1e-06 1e-06 1.291983 -1.928548 -1.498088 14.800115 0.567467 3.865605 14.242558 -1.341736 -6.660651 19.631948 0.143925 -0.648245 49.611225 -1.264995 -6.175148 0.353028 -1.51115 -0.03194 20.222771 3.684303 2.316627 18.787256 1e-06 -2e-06 10.751619 -0.479869 1.397904 1e-06 0.0 0.0 3.273803 0.305946 -0.580111 21.48679 11.830362 2.266131 8.162919 -0.0 -1e-06 18.399067 -3.798984 -4.940572 3e-06 1e-06 -1e-06 2.575975 28.323145 -34.295837 0.006345 0.063246 48.210495 -7.624716 18.671078 -13.853971 1.630001 -2.145429 -0.715786 -0.0 1e-06 2e-06 -7.961672 -42.816067 -25.868832 -0.191958 -0.438804 53.3069 20.51651 -29.49577 -23.371981 -1.496715 1.178405 1.309376 -0.0 0.0 -1e-06 
0.0 0.0 0.0 0.0 -0.0 0.0 -11.86298 91.255081 -13.152005 178.19928 78.511322 177.969681 0.698083 0.787046 13.221682 0.246685 3.125894 1.424577 0.286224 2.411394 26.126047 -27.659409 8.988424 -4.984056 4.037049 14.672804 -3.141373 -7.10293 18.117146 -18.126423 7.7e-05 -2.3e-05 6e-06 0.017897 -0.153319 0.064997 0.70697 -3.818188 -10.520232 -0.670804 3.506853 -10.493112 -11.107688 -3.430792 14.174864 -59.134903 -4.706173 4.545063 -179.406662 -71.34491 179.689377 10.853946 0.609032 2.247646 -5.882106 9.861285 0.702589 -10.93687 -0.360575 7.156206 0.0 8.774826 -1e-06 -16.656654 18.220659 5.416548 -1.844033 2.498507 -2.507279 -10.163599 4.678944 4.621109 -20.976025 -2e-06 -1e-06 -21.226286 2.451695 -3.594004 -1e-06 -5e-06 -0.0 -1.362682 2.240798 -0.746324 -21.334913 0.58491 3.008322 -13.821213 -3e-06 1e-06 -23.887167 -0.24908 -0.839485 -60.257912 2.705158 -1.688543 -0.294025 1.679687 0.833256 -14.218208 0.093215 1.30058 -34.212048 -0.287565 0.967169 -20.033211 0.964535 1.212844 -1e-06 1e-06 1e-06 -3.440389 0.788234 0.501655 -15.928185 -3.167309 2.999707 -6.338825 0.0 1e-06 -18.123444 3.648181 -4.905674 -5e-06 0.0 -1e-06 -2.094553 25.064425 12.361972 44.886341 12.300885 -13.801309 174.008621 77.59388 174.192032 -11.354692 9.275395 20.127371 2.243541 -5.255036 -3.180159 14.282887 -0.826593 6.952503 -2e-06 -12.690601 1e-06 16.858545 -18.270325 2.671457 1.665665 -1.955921 -2.8783 4.727798 -4.170586 4.993926 11.020527 4e-06 -2e-06 12.109052 -3.735715 -2.866783 0.0 -1e-06 0.0 1.291984 -1.928548 -1.498088 14.800129 0.567467 3.865606 14.242571 -1.341737 -6.660656 19.631968 0.143926 -0.648245 49.619797 -1.28161 -6.149379 0.353029 -1.511151 -0.03194 20.222788 3.684309 2.316629 18.78727 6e-06 1e-06 10.751626 -0.479869 1.397906 0.0 0.0 0.0 3.273806 0.305948 -0.580112 21.486813 11.830373 2.266132 8.162928 2e-06 0.0 18.39908 -3.798983 -4.940573 3e-06 1e-06 -0.0 2.428293 27.390232 -34.724628 0.023992 0.079824 49.021629 -7.537005 18.166901 -14.653034 1.635978 -2.111558 -0.654302 0.0 1e-06 2e-06 -8.743711 -43.206028 -24.390316 -0.177774 -0.41284 52.675625 21.600964 -29.795761 -22.995773 -1.501529 1.168415 1.209416 0.0 0.0 -1e-06 
0.0 0.0 0.0 0.0 -0.0 0.0 -11.362462 91.285782 -14.404275 -178.306137 76.690872 -178.547668 0.692835 0.900209 13.187755 0.214127 3.285153 1.410266 0.160684 2.722977 26.1005 -27.143147 8.903262 -4.929597 3.996725 14.473271 -3.135708 -6.999805 17.935551 -18.411982 7.7e-05 -2.3e-05 6e-06 0.010652 -0.13908 0.062331 0.697488 -3.806764 -10.514174 -0.675877 3.524784 -10.483766 -11.402488 -3.673362 14.190886 -59.380852 -4.919276 4.302832 -179.847382 -71.185257 179.962708 11.5219 0.609761 3.241263 -5.882102 9.861278 0.702589 -10.936865 -0.360575 7.1562 1e-06 8.774822 -0.0 -16.769632 18.257524 5.389451 -1.844031 2.498502 -2.507277 -10.163592 4.678944 4.621105 -20.976009 -6e-06 -1e-06 -21.226273 2.451693 -3.593999 2e-06 -5e-06 -1e-06 -1.362681 2.240797 -0.746323 -21.3349 0.584909 3.008319 -13.821206 -2e-06 -0.0 -23.887156 -0.249083 -0.839484 -60.321445 2.722455 -1.688561 -0.294024 1.679687 0.833255 -14.218199 0.093212 1.300578 -34.212025 -0.28757 0.967167 -20.033201 0.964533 1.212842 -1e-06 0.0 2e-06 -3.440386 0.788233 0.501655 -15.928176 -3.167309 2.999703 -6.338824 -2e-06 1e-06 -18.123438 3.648177 -4.905667 -6e-06 1e-06 -1e-06 -2.170533 25.247852 12.30775 45.480919 12.819692 -13.617456 173.707962 77.77726 174.064102 -11.366778 8.694345 19.63213 2.243541 -5.255036 -3.180156 14.282887 -0.826595 6.952504 -0.0 -12.690601 1e-06 16.864342 -18.235451 2.673651 1.665664 -1.955923 -2.878298 4.727798 -4.170588 4.993924 11.020524 2e-06 1e-06 12.109048 -3.735715 -2.866782 -0.0 -2e-06 -0.0 1.291983 -1.928549 -1.498088 14.800123 0.567468 3.86561 14.242566 -1.341739 -6.660652 19.63196 0.143922 -0.648243 49.654045 -1.305286 -6.119244 0.353029 -1.51115 -0.031942 20.222784 3.684308 2.316634 18.787268 1e-06 2e-06 10.751625 -0.47987 1.397907 1e-06 0.0 -0.0 3.273806 0.305947 -0.580111 21.486805 11.83037 2.266136 8.162924 0.0 0.0 18.399076 -3.798987 -4.940573 3e-06 0.0 -1e-06 2.305919 26.418419 -35.053791 0.04454 0.098543 49.830662 -7.445879 17.71961 -15.563415 1.642785 -2.07622 -0.590887 -0.0 1e-06 2e-06 -9.648744 -43.554825 -22.716619 -0.158762 -0.379796 51.97974 22.767197 -29.957285 -22.488066 -1.507037 1.159409 1.027263 0.0 0.0 -1e-06 
0.0 0.0 0.0 0.0 -0.0 0.0 -10.784641 91.345848 -15.774843 -175.76683 74.778008 -176.036438 0.695778 1.014516 13.111516 0.188757 3.410815 1.362823 0.059728 3.010391 26.004599 -26.500704 8.797031 -4.756311 3.955609 14.324575 -3.123751 -6.924588 17.759825 -18.713657 7.7e-05 -2.2e-05 5e-06 -0.000593 -0.115207 0.055724 0.683022 -3.78404 -10.50616 -0.683907 3.550901 -10.474339 -11.655201 -3.963943 14.201594 -59.640053 -5.075512 4.188278 179.619904 -71.062607 -179.61145 12.18229 0.505942 4.059527 -5.882102 9.861279 0.70259 -10.936865 -0.360575 7.1562 0.0 8.774819 -1e-06 -16.866598 18.25526 5.396206 -1.844032 2.498504 -2.507275 -10.163593 4.678942 4.621106 -20.976009 -3e-06 5e-06 -21.226273 2.451697 -3.593993 0.0 -4e-06 -1e-06 -1.36268 2.240798 -0.746322 -21.3349 0.584907 3.008322 -13.821205 -2e-06 3e-06 -23.887154 -0.249077 -0.83948 -60.443916 2.763673 -1.673535 -0.294024 1.679685 0.833255 -14.218199 0.093215 1.30058 -34.212021 -0.287563 0.967175 -20.033199 0.964537 1.212842 -1e-06 0.0 1e-06 -3.440387 0.788231 0.501655 -15.928177 -3.167307 2.999705 -6.338823 -3e-06 2e-06 -18.123436 3.648182 -4.905665 -5e-06 1e-06 -3e-06 -2.234674 25.363234 12.196599 46.313702 13.126913 -13.325587 173.597946 77.871597 174.052689 -11.349062 7.900459 19.090456 2.24354 -5.255037 -3.18016 14.282887 -0.82659 6.9525 -3e-06 -12.690599 -3e-06 16.82443 -18.190121 2.67926 1.665665 -1.955921 -2.8783 4.727797 -4.170584 4.993923 11.020526 5e-06 -3e-06 12.109052 -3.735713 -2.866785 1e-06 -2e-06 -1e-06 1.291984 -1.92855 -1.498088 14.800127 0.56747 3.865606 14.242569 -1.341732 -6.660659 19.631966 0.14393 -0.648243 49.674202 -1.352491 -6.106922 0.353027 -1.511151 -0.03194 20.222788 3.684312 2.31663 18.78727 8e-06 -0.0 10.751625 -0.479867 1.397906 -0.0 0.0 -0.0 3.273806 0.305948 -0.58011 21.486813 11.830376 2.266135 8.162927 3e-06 -1e-06 18.39908 -3.798981 -4.940574 2e-06 1e-06 -1e-06 2.143935 25.418236 -35.225086 0.067817 0.130641 50.547131 -7.249528 17.319981 -16.501186 1.65264 -2.041304 -0.524178 -0.0 0.0 2e-06 -10.77085 -43.584347 -20.810707 -0.127949 -0.340867 51.2355 24.07513 -30.022886 -21.762817 -1.514634 1.144064 0.645719 0.0 0.0 -1e-06 
0.0 0.0 0.0 0.0 -0.0 0.0 -10.139601 91.374382 -17.239414 -173.94072 72.801102 -174.255661 0.748898 1.152474 13.013635 0.174928 3.529127 1.20206 -0.012509 3.199821 25.903439 -25.701941 8.671973 -4.509523 3.841556 14.320912 -3.083757 -6.752931 17.463911 -19.11264 7.7e-05 -2.3e-05 6e-06 -0.000578 -0.100889 0.0465 0.684868 -3.771037 -10.483728 -0.685744 3.568346 -10.441596 -11.773176 -4.21789 14.244182 -59.97773 -5.258444 3.985779 179.681656 -71.120651 -179.723969 12.733516 0.142393 4.718789 -5.882101 9.861278 0.702589 -10.936863 -0.360575 7.1562 0.0 8.774818 -1e-06 -16.977299 18.228155 5.370037 -1.844031 2.498503 -2.507277 -10.16359 4.678938 4.621106 -20.976009 -5e-06 2e-06 -21.226269 2.451694 -3.593998 0.0 -6e-06 -2e-06 -1.362678 2.240795 -0.746324 -21.334896 0.584908 3.008321 -13.821201 -1e-06 1e-06 -23.887146 -0.24908 -0.839482 -60.531261 2.773082 -1.687232 -0.294025 1.679687 0.833255 -14.218197 0.093213 1.300579 -34.212021 -0.287567 0.96717 -20.033197 0.964534 1.212844 0.0 -0.0 1e-06 -3.440385 0.788231 0.501655 -15.928174 -3.167308 2.999704 -6.338821 -1e-06 1e-06 -18.12343 3.648179 -4.905667 -4e-06 1e-06 -2e-06 -2.211058 25.353426 12.142825 47.222984 13.321112 -13.062715 173.249817 77.844727 173.824081 -11.385847 6.989343 18.203789 2.243541 -5.255034 -3.180156 14.282885 -0.826596 6.952499 -0.0 -12.690598 -0.0 16.697031 -18.362328 2.844409 1.665665 -1.955921 -2.878299 4.727797 -4.170588 4.993923 11.020522 3e-06 -1e-06 12.109048 -3.735716 -2.866781 1e-06 -2e-06 0.0 1.291984 -1.92855 -1.49809 14.800122 0.567467 3.865609 14.242564 -1.341737 -6.660654 19.631958 0.143925 -0.648244 49.65461 -1.37696 -6.216748 0.35303 -1.51115 -0.031941 20.222784 3.684307 2.31663 18.787268 3e-06 -1e-06 10.751624 -0.479869 1.397905 1e-06 0.0 -1e-06 3.273805 0.305946 -0.580111 21.486801 11.830369 2.266132 8.162923 1e-06 -1e-06 18.399075 -3.798985 -4.940573 3e-06 1e-06 -1e-06 1.892434 24.468287 -35.314415 0.086044 0.209201 51.256771 -6.831073 16.978233 -17.465191 1.653384 -2.035328 -0.403137 0.0 0.0 2e-06 -12.169374 -43.125252 -18.707846 -0.122196 -0.346439 50.609516 25.425978 -29.982822 -20.761019 -1.539357 1.113389 0.107878 -0.0 0.0 -1e-06 
0.0 0.0 0.0 0.0 -0.0 0.0 -9.446336 91.425919 -18.897661 -172.569016 70.676926 -173.00914 0.817063 1.184773 12.902404 0.18494 3.53493 1.085179 0.012821 3.425716 25.777582 -24.809717 8.522258 -4.236475 3.820913 14.341816 -3.050184 -6.556902 17.100985 -19.258152 7.7e-05 -2.2e-05 5e-06 -0.026807 -0.034154 0.027822 0.653412 -3.710445 -10.480306 -0.706894 3.641527 -10.447423 -11.883457 -4.371986 14.137294 -60.214237 -5.418846 4.183551 179.09082 -71.300499 -178.987747 13.40673 -0.231857 5.308825 -5.882102 9.861279 0.702591 -10.936865 -0.360574 7.156202 0.0 8.774821 -1e-06 -17.078484 18.245289 5.406236 -1.844031 2.498502 -2.507277 -10.163594 4.678944 4.621106 -20.976009 -3e-06 0.0 -21.226273 2.451696 -3.593999 0.0 -7e-06 -0.0 -1.36268 2.240797 -0.746322 -21.3349 0.584912 3.008321 -13.821205 -3e-06 1e-06 -23.887154 -0.249077 -0.839483 -60.680229 2.754013 -1.693148 -0.294024 1.679686 0.833255 -14.218198 0.093216 1.30058 -34.212032 -0.287561 0.967167 -20.033199 0.964537 1.212841 -0.0 1e-06 -1e-06 -3.440386 0.788233 0.501655 -15.928176 -3.167308 2.999706 -6.338822 -1e-06 1e-06 -18.123434 3.648182 -4.905669 -4e-06 2e-06 -3e-06 -2.0688 25.342403 12.028585 48.236946 13.188766 -12.569163 173.937576 77.638741 174.601227 -11.582759 6.140372 17.330002 2.243542 -5.255036 -3.180156 14.282885 -0.826597 6.952502 -1e-06 -12.690601 -1e-06 16.644161 -18.315189 2.840684 1.665665 -1.955921 -2.878298 4.727799 -4.170586 4.993922 11.020524 3e-06 -3e-06 12.10905 -3.735718 -2.866784 1e-06 -1e-06 0.0 1.291985 -1.928549 -1.49809 14.800123 0.567467 3.865606 14.242568 -1.341738 -6.660657 19.631962 0.143926 -0.648245 49.711121 -1.348097 -6.136057 0.353029 -1.511152 -0.03194 20.222784 3.684308 2.31663 18.78727 4e-06 -2e-06 10.751624 -0.479868 1.397904 1e-06 0.0 -1e-06 3.273807 0.305947 -0.580111 21.486803 11.830365 2.266133 8.162924 1e-06 -2e-06 18.399076 -3.798984 -4.940575 3e-06 1e-06 -1e-06 1.585588 23.393446 -35.15926 0.064639 0.191793 51.868996 -6.456944 16.766586 -18.617804 1.658468 -2.001054 -0.498639 -0.0 1e-06 2e-06 -13.799304 -41.676559 -16.571928 -0.035067 -0.229728 50.50634 26.875408 -30.119928 -19.03755 -1.552559 1.11608 -0.745533 0.0 0.0 -1e-06 
0.0 0.0 0.0 0.0 -0.0 0.0 -8.719033 91.397339 -20.704096 -171.462769 68.373405 -172.193237 0.98906 1.167013 12.788388 0.180949 3.624366 1.030268 0.208354 3.418053 25.62711 -23.889114 8.506271 -3.743745 3.733357 14.106254 -3.053985 -6.413359 16.834469 -19.368101 7.7e-05 -2.3e-05 5e-06 -0.034899 -0.01928 0.011016 0.642444 -3.699195 -10.48874 -0.712253 3.659801 -10.454032 -11.898054 -4.64749 14.041997 -60.445507 -5.540714 4.020492 179.41478 -71.55928 -179.310791 13.948475 -0.719949 5.745499 -5.882103 9.861284 0.702589 -10.936868 -0.360575 7.156203 0.0 8.774822 -2e-06 -17.049948 18.288454 5.465073 -1.844031 2.498504 -2.507277 -10.163595 4.678944 4.621106 -20.976015 -3e-06 -1e-06 -21.226278 2.451695 -3.594002 -1e-06 -6e-06 -1e-06 -1.362682 2.240798 -0.746323 -21.334906 0.584911 3.00832 -13.821209 -4e-06 -0.0 -23.887159 -0.249079 -0.839485 -60.709488 2.725739 -1.662575 -0.294024 1.679687 0.833256 -14.218204 0.093215 1.300578 -34.212036 -0.287565 0.967167 -20.033211 0.964535 1.212841 -1e-06 1e-06 -1e-06 -3.440386 0.788234 0.501655 -15.928179 -3.167308 2.999705 -6.338824 -1e-06 0.0 -18.123442 3.648181 -4.905671 -4e-06 -0.0 -2e-06 -1.782452 25.238697 12.168918 49.198929 13.027819 -12.315504 174.700989 77.335342 175.411743 -11.636553 5.528465 16.886045 2.243541 -5.255034 -3.180155 14.282883 -0.826594 6.952499 -1e-06 -12.690595 -1e-06 16.650894 -18.317535 2.834146 1.665663 -1.955922 -2.878298 4.727796 -4.170586 4.993923 11.020519 1e-06 -1e-06 12.109044 -3.735713 -2.866783 1e-06 -0.0 1e-06 1.291985 -1.928549 -1.49809 14.80012 0.567468 3.865606 14.242565 -1.341735 -6.660656 19.631958 0.143925 -0.648245 49.820251 -1.309906 -6.19886 0.353029 -1.511149 -0.031942 20.222784 3.684307 2.316629 18.787266 4e-06 -2e-06 10.751624 -0.479869 1.397904 1e-06 0.0 -1e-06 3.273805 0.305948 -0.580111 21.486801 11.830366 2.266132 8.162923 1e-06 -2e-06 18.399075 -3.798984 -4.940573 3e-06 0.0 -1e-06 1.387891 22.171616 -34.678776 0.080058 0.204838 52.424911 -6.026238 16.379318 -19.924948 1.662694 -1.899142 -0.536107 0.0 0.0 2e-06 -15.457373 -38.658737 -14.559377 0.109697 -0.04511 50.94693 27.648115 -30.395393 -16.502666 -1.568447 1.144675 -1.863461 -0.0 -0.0 -1e-06 
0.0 0.0 0.0 0.0 -0.0 0.0 -8.021331 91.380486 -22.571651 -170.696625 65.929901 -171.929153 1.227795 1.101022 12.715444 0.234108 3.654028 1.006607 0.482254 3.298628 25.563959 -22.940292 8.497465 -3.140231 3.670771 13.820109 -3.091741 -6.247374 16.461615 -19.342417 7.7e-05 -2.2e-05 5e-06 -0.036466 -0.02868 -0.013417 0.643349 -3.706253 -10.500281 -0.716399 3.647774 -10.461546 -11.761368 -4.916153 14.005658 -60.557716 -5.869427 3.87125 -179.943405 -71.849602 -179.947052 14.433117 -1.257195 5.84552 -5.882102 9.861278 0.70259 -10.936863 -0.360573 7.156199 -1e-06 8.774817 -2e-06 -17.012739 18.340591 5.491713 -1.84403 2.498501 -2.507275 -10.163592 4.67894 4.621105 -20.976004 0.0 4e-06 -21.226269 2.451697 -3.593994 1e-06 -6e-06 -0.0 -1.362681 2.240796 -0.746322 -21.334896 0.584909 3.008322 -13.821201 -3e-06 4e-06 -23.88715 -0.249073 -0.839481 -60.531712 2.684718 -1.680918 -0.294025 1.679687 0.833255 -14.218197 0.093215 1.300581 -34.212017 -0.287559 0.967172 -20.033197 0.964538 1.212842 -1e-06 1e-06 0.0 -3.440386 0.788232 0.501656 -15.928174 -3.167306 2.999706 -6.338821 0.0 2e-06 -18.123432 3.648183 -4.905665 -4e-06 -1e-06 -2e-06 -1.484477 25.069622 12.300073 50.185867 12.763197 -12.283537 175.075378 76.986816 175.958099 -11.815413 5.1305 16.448574 2.243539 -5.255034 -3.180156 14.28288 -0.826591 6.952493 -2e-06 -12.690592 -3e-06 16.670282 -18.325432 2.801336 1.665667 -1.95592 -2.878295 4.727796 -4.170583 4.99392 11.020519 2e-06 -4e-06 12.109047 -3.735712 -2.866785 1e-06 -0.0 -0.0 1.291984 -1.928548 -1.498088 14.800117 0.56747 3.8656 14.242564 -1.341733 -6.660657 19.631954 0.143929 -0.648247 49.87241 -1.240442 -6.219608 0.353027 -1.51115 -0.031939 20.222778 3.684307 2.316624 18.787258 8e-06 -5e-06 10.75162 -0.479864 1.397902 1e-06 0.0 0.0 3.273804 0.305947 -0.580111 21.486797 11.830364 2.266129 8.162921 2e-06 -2e-06 18.399067 -3.798976 -4.940574 2e-06 0.0 -1e-06 1.255987 20.612297 -33.787506 0.088096 0.221552 52.846733 -5.469082 16.027052 -21.220409 1.662342 -1.756641 -0.55634 -0.0 0.0 2e-06 -16.627977 -33.93161 -13.369885 0.291079 0.279228 52.557262 26.646664 -31.155403 -12.358255 -1.59614 1.211547 -3.476351 0.0 -1e-06 -1e-06 
0.0 0.0 0.0 0.0 -0.0 0.0 -7.381765 91.408646 -24.406191 -170.249619 63.336517 -172.240219 1.519674 1.040043 12.776146 0.311848 3.559113 1.037199 0.779214 3.05007 25.547192 -21.934 8.48511 -2.474105 3.588886 13.502451 -3.122922 -6.071803 15.941911 -19.255745 7.7e-05 -2.2e-05 5e-06 -0.03734 -0.037154 -0.024641 0.64614 -3.71297 -10.506079 -0.72123 3.636534 -10.463167 -11.336495 -5.168087 14.018802 -60.513695 -6.372089 3.820415 -179.137543 -72.027321 179.225281 14.730505 -1.728162 5.992079 -5.882099 9.861277 0.702591 -10.936863 -0.360575 7.1562 2e-06 8.774817 0.0 -16.946779 18.341164 5.52155 -1.84403 2.498502 -2.507276 -10.16359 4.678943 4.621106 -20.976006 -6e-06 1e-06 -21.226269 2.451691 -3.593996 2e-06 -6e-06 -2e-06 -1.362681 2.240796 -0.746323 -21.334898 0.584906 3.008321 -13.821203 -4e-06 2e-06 -23.887154 -0.249079 -0.839481 -60.336811 2.638809 -1.655789 -0.294025 1.679686 0.833255 -14.218197 0.093214 1.30058 -34.212021 -0.287565 0.967171 -20.033195 0.964535 1.212843 -1e-06 1e-06 0.0 -3.440386 0.788234 0.501656 -15.928174 -3.167307 2.999704 -6.338821 -2e-06 1e-06 -18.12343 3.64818 -4.905665 -4e-06 -1e-06 -1e-06 -1.228119 24.845957 12.424577 51.205696 12.468065 -12.257807 175.72258 76.572868 176.816742 -12.072807 4.906038 16.103899 2.243541 -5.255031 -3.180155 14.28288 -0.826594 6.952499 -3e-06 -12.690595 1e-06 16.689823 -18.319849 2.784002 1.665665 -1.955918 -2.878297 4.727798 -4.170585 4.993921 11.020519 2e-06 -0.0 12.109043 -3.735712 -2.866781 1e-06 -1e-06 -0.0 1.291985 -1.928548 -1.498088 14.800118 0.567469 3.865607 14.242561 -1.341734 -6.660653 19.631954 0.143926 -0.648241 49.912212 -1.180272 -6.179684 0.353028 -1.511149 -0.03194 20.222776 3.684309 2.316632 18.78726 5e-06 1e-06 10.751622 -0.479869 1.397906 -0.0 0.0 0.0 3.273806 0.305948 -0.580109 21.486801 11.830368 2.266132 8.162921 1e-06 0.0 18.399071 -3.798982 -4.940571 2e-06 0.0 -2e-06 1.17876 18.634493 -32.371517 0.109194 0.24788 53.023308 -4.838361 15.699199 -22.491987 1.659584 -1.645123 -0.522087 0.0 1e-06 2e-06 -16.805305 -27.000111 -13.556979 0.482488 0.746829 55.941643 21.352842 -32.274853 -5.322159 -1.632965 1.286443 -4.391891 -0.0 0.0 -1e-06 
0.0 0.0 0.0 0.0 -0.0 0.0 -6.796044 91.447678 -26.130373 -170.105988 60.669647 -173.120758 1.79975 1.034711 13.119606 0.387399 3.229681 1.05933 1.022038 2.784823 25.578197 -20.915985 8.42127 -1.797043 3.47901 13.184331 -3.129093 -5.893951 15.306144 -19.290537 7.7e-05 -2.3e-05 5e-06 -0.044106 -0.01356 -0.010033 0.644596 -3.694236 -10.480923 -0.733023 3.661952 -10.430826 -10.573768 -5.365197 14.095896 -60.196835 -7.028054 4.15217 -178.821762 -71.972816 178.965012 14.810751 -2.113612 6.239046 -5.882104 9.861282 0.70259 -10.936868 -0.360574 7.156202 0.0 8.774822 -2e-06 -16.851084 18.338226 5.6135 -1.844031 2.498504 -2.507276 -10.163595 4.678944 4.621106 -20.976013 -2e-06 1e-06 -21.226274 2.451696 -3.593999 2e-06 -6e-06 -1e-06 -1.36268 2.240798 -0.746322 -21.334908 0.584909 3.008322 -13.821208 -3e-06 2e-06 -23.887159 -0.249078 -0.839482 -60.367767 2.669315 -1.6087 -0.294025 1.679686 0.833256 -14.218201 0.093215 1.30058 -34.21204 -0.287562 0.96717 -20.033205 0.964536 1.212843 0.0 0.0 0.0 -3.440387 0.788233 0.501656 -15.928179 -3.167307 2.999706 -6.338823 -1e-06 1e-06 -18.12344 3.648182 -4.905669 -4e-06 -1e-06 -2e-06 -0.999781 24.543613 12.62424 52.188538 12.287165 -12.158435 176.32486 76.070023 177.517899 -12.133329 4.774555 15.812617 2.243542 -5.255033 -3.180155 14.282878 -0.826594 6.952494 -0.0 -12.690595 -2e-06 16.681778 -18.273884 2.793033 1.665666 -1.95592 -2.878294 4.727795 -4.170584 4.993918 11.020517 1e-06 -3e-06 12.109042 -3.735713 -2.866783 1e-06 -1e-06 1e-06 1.291986 -1.928548 -1.498088 14.800115 0.567467 3.865602 14.24256 -1.341737 -6.660653 19.631948 0.143925 -0.648245 49.951008 -1.1926 -6.142386 0.353026 -1.511151 -0.031939 20.222771 3.684306 2.316626 18.787254 5e-06 -3e-06 10.751617 -0.479869 1.397902 -0.0 1e-06 -0.0 3.273805 0.305947 -0.58011 21.48679 11.830365 2.26613 8.162919 2e-06 -1e-06 18.399063 -3.79898 -4.940575 2e-06 0.0 -2e-06 1.110219 16.411926 -30.477623 0.105772 0.28562 52.990704 -4.093889 15.340334 -23.662611 1.664409 -1.628997 -0.363906 -0.0 0.0 2e-06 -15.730294 -18.773279 -15.349962 0.540336 1.19039 61.320435 10.679869 -32.690281 5.162228 -1.709096 1.298533 -2.491288 1e-06 0.0 -2e-06 
0.0 0.0 0.0 0.0 -0.0 0.0 -6.183781 91.461884 -27.629393 -170.268478 57.989292 -174.380951 1.974445 0.940315 13.58023 0.43362 2.913028 1.109114 1.164166 2.478659 25.742735 -19.983421 8.391904 -1.228846 3.373482 12.679565 -3.130028 -5.694938 14.663196 -19.62067 7.7e-05 -2.3e-05 5e-06 -0.044453 -0.012038 -0.002268 0.64953 -3.69874 -10.469522 -0.738413 3.667853 -10.413995 -9.718492 -5.613213 14.274961 -59.44149 -7.810479 4.664153 -179.244965 -71.684242 179.410187 14.646135 -2.361611 6.782394 -5.882103 9.861284 0.70259 -10.936866 -0.360575 7.1562 1e-06 8.774822 -0.0 -16.834578 18.37681 5.69888 -1.844034 2.498503 -2.507276 -10.163598 4.678944 4.621105 -20.976017 -3e-06 -1e-06 -21.226282 2.451695 -3.594001 3e-06 -7e-06 -1e-06 -1.362682 2.240799 -0.746323 -21.334906 0.58491 3.008317 -13.82121 -2e-06 -1e-06 -23.887163 -0.249082 -0.839486 -60.496468 2.718833 -1.592107 -0.294024 1.679686 0.833255 -14.218204 0.093215 1.300578 -34.212036 -0.287567 0.967164 -20.033207 0.964534 1.21284 1e-06 0.0 1e-06 -3.440387 0.788233 0.501656 -15.928181 -3.16731 2.999703 -6.338825 0.0 0.0 -18.123444 3.648182 -4.905672 -3e-06 -1e-06 -2e-06 -0.739926 24.172792 12.831039 53.152828 12.11325 -11.87363 177.228226 75.556992 178.418381 -12.014496 4.932221 15.849196 2.243541 -5.255033 -3.180157 14.282881 -0.826592 6.952496 -3e-06 -12.690598 0.0 16.570917 -18.229496 2.808716 1.665665 -1.955921 -2.878297 4.727795 -4.170584 4.99392 11.020519 5e-06 -1e-06 12.109044 -3.735713 -2.866782 0.0 -1e-06 -0.0 1.291985 -1.928549 -1.498088 14.800117 0.56747 3.865605 14.242561 -1.341735 -6.660653 19.631952 0.143927 -0.648245 49.931694 -1.21305 -6.195087 0.353029 -1.51115 -0.031939 20.222782 3.684309 2.316629 18.787264 5e-06 -2e-06 10.751623 -0.479867 1.397904 -0.0 0.0 -1e-06 3.273804 0.305946 -0.580112 21.486799 11.83037 2.266129 8.162921 2e-06 -1e-06 18.399071 -3.798981 -4.940572 2e-06 1e-06 -2e-06 0.940762 14.367018 -28.458721 0.117863 0.329823 52.906986 -3.484192 14.927727 -24.684595 1.660444 -1.660785 -0.270733 0.0 0.0 2e-06 -13.899385 -11.98802 -17.831493 0.559583 1.372639 67.442444 5.482846 -29.695795 9.613084 -1.756243 1.255543 -1.295406 0.0 -1e-06 -3e-06 
0.0 0.0 0.0 0.0 -0.0 0.0 -5.516903 91.473 -28.995728 -170.434601 55.312798 -175.484467 2.080315 0.742801 13.960969 0.462755 2.660464 1.236634 1.267979 2.074049 25.95155 -19.149494 8.31142 -0.877183 3.179003 12.070909 -3.154068 -5.440161 14.041174 -20.17837 7.7e-05 -2.3e-05 6e-06 -0.037828 -0.035539 -0.002479 0.661574 -3.724998 -10.484094 -0.737169 3.648083 -10.429723 -9.006821 -5.893239 14.397076 -58.369473 -8.507526 5.045211 -179.922791 -71.39315 -179.929337 14.426401 -2.586822 7.482684 -5.882102 9.861279 0.702589 -10.936863 -0.360574 7.156201 0.0 8.774821 -1e-06 -16.869919 18.384928 5.756553 -1.844029 2.498504 -2.507276 -10.16359 4.678943 4.621107 -20.976006 -4e-06 2e-06 -21.226271 2.451697 -3.593998 -0.0 -6e-06 0.0 -1.362681 2.240796 -0.746324 -21.3349 0.584907 3.008322 -13.821204 -3e-06 2e-06 -23.887154 -0.249078 -0.839481 -60.602631 2.715666 -1.510404 -0.294025 1.679685 0.833255 -14.218199 0.093214 1.30058 -34.212025 -0.287563 0.967172 -20.033197 0.964537 1.212843 0.0 -0.0 1e-06 -3.440386 0.788233 0.501656 -15.928176 -3.167308 2.999706 -6.338821 -1e-06 1e-06 -18.12343 3.648181 -4.905666 -4e-06 -1e-06 -2e-06 -0.443557 23.795626 13.04233 54.100414 11.926409 -11.53732 178.366684 75.148621 179.532257 -11.934662 5.396425 16.202135 2.24354 -5.255031 -3.180154 14.28288 -0.826594 6.952497 -3e-06 -12.690593 2e-06 16.432848 -18.195572 2.844541 1.665665 -1.95592 -2.878297 4.727794 -4.170584 4.99392 11.020517 4e-06 -1e-06 12.109041 -3.735713 -2.866781 1e-06 -2e-06 0.0 1.291986 -1.928547 -1.498089 14.800115 0.567466 3.865603 14.24256 -1.341733 -6.660652 19.631952 0.143926 -0.648245 49.844521 -1.184206 -6.242979 0.353028 -1.511149 -0.031939 20.222778 3.684307 2.316627 18.787258 7e-06 -1e-06 10.751622 -0.479868 1.397905 -0.0 0.0 -1e-06 3.273805 0.305947 -0.580111 21.486797 11.830365 2.266127 8.162921 3e-06 -1e-06 18.399067 -3.798981 -4.94057 3e-06 1e-06 -1e-06 0.751924 12.682329 -26.615192 0.139759 0.348652 52.852715 -3.003087 14.335234 -25.641729 1.647704 -1.696005 -0.27304 -0.0 -0.0 2e-06 -11.646951 -7.640212 -20.852541 0.644102 1.202044 72.882278 7.114006 -23.555424 6.81419 -1.688497 1.220559 -1.643357 -1e-06 1e-06 -2e-06 
0.0 0.0 0.0 0.0 -0.0 0.0 -4.79372 91.471252 -30.343637 -170.5914 52.658688 -176.332932 2.16392 0.527216 14.268847 0.465725 2.374223 1.367358 1.344859 1.658949 26.192518 -18.326305 8.088468 -0.689033 2.910103 11.451589 -3.202648 -5.15383 13.379866 -20.81348 7.7e-05 -2.3e-05 5e-06 -0.031815 -0.047219 -0.004823 0.66893 -3.738113 -10.502402 -0.732172 3.639295 -10.448173 -8.452259 -6.239704 14.509593 -57.252838 -9.129154 5.19937 179.446869 -71.256752 -179.274887 14.262202 -2.753229 8.026073 -5.882104 9.861281 0.70259 -10.93687 -0.360574 7.156207 2e-06 8.774822 -1e-06 -16.852953 18.351879 5.805579 -1.844032 2.498504 -2.507278 -10.163599 4.678941 4.62111 -20.976021 -6e-06 3e-06 -21.226286 2.451695 -3.593998 1e-06 -5e-06 0.0 -1.362679 2.240798 -0.746323 -21.334911 0.584908 3.008325 -13.82121 -3e-06 2e-06 -23.887165 -0.249081 -0.83948 -60.678158 2.691894 -1.399631 -0.294024 1.679687 0.833257 -14.218206 0.093213 1.300582 -34.212048 -0.287564 0.967174 -20.033211 0.964536 1.212846 0.0 0.0 1e-06 -3.440388 0.788232 0.501656 -15.928185 -3.167311 2.999707 -6.338825 -2e-06 2e-06 -18.123442 3.648179 -4.905668 -3e-06 -1e-06 -2e-06 -0.041465 23.45096 13.306203 54.961658 11.671004 -11.471553 179.209412 74.79155 -179.71051 -12.035382 6.047117 16.671272 2.243541 -5.255036 -3.180156 14.282887 -0.826594 6.9525 -3e-06 -12.690601 -2e-06 16.379074 -18.139042 2.837644 1.665666 -1.955921 -2.878298 4.727797 -4.170586 4.993921 11.020524 3e-06 -0.0 12.109051 -3.735714 -2.866783 1e-06 -1e-06 0.0 1.291986 -1.92855 -1.498089 14.800125 0.567469 3.865608 14.242569 -1.341735 -6.660655 19.631968 0.143927 -0.648244 49.791874 -1.165568 -6.281512 0.353027 -1.51115 -0.031939 20.222786 3.684312 2.316631 18.78727 7e-06 1e-06 10.751627 -0.479866 1.397907 1e-06 0.0 -1e-06 3.273806 0.305946 -0.580111 21.486811 11.830372 2.266134 8.162926 3e-06 -0.0 18.399076 -3.798982 -4.940573 3e-06 0.0 -1e-06 0.559481 11.296472 -25.050808 0.150993 0.342236 52.813972 -2.582217 13.575457 -26.584696 1.633633 -1.729164 -0.294751 -0.0 1e-06 2e-06 -9.07189 -5.404191 -24.490271 0.672694 0.848619 76.444458 9.774712 -16.880405 2.671055 -1.573616 1.166717 -2.376445 0.0 0.0 -2e-06 
0.0 0.0 0.0 0.0 -0.0 0.0 -4.038924 91.46032 -31.689268 -170.777573 50.048618 -176.965378 2.236069 0.310286 14.531423 0.450724 2.065562 1.470589 1.394145 1.292723 26.495493 -17.51273 7.763037 -0.6324 2.605821 10.822211 -3.267757 -4.824664 12.638329 -21.46306 7.7e-05 -2.3e-05 5e-06 -0.027437 -0.038483 -0.008763 0.670599 -3.731107 -10.521656 -0.724448 3.651124 -10.465805 -7.971205 -6.640734 14.624752 -56.335655 -9.722459 5.127975 179.053329 -71.316727 -178.833557 14.130014 -2.838784 8.299524 -5.882103 9.861286 0.702592 -10.936867 -0.360574 7.1562 0.0 8.774823 0.0 -16.810375 18.348509 5.828504 -1.844031 2.498503 -2.507276 -10.163596 4.678946 4.621106 -20.976015 -2e-06 -1e-06 -21.226278 2.451698 -3.594002 1e-06 -5e-06 -0.0 -1.362683 2.240797 -0.746323 -21.334906 0.584911 3.008319 -13.821208 -2e-06 -0.0 -23.887159 -0.249078 -0.839486 -60.733284 2.686295 -1.32945 -0.294025 1.679687 0.833255 -14.218201 0.093216 1.300579 -34.212029 -0.287562 0.967165 -20.033205 0.964537 1.21284 0.0 0.0 1e-06 -3.440387 0.788233 0.501656 -15.928179 -3.167309 2.999704 -6.338823 1e-06 0.0 -18.12344 3.648185 -4.905672 -4e-06 -0.0 -2e-06 0.461432 23.128307 13.646923 55.565716 11.350361 -11.803518 179.578079 74.475868 -179.516815 -12.324782 6.746279 17.050163 2.243542 -5.255037 -3.180159 14.282893 -0.826596 6.952507 -2e-06 -12.690606 2e-06 16.401834 -18.096645 2.823869 1.665667 -1.955922 -2.8783 4.7278 -4.170588 4.993925 11.020529 2e-06 -1e-06 12.109055 -3.735716 -2.866783 0.0 -1e-06 0.0 1.291986 -1.928551 -1.498088 14.800131 0.567466 3.865609 14.242576 -1.341737 -6.660661 19.631971 0.143925 -0.648247 49.829723 -1.197077 -6.290727 0.353028 -1.511151 -0.031939 20.222792 3.684308 2.316629 18.787273 4e-06 -2e-06 10.751631 -0.47987 1.397906 2e-06 0.0 0.0 3.273807 0.305947 -0.580111 21.486816 11.830376 2.266132 8.162928 1e-06 0.0 18.399088 -3.798988 -4.940576 1e-06 0.0 -2e-06 0.33675 10.139021 -23.761908 0.145043 0.302907 52.770401 -2.163817 12.792153 -27.501068 1.624715 -1.755106 -0.355189 -0.0 -0.0 2e-06 -6.266859 -4.711862 -28.526022 0.587318 0.479488 77.600929 11.554613 -11.802839 -1.092273 -1.491558 1.09236 -2.940492 0.0 0.0 -1e-06 
0.0 0.0 0.0 0.0 -0.0 0.0 -3.263689 91.456116 -33.059086 -170.971542 47.532463 -177.379074 2.302073 0.129524 14.728621 0.441117 1.747126 1.562563 1.421966 1.003566 26.882627 -16.744061 7.420693 -0.667449 2.313817 10.151449 -3.352459 -4.490321 11.834144 -22.046408 7.7e-05 -2.3e-05 5e-06 -0.024322 -0.020633 -0.010897 0.667648 -3.715127 -10.53365 -0.714408 3.671858 -10.476195 -7.597907 -7.072623 14.772102 -55.605186 -10.307646 4.789405 178.943985 -71.531593 -178.653458 14.037297 -2.868611 8.287078 -5.882104 9.861279 0.702588 -10.936871 -0.360575 7.156204 1e-06 8.774821 -1e-06 -16.793823 18.368439 5.810447 -1.844032 2.498502 -2.507277 -10.163599 4.678943 4.621107 -20.976021 -5e-06 4e-06 -21.226286 2.451695 -3.593996 1e-06 -6e-06 -1e-06 -1.362681 2.240797 -0.746323 -21.334911 0.584908 3.008324 -13.821213 -3e-06 4e-06 -23.887169 -0.249078 -0.839479 -60.796417 2.693737 -1.33051 -0.294024 1.679687 0.833255 -14.218205 0.093215 1.30058 -34.212048 -0.287564 0.967173 -20.033209 0.964536 1.212845 -1e-06 -1e-06 1e-06 -3.440388 0.788232 0.501656 -15.928185 -3.16731 2.999707 -6.338825 -2e-06 2e-06 -18.123444 3.648178 -4.905668 -4e-06 -0.0 -2e-06 1.055263 22.851898 14.020654 55.765659 10.995393 -12.465313 179.683609 74.270531 -179.574005 -12.688619 7.445163 17.145451 2.243539 -5.255034 -3.180155 14.282887 -0.826593 6.9525 -1e-06 -12.690601 -0.0 16.441372 -18.08877 2.821037 1.665666 -1.95592 -2.878297 4.727798 -4.170585 4.993924 11.020524 4e-06 1e-06 12.10905 -3.735714 -2.866781 -0.0 -1e-06 0.0 1.291985 -1.928548 -1.498089 14.800125 0.567468 3.865607 14.242566 -1.341734 -6.660653 19.63196 0.143925 -0.648242 49.940762 -1.252932 -6.275517 0.353029 -1.51115 -0.031941 20.222786 3.684309 2.316631 18.78727 5e-06 2e-06 10.751625 -0.47987 1.397908 1e-06 -1e-06 0.0 3.273805 0.305946 -0.580109 21.486809 11.830371 2.266135 8.162924 2e-06 -0.0 18.399076 -3.798983 -4.940571 1e-06 0.0 -1e-06 0.102379 9.235993 -22.700974 0.123093 0.242528 52.706245 -1.753299 12.076018 -28.36944 1.620211 -1.774215 -0.46728 0.0 -0.0 2e-06 -3.303464 -5.018435 -32.607216 0.427438 0.228918 76.102753 12.503755 -8.57645 -4.419301 -1.465309 1.028661 -3.170243 -0.0 1e-06 -2e-06 
0.0 0.0 0.0 0.0 -0.0 0.0 -2.458713 91.45549 -34.490307 -171.123871 45.191769 -177.55336 2.374574 0.04138 14.836759 0.4325 1.439461 1.657832 1.454616 0.769232 27.297438 -16.05512 7.077888 -0.760225 2.104136 9.474735 -3.442857 -4.156465 10.967146 -22.552174 7.7e-05 -2.3e-05 5e-06 -0.023612 0.001354 -0.010627 0.659568 -3.69405 -10.537418 -0.704322 3.696633 -10.482632 -7.299738 -7.458021 14.935205 -55.090549 -10.849494 4.26209 179.088821 -71.80825 -178.751053 13.937192 -2.843159 8.157612 -5.882102 9.861279 0.702591 -10.936861 -0.360573 7.156198 -1e-06 8.774817 -0.0 -16.806978 18.376389 5.759841 -1.84403 2.498503 -2.507275 -10.163592 4.678944 4.621105 -20.976007 0.0 -1e-06 -21.226273 2.451698 -3.594001 1e-06 -6e-06 -1e-06 -1.362681 2.240796 -0.746323 -21.334896 0.584913 3.008318 -13.821203 -0.0 0.0 -23.887152 -0.249077 -0.839487 -60.801682 2.709822 -1.358806 -0.294024 1.679685 0.833256 -14.218198 0.093218 1.300578 -34.212021 -0.287559 0.967163 -20.033195 0.964537 1.212838 -0.0 -1e-06 -0.0 -3.440387 0.788234 0.501655 -15.928172 -3.167304 2.999702 -6.338821 0.0 0.0 -18.123428 3.648182 -4.90567 -4e-06 -1e-06 -1e-06 1.672758 22.63146 14.366627 55.561428 10.595347 -13.211564 179.768539 74.2174 -179.624435 -13.117498 8.095999 16.906261 2.24354 -5.255035 -3.180156 14.282887 -0.826596 6.952502 -1e-06 -12.6906 1e-06 16.466173 -18.118889 2.821863 1.665665 -1.955921 -2.878298 4.727797 -4.170586 4.993923 11.020522 3e-06 1e-06 12.109046 -3.735715 -2.866782 1e-06 -0.0 0.0 1.291984 -1.928548 -1.498088 14.800123 0.567468 3.865609 14.242565 -1.341735 -6.660654 19.631958 0.143925 -0.648242 50.045773 -1.275429 -6.260477 0.353029 -1.51115 -0.031942 20.222784 3.684308 2.316633 18.787266 5e-06 3e-06 10.751623 -0.479869 1.397907 1e-06 -1e-06 0.0 3.273807 0.305947 -0.580111 21.486809 11.83037 2.266136 8.162926 1e-06 1e-06 18.399076 -3.798985 -4.940572 3e-06 0.0 -2e-06 -0.077292 8.641447 -21.829609 0.094571 0.180623 52.68037 -1.406605 11.347915 -29.179689 1.617614 -1.798446 -0.608934 -0.0 0.0 2e-06 -0.226106 -5.704527 -36.345871 0.245326 0.122525 71.847282 12.955642 -6.631112 -7.098849 -1.490364 1.012228 -3.167838 -0.0 -0.0 -2e-06 
0.0 0.0 0.0 0.0 -0.0 0.0 -1.608537 91.426765 -35.941196 -171.228989 43.047607 -177.487808 2.435425 0.053976 14.858189 0.422743 1.159721 1.751388 1.50658 0.569295 27.661072 -15.412873 6.767033 -0.871685 1.961986 8.768791 -3.534406 -3.813116 10.07079 -23.047129 7.7e-05 -2.2e-05 5e-06 -0.02692 0.028064 -0.011292 0.64383 -3.668232 -10.544155 -0.694746 3.725996 -10.491709 -7.041101 -7.734065 15.052697 -54.782066 -11.311275 3.706198 179.3573 -72.067963 -179.008865 13.812476 -2.716458 8.026658 -5.882104 9.86128 0.702589 -10.936865 -0.360574 7.156203 -1e-06 8.774822 -2e-06 -16.828892 18.339363 5.689449 -1.84403 2.498504 -2.507277 -10.163594 4.678943 4.621108 -20.976009 -2e-06 4e-06 -21.226271 2.451697 -3.593998 1e-06 -6e-06 -1e-06 -1.362681 2.240799 -0.746323 -21.3349 0.58491 3.008324 -13.821203 -1e-06 2e-06 -23.887152 -0.249077 -0.839483 -60.728653 2.724684 -1.357201 -0.294025 1.679687 0.833256 -14.218197 0.093216 1.300581 -34.212021 -0.287557 0.96717 -20.033199 0.964538 1.212842 -0.0 -1e-06 1e-06 -3.440386 0.788232 0.501656 -15.928176 -3.167307 2.999707 -6.338822 -1e-06 2e-06 -18.123436 3.648185 -4.905668 -5e-06 -1e-06 -2e-06 2.261384 22.466217 14.662414 55.00737 10.148481 -13.799174 179.967056 74.377144 -179.570236 -13.539591 8.582749 16.356663 2.24354 -5.255035 -3.180157 14.282881 -0.826594 6.952499 -1e-06 -12.690598 -1e-06 16.480076 -18.18832 2.82392 1.665665 -1.95592 -2.878298 4.727797 -4.170584 4.993921 11.02052 2e-06 -1e-06 12.109046 -3.735714 -2.866783 0.0 -1e-06 0.0 1.291985 -1.928548 -1.498087 14.800122 0.567468 3.865605 14.242564 -1.341736 -6.660655 19.631954 0.143927 -0.648246 50.128304 -1.235927 -6.280551 0.353029 -1.51115 -0.03194 20.222778 3.684308 2.316627 18.787266 5e-06 0.0 10.751622 -0.47987 1.397904 1e-06 0.0 -0.0 3.273804 0.305947 -0.580111 21.486801 11.830369 2.266131 8.162921 1e-06 -1e-06 18.399073 -3.798982 -4.940573 4e-06 0.0 -1e-06 -0.194795 8.360471 -21.162355 0.074773 0.132873 52.775475 -1.110574 10.564136 -29.918278 1.618024 -1.816682 -0.717469 -0.0 0.0 2e-06 2.936873 -6.461576 -39.364773 0.104242 0.139396 64.787758 12.895658 -5.412298 -8.451897 -1.529794 1.052101 -3.131522 0.0 -1e-06 -1e-06 
0.0 0.0 0.0 0.0 -0.0 0.0 -0.70397 91.342537 -37.390553 -171.390488 41.083042 -177.316589 2.424119 0.121609 14.802367 0.401992 0.949845 1.836385 1.547633 0.370259 27.947395 -14.806981 6.531478 -0.991996 1.821887 8.081655 -3.609387 -3.402211 9.115552 -23.571232 7.7e-05 -2.2e-05 5e-06 -0.033936 0.057057 -0.013292 0.626532 -3.639751 -10.557993 -0.691294 3.756818 -10.504894 -6.814363 -7.903056 15.109838 -54.64333 -11.603215 3.23326 179.483154 -72.211685 -179.135361 13.628852 -2.443347 8.1296 -5.882107 9.861286 0.702591 -10.93687 -0.360574 7.156208 -0.0 8.774823 -1e-06 -16.826429 18.297554 5.640742 -1.844033 2.498504 -2.507277 -10.163596 4.678946 4.621111 -20.976017 1e-06 4e-06 -21.226282 2.451699 -3.593999 0.0 -5e-06 -1e-06 -1.362682 2.240797 -0.746323 -21.334911 0.584915 3.008326 -13.82121 -1e-06 3e-06 -23.887163 -0.249073 -0.839483 -60.702084 2.726661 -1.314192 -0.294023 1.679688 0.833255 -14.218207 0.093216 1.300582 -34.212036 -0.287558 0.967172 -20.033207 0.964541 1.212844 -0.0 0.0 -1e-06 -3.440388 0.788234 0.501655 -15.928183 -3.167308 2.999709 -6.338825 0.0 2e-06 -18.123444 3.648185 -4.905669 -4e-06 0.0 -2e-06 2.779433 22.330265 14.925149 54.202 9.664334 -13.934712 -179.482529 74.735542 -179.16571 -13.909614 8.893827 15.528061 2.243541 -5.255038 -3.18016 14.282889 -0.826593 6.952502 -2e-06 -12.690607 -1e-06 16.497059 -18.282166 2.829247 1.665666 -1.955922 -2.878299 4.727798 -4.170588 4.993925 11.020526 4e-06 -2e-06 12.109053 -3.735716 -2.866786 1e-06 -1e-06 -0.0 1.291986 -1.928551 -1.498091 14.800127 0.567469 3.865606 14.242571 -1.341736 -6.660662 19.631968 0.143927 -0.648247 50.211475 -1.125807 -6.349967 0.35303 -1.511151 -0.031941 20.222788 3.684312 2.31663 18.78727 7e-06 -1e-06 10.751628 -0.479869 1.397907 -0.0 -0.0 1e-06 3.273807 0.305947 -0.580111 21.486811 11.830376 2.266135 8.162926 2e-06 -1e-06 18.39908 -3.798982 -4.940577 3e-06 0.0 -1e-06 -0.31625 8.336596 -20.600077 0.061883 0.107081 53.006081 -0.904946 9.721481 -30.657181 1.625385 -1.822823 -0.888795 0.0 -1e-06 2e-06 5.883284 -7.106797 -41.270058 0.083041 0.23531 55.426533 12.863285 -3.992923 -8.156054 -1.540076 1.117793 -3.178979 -0.0 -1e-06 -1e-06 
0.0 0.0 0.0 0.0 -0.0 0.0 0.271391 91.187019 -38.92038 -171.681229 39.195911 -177.141724 2.327727 0.187027 14.697782 0.365299 0.821435 1.873201 1.551924 0.157445 28.16456 -14.169665 6.325558 -1.165787 1.635845 7.365567 -3.647159 -2.919103 8.095502 -23.984531 7.7e-05 -2.3e-05 6e-06 -0.038156 0.065958 -0.012892 0.619633 -3.63149 -10.574188 -0.693163 3.766856 -10.520667 -6.627421 -8.059021 15.128994 -54.547348 -11.682029 2.84457 179.462189 -72.226311 -179.113754 13.357769 -2.15527 8.561874 -5.882102 9.861281 0.702589 -10.936863 -0.360574 7.156201 1e-06 8.774819 -2e-06 -16.80537 18.284309 5.638381 -1.844032 2.498504 -2.507277 -10.163594 4.678944 4.621105 -20.976013 -5e-06 -2e-06 -21.226276 2.451694 -3.594002 0.0 -5e-06 -1e-06 -1.362682 2.240795 -0.746324 -21.334904 0.584909 3.008319 -13.821208 -4e-06 0.0 -23.887159 -0.249081 -0.839485 -60.757271 2.687499 -1.21893 -0.294023 1.679686 0.833256 -14.218201 0.093214 1.300578 -34.212032 -0.287566 0.967167 -20.033201 0.964533 1.212843 -0.0 0.0 0.0 -3.440386 0.788233 0.501655 -15.928176 -3.167309 2.999705 -6.338822 -1e-06 1e-06 -18.123438 3.64818 -4.90567 -4e-06 -1e-06 -2e-06 3.176349 22.100716 15.071326 53.293438 9.087941 -13.345476 -178.54805 75.156578 -178.3125 -14.073964 8.992354 14.548887 2.243539 -5.255034 -3.180155 14.282881 -0.826595 6.952501 -2e-06 -12.690597 0.0 16.514471 -18.390741 2.875809 1.665665 -1.95592 -2.878297 4.727796 -4.170585 4.993921 11.020519 3e-06 -0.0 12.109042 -3.735712 -2.866782 1e-06 -1e-06 -1e-06 1.291984 -1.928548 -1.498088 14.800118 0.567469 3.865608 14.24256 -1.341735 -6.660653 19.631954 0.143926 -0.648242 50.396629 -1.005897 -6.395364 0.353028 -1.51115 -0.031939 20.222776 3.684308 2.316629 18.787258 4e-06 1e-06 10.75162 -0.479868 1.397905 -0.0 -0.0 -0.0 3.273804 0.305946 -0.580111 21.486799 11.830367 2.266131 8.162921 2e-06 1e-06 18.399071 -3.798983 -4.940569 3e-06 0.0 -1e-06 -0.50291 8.333246 -20.057428 0.053496 0.094322 53.304878 -0.851777 8.913669 -31.391882 1.638008 -1.824858 -1.20395 0.0 -1e-06 2e-06 8.235072 -7.579737 -42.093472 0.191514 0.323853 45.197407 13.734477 -2.256809 -6.459384 -1.51271 1.148842 -3.261928 -0.0 0.0 -0.0 
0.0 0.0 0.0 0.0 -0.0 0.0 1.299976 90.978943 -40.564728 -172.045029 37.365841 -176.99295 2.218168 0.231089 14.600211 0.347116 0.733977 1.855 1.513071 -0.053139 28.315315 -13.604112 6.125702 -1.446322 1.430182 6.618826 -3.642315 -2.412474 7.046717 -24.181564 7.7e-05 -2.2e-05 5e-06 -0.037875 0.054975 -0.013158 0.628636 -3.642076 -10.586044 -0.702372 3.755166 -10.534651 -6.448268 -8.230466 15.054229 -54.410332 -11.554176 2.528323 179.606018 -72.144737 -179.243637 12.978806 -1.884069 9.252895 -5.882099 9.861279 0.70259 -10.936859 -0.360574 7.156197 1e-06 8.774817 -0.0 -16.811232 18.348467 5.68162 -1.844031 2.498502 -2.507275 -10.163589 4.67894 4.621104 -20.976004 -3e-06 0.0 -21.226269 2.451696 -3.593999 0.0 -5e-06 -1e-06 -1.362682 2.240796 -0.746322 -21.334888 0.584911 3.008319 -13.821198 -3e-06 1e-06 -23.887142 -0.249077 -0.839484 -60.822235 2.638007 -1.124722 -0.294025 1.679685 0.833255 -14.218193 0.093215 1.300579 -34.212013 -0.287561 0.967167 -20.033194 0.964537 1.21284 -0.0 0.0 1e-06 -3.440385 0.788233 0.501655 -15.928168 -3.167307 2.999703 -6.338819 -1e-06 1e-06 -18.123426 3.648181 -4.905667 -4e-06 0.0 -2e-06 3.435213 21.715837 15.090168 52.36668 8.430912 -12.106605 -177.400085 75.386086 -177.178452 -13.859052 8.834818 13.415499 2.243541 -5.255037 -3.180159 14.282888 -0.826592 6.952502 -1e-06 -12.690603 -2e-06 16.499584 -18.506632 2.954468 1.665666 -1.955922 -2.8783 4.727797 -4.170586 4.993925 11.020525 4e-06 -1e-06 12.109051 -3.735714 -2.866785 -0.0 -1e-06 -1e-06 1.291985 -1.92855 -1.49809 14.800125 0.567469 3.865608 14.242569 -1.341736 -6.660661 19.631962 0.143927 -0.648245 50.662674 -0.929094 -6.371079 0.353029 -1.51115 -0.031942 20.222788 3.684311 2.316631 18.78727 5e-06 0.0 10.751629 -0.479869 1.397907 -1e-06 1e-06 0.0 3.273807 0.305947 -0.580111 21.486811 11.830377 2.266135 8.162925 1e-06 1e-06 18.39908 -3.798982 -4.940575 3e-06 -1e-06 -1e-06 -0.749093 8.098941 -19.491573 0.078947 0.089525 53.665787 -0.945817 8.290141 -32.090031 1.652305 -1.825064 -1.614075 -0.0 -0.0 2e-06 9.719183 -7.509895 -42.315788 0.283521 0.324766 36.159046 15.190957 -1.117925 -4.563754 -1.477494 1.149776 -3.401352 -0.0 0.0 -1e-06 
0.0 0.0 0.0 0.0 -0.0 0.0 2.369655 90.780106 -42.371731 -172.314194 35.661381 -176.711639 2.169997 0.333293 14.402665 0.397951 0.536503 1.830146 1.470668 -0.221464 28.46965 -13.249204 6.011307 -1.857099 1.243134 5.731352 -3.619263 -1.994298 6.105291 -24.216171 7.7e-05 -2.2e-05 5e-06 -0.036956 0.058155 0.004181 0.634037 -3.650471 -10.597389 -0.70715 3.767816 -10.546664 -6.342126 -8.400735 14.78168 -54.200294 -11.158083 2.151496 179.97554 -71.894531 -179.552155 12.397479 -1.461816 10.019558 -5.882106 9.861285 0.702591 -10.936872 -0.360575 7.156208 1e-06 8.774825 -0.0 -16.773211 18.465042 5.738109 -1.844034 2.498505 -2.507279 -10.163601 4.678945 4.62111 -20.976023 -4e-06 2e-06 -21.226286 2.451694 -3.594 1e-06 -5e-06 -1e-06 -1.36268 2.240798 -0.746324 -21.334913 0.584909 3.008324 -13.821213 -5e-06 2e-06 -23.887169 -0.249081 -0.839482 -60.916218 2.621052 -1.097164 -0.294024 1.679687 0.833256 -14.218207 0.093214 1.300581 -34.212048 -0.287564 0.967171 -20.033209 0.964536 1.212844 0.0 -0.0 0.0 -3.440388 0.788233 0.501655 -15.928185 -3.167311 2.999707 -6.338826 -0.0 1e-06 -18.123444 3.648182 -4.905671 -4e-06 0.0 -2e-06 3.677144 21.334591 15.106726 51.451153 7.776424 -10.55021 -175.602829 75.175148 -175.180878 -13.263094 8.549201 12.187336 2.243541 -5.255035 -3.180153 14.282883 -0.826594 6.952495 -3e-06 -12.690598 3e-06 16.533205 -18.488609 2.931049 1.665665 -1.95592 -2.878296 4.727797 -4.170587 4.99392 11.02052 4e-06 -3e-06 12.109049 -3.735717 -2.866784 -1e-06 1e-06 -1e-06 1.291984 -1.928549 -1.498089 14.80012 0.567466 3.865603 14.242564 -1.341735 -6.660655 19.631958 0.143926 -0.648247 50.867809 -0.900671 -6.446291 0.35303 -1.51115 -0.031941 20.222784 3.684308 2.316625 18.787264 5e-06 -4e-06 10.75162 -0.479868 1.397903 0.0 1e-06 1e-06 3.273805 0.305947 -0.58011 21.486801 11.830367 2.266126 8.162921 2e-06 -2e-06 18.399071 -3.798982 -4.940577 3e-06 -0.0 -1e-06 -0.936398 7.793783 -18.873426 0.095572 0.084281 53.94453 -1.155822 7.952156 -32.885742 1.711323 -1.87091 -1.840562 -0.0 0.0 2e-06 10.501967 -6.803142 -42.336975 0.305701 0.311188 29.085846 16.332476 -0.655242 -2.858145 -1.48319 1.084174 -3.362687 -0.0 0.0 -0.0 
0.0 0.0 0.0 0.0 -0.0 0.0 3.4942 90.551521 -44.26572 -172.477249 34.102524 -176.502182 2.222354 0.36618 14.267654 0.423966 0.457839 1.808753 1.546924 -0.388435 28.615021 -13.115631 5.886459 -2.26527 1.112908 5.005685 -3.600558 -1.677093 5.174512 -24.065203 7.7e-05 -2.3e-05 6e-06 -0.03766 0.056635 -0.002437 0.636493 -3.654926 -10.608675 -0.712048 3.768287 -10.561216 -6.274793 -8.559884 14.586761 -53.937649 -10.905846 1.837466 -179.828934 -71.450249 -179.671829 11.862358 -0.93897 10.781231 -5.882102 9.861279 0.702588 -10.936863 -0.360576 7.156198 0.0 8.774817 -1e-06 -16.82325 18.57777 5.780497 -1.84403 2.498504 -2.507275 -10.16359 4.678941 4.621104 -20.976006 -2e-06 0.0 -21.226269 2.451694 -3.593999 0.0 -5e-06 -1e-06 -1.36268 2.240797 -0.746322 -21.334892 0.584909 3.008319 -13.821199 -3e-06 1e-06 -23.887146 -0.249079 -0.839483 -61.007484 2.630162 -1.082371 -0.294024 1.679688 0.833256 -14.218193 0.093214 1.300579 -34.212013 -0.287563 0.967166 -20.033194 0.964534 1.212841 -0.0 -0.0 0.0 -3.440387 0.788234 0.501656 -15.928172 -3.167306 2.999704 -6.33882 0.0 1e-06 -18.123432 3.648182 -4.905667 -4e-06 1e-06 -2e-06 3.823526 20.943489 15.093555 50.903927 7.336452 -9.512153 -175.688766 74.826866 -175.223587 -12.835383 8.367637 11.419353 2.243538 -5.255031 -3.180152 14.282878 -0.826595 6.952495 -2e-06 -12.690592 1e-06 16.491508 -18.494041 2.888222 1.665665 -1.955919 -2.878295 4.727794 -4.170584 4.99392 11.020514 4e-06 -0.0 12.109038 -3.735713 -2.86678 -0.0 0.0 0.0 1.291985 -1.928548 -1.498088 14.800112 0.567467 3.865604 14.242557 -1.341736 -6.660648 19.631947 0.143923 -0.648242 50.964722 -0.881783 -6.432507 0.353029 -1.511149 -0.03194 20.222769 3.684305 2.316629 18.787254 2e-06 1e-06 10.751617 -0.479868 1.397904 0.0 0.0 0.0 3.273803 0.305947 -0.580109 21.48679 11.83036 2.266131 8.162919 2e-06 -1e-06 18.399067 -3.798984 -4.94057 3e-06 -1e-06 -1e-06 -1.042909 7.261115 -17.996052 0.143756 0.125424 54.326336 -1.578226 7.962434 -33.535686 1.725608 -1.853649 -2.3315 -0.0 0.0 2e-06 10.518591 -5.48865 -42.161514 0.27061 0.290042 24.355768 17.134829 -0.64467 -1.916254 -1.456991 1.071154 -3.510607 0.0 2e-06 -1e-06 
0.0 0.0 0.0 0.0 -0.0 0.0 4.676317 90.370712 -46.275623 -172.587265 32.582539 -176.276718 2.324529 0.401097 14.102261 0.491983 0.326555 1.759085 1.684385 -0.514842 28.690893 -13.076194 5.785502 -2.575829 0.968385 4.325621 -3.574531 -1.503325 4.362314 -23.858225 7.7e-05 -2.3e-05 5e-06 -0.040104 0.059465 -0.002333 0.63734 -3.651003 -10.588533 -0.718696 3.769598 -10.547817 -6.220475 -8.715811 14.475452 -53.67868 -10.779257 1.562024 -179.867126 -70.947014 -179.579956 11.4708 -0.432928 11.274742 -5.882102 9.861279 0.702592 -10.936862 -0.360575 7.156202 1e-06 8.774819 -1e-06 -16.844845 18.678419 5.848625 -1.844029 2.498502 -2.507276 -10.163592 4.678942 4.621106 -20.976006 -3e-06 4e-06 -21.226269 2.451697 -3.593996 0.0 -5e-06 -1e-06 -1.36268 2.240797 -0.746323 -21.3349 0.584909 3.008323 -13.821202 -3e-06 3e-06 -23.887152 -0.249078 -0.839481 -61.125713 2.671562 -1.08302 -0.294024 1.679687 0.833256 -14.218197 0.093215 1.300582 -34.212021 -0.287561 0.967174 -20.033197 0.964538 1.212844 0.0 -0.0 -1e-06 -3.440385 0.788232 0.501655 -15.928176 -3.167308 2.999707 -6.33882 -0.0 2e-06 -18.123432 3.648182 -4.905664 -4e-06 1e-06 -2e-06 4.079215 20.556688 15.129858 50.791218 7.17303 -8.948771 -176.49324 74.466797 -175.971146 -12.731565 8.417498 10.932678 2.243541 -5.255034 -3.180158 14.28288 -0.826593 6.952499 -3e-06 -12.690595 -0.0 16.391294 -18.392654 2.795609 1.665665 -1.955921 -2.878297 4.727795 -4.170584 4.993922 11.020517 4e-06 -3e-06 12.109043 -3.735712 -2.866784 -0.0 -0.0 -0.0 1.291984 -1.928548 -1.498089 14.800115 0.567469 3.865606 14.242561 -1.341734 -6.660657 19.631948 0.143929 -0.648247 50.847004 -0.871136 -6.429768 0.353029 -1.51115 -0.031939 20.222775 3.684308 2.316628 18.787256 6e-06 -1e-06 10.75162 -0.479867 1.397906 -0.0 0.0 1e-06 3.273804 0.305946 -0.580112 21.486794 11.830364 2.266131 8.162919 3e-06 -0.0 18.399067 -3.798982 -4.940571 3e-06 -1e-06 -1e-06 -1.070228 6.523769 -16.868322 0.170447 0.160737 54.572544 -2.09514 8.092691 -33.975624 1.739863 -1.84122 -3.001851 0.0 -0.0 2e-06 10.030868 -3.889192 -41.968773 0.22915 0.310937 21.929831 17.447487 -0.688066 -1.440774 -1.424435 1.063821 -3.736861 -1e-06 -0.0 -1e-06 
0.0 0.0 0.0 0.0 -0.0 0.0 5.920202 90.27951 -48.40815 -172.701782 31.089153 -176.03508 2.460903 0.449023 13.89526 0.574589 0.132276 1.684152 1.873819 -0.641806 28.654119 -13.160025 5.690224 -2.751147 0.849207 3.759115 -3.558215 -1.449581 3.705678 -23.638908 7.7e-05 -2.3e-05 6e-06 -0.040715 0.060803 0.004102 0.641012 -3.645727 -10.555073 -0.724163 3.76668 -10.522277 -6.203916 -8.878699 14.436353 -53.461792 -10.644348 1.262213 -179.823959 -70.408272 -179.568115 11.306971 -0.021237 11.550566 -5.882102 9.861278 0.70259 -10.936861 -0.360574 7.1562 1e-06 8.774817 0.0 -16.787836 18.710938 5.909342 -1.844029 2.498502 -2.507276 -10.163591 4.678942 4.621106 -20.976007 -5e-06 0.0 -21.226271 2.451692 -3.593998 -0.0 -6e-06 -0.0 -1.36268 2.240796 -0.746323 -21.334898 0.584906 3.008322 -13.821204 -5e-06 2e-06 -23.887152 -0.24908 -0.839481 -61.090912 2.715696 -1.062472 -0.294025 1.679685 0.833256 -14.218199 0.093216 1.300579 -34.212021 -0.287566 0.96717 -20.033197 0.964536 1.212842 -1e-06 -1e-06 -0.0 -3.440385 0.788232 0.501655 -15.928179 -3.167308 2.999706 -6.33882 -1e-06 2e-06 -18.12343 3.64818 -4.905665 -4e-06 1e-06 -2e-06 4.410808 20.193077 15.201865 51.140102 7.297771 -8.646217 -177.535629 74.227959 -177.027649 -12.977757 8.647642 10.945631 2.243539 -5.255032 -3.180154 14.282876 -0.826594 6.952496 -2e-06 -12.690595 1e-06 16.245218 -18.23312 2.730289 1.665663 -1.955919 -2.878295 4.727793 -4.170584 4.993918 11.020514 2e-06 -0.0 12.109035 -3.735711 -2.86678 -0.0 -0.0 -0.0 1.291984 -1.928548 -1.498086 14.800112 0.567467 3.865605 14.242555 -1.341736 -6.660649 19.631945 0.143924 -0.648244 50.62426 -0.865218 -6.391317 0.353028 -1.51115 -0.031939 20.222769 3.684307 2.31663 18.787251 5e-06 0.0 10.751617 -0.47987 1.397906 -1e-06 0.0 0.0 3.273803 0.305946 -0.58011 21.486788 11.830362 2.266132 8.162917 2e-06 -1e-06 18.399059 -3.798983 -4.940568 3e-06 0.0 -1e-06 -1.026276 5.552091 -15.457466 0.186752 0.190426 54.454586 -2.727163 8.228531 -34.15918 1.75301 -1.829556 -3.82253 -0.0 -0.0 2e-06 9.238437 -2.280474 -41.688141 0.194656 0.34692 21.422203 17.008833 -0.745633 -1.210038 -1.405658 1.06294 -3.986454 -1e-06 -0.0 -1e-06 
0.0 0.0 0.0 0.0 -0.0 0.0 7.287593 90.241417 -50.736393 -172.77948 29.563925 -175.775116 2.673397 0.487518 13.640958 0.661181 -0.096881 1.597107 2.131032 -0.822782 28.452526 -13.39824 5.62756 -2.766439 0.731374 3.314455 -3.544199 -1.472622 3.20448 -23.391949 7.7e-05 -2.2e-05 5e-06 -0.041782 0.062425 0.015368 0.650954 -3.638561 -10.520653 -0.736607 3.762962 -10.498408 -6.26949 -9.039773 14.467592 -53.338654 -10.321743 1.030911 -179.764877 -69.840599 -179.599045 11.364799 0.275372 11.66606 -5.882104 9.861286 0.70259 -10.93687 -0.360576 7.156209 1e-06 8.774824 -2e-06 -16.661936 18.716852 5.98823 -1.84403 2.498505 -2.507279 -10.163599 4.678944 4.62111 -20.976021 -3e-06 3e-06 -21.226286 2.451697 -3.594001 -0.0 -6e-06 -0.0 -1.362683 2.240798 -0.746324 -21.334913 0.584909 3.008327 -13.821213 -3e-06 4e-06 -23.887167 -0.249078 -0.83948 -60.95332 2.744494 -1.017431 -0.294025 1.679687 0.833256 -14.218207 0.093214 1.300583 -34.212048 -0.287563 0.967176 -20.033211 0.964539 1.212846 -1e-06 -0.0 0.0 -3.440388 0.788233 0.501656 -15.928189 -3.167311 2.99971 -6.338826 -2e-06 2e-06 -18.123444 3.648184 -4.905669 -4e-06 1e-06 -2e-06 4.761568 19.852423 15.261322 51.831459 7.591066 -8.26676 -178.662582 74.118805 -178.230057 -13.432012 8.914661 11.23781 2.243539 -5.255031 -3.180154 14.282872 -0.826592 6.952493 -3e-06 -12.690593 0.0 16.064926 -18.07085 2.742562 1.665665 -1.955919 -2.878297 4.727792 -4.170582 4.993917 11.020514 2e-06 -2e-06 12.10904 -3.735713 -2.866782 -1e-06 -0.0 -0.0 1.291984 -1.928549 -1.498088 14.800108 0.567469 3.865601 14.242556 -1.341733 -6.660651 19.631941 0.143929 -0.648244 50.396713 -0.865706 -6.302916 0.353028 -1.51115 -0.031939 20.222769 3.684307 2.316627 18.787251 6e-06 -3e-06 10.751617 -0.479867 1.397904 -1e-06 1e-06 -0.0 3.273802 0.305947 -0.580111 21.486788 11.830367 2.266129 8.162919 2e-06 -1e-06 18.399059 -3.79898 -4.94057 3e-06 0.0 -1e-06 -0.83273 4.389142 -13.718593 0.18204 0.21053 54.022751 -3.394015 8.135331 -34.028404 1.773868 -1.82615 -4.905899 0.0 0.0 2e-06 8.309319 -0.616125 -41.153553 0.164757 0.36269 22.155123 15.667703 -0.987957 -1.032032 -1.402954 1.07171 -4.205718 0.0 1e-06 -0.0 
0.0 0.0 0.0 0.0 -0.0 0.0 8.765214 90.231941 -53.224533 -172.723007 28.07287 -175.477722 3.05593 0.488788 13.368143 0.738848 -0.303726 1.523223 2.400122 -1.060218 28.118738 -13.812822 5.608287 -2.706342 0.612454 3.018602 -3.529239 -1.508626 2.850186 -23.037823 7.7e-05 -2.2e-05 6e-06 -0.04269 0.064653 0.02899 0.661298 -3.635931 -10.499665 -0.749014 3.765152 -10.488015 -6.48734 -9.215258 14.49412 -53.221981 -9.694716 0.973235 -179.883606 -69.337608 -179.459473 11.515934 0.424277 11.727041 -5.882103 9.861278 0.702588 -10.936863 -0.360575 7.156201 2e-06 8.774817 -2e-06 -16.545071 18.741272 6.027659 -1.844031 2.498503 -2.507276 -10.163593 4.678941 4.621105 -20.976011 -4e-06 3e-06 -21.226273 2.451695 -3.593998 0.0 -6e-06 -0.0 -1.362682 2.240796 -0.746324 -21.3349 0.584906 3.008322 -13.821205 -4e-06 2e-06 -23.887154 -0.249079 -0.839481 -60.765572 2.750237 -1.007893 -0.294025 1.679686 0.833255 -14.218199 0.093213 1.30058 -34.212032 -0.287565 0.967171 -20.033205 0.964536 1.212844 -0.0 -0.0 0.0 -3.440387 0.788232 0.501654 -15.928177 -3.167307 2.999706 -6.338821 -1e-06 1e-06 -18.123436 3.648179 -4.905666 -4e-06 1e-06 -2e-06 5.106391 19.566765 15.318841 52.495647 8.005754 -7.556314 -179.514511 74.156258 -179.179169 -13.84207 9.11198 11.519396 2.243541 -5.255035 -3.180154 14.282887 -0.826594 6.952498 -4e-06 -12.690598 -1e-06 15.878773 -17.944719 2.798074 1.665665 -1.95592 -2.878298 4.727797 -4.170584 4.993921 11.020522 4e-06 -1e-06 12.109048 -3.735713 -2.866781 0.0 -0.0 0.0 1.291986 -1.92855 -1.498089 14.800127 0.567471 3.865605 14.242568 -1.341735 -6.660653 19.631968 0.143926 -0.648243 50.240147 -0.872233 -6.247155 0.353029 -1.511151 -0.03194 20.22279 3.684311 2.316627 18.78727 8e-06 -1e-06 10.751626 -0.479867 1.397906 -0.0 -0.0 0.0 3.273806 0.305947 -0.580111 21.486809 11.830371 2.266131 8.162924 3e-06 -1e-06 18.399076 -3.798981 -4.940573 3e-06 -1e-06 -1e-06 -0.371065 3.311382 -11.973663 0.156271 0.214169 53.839893 -4.035036 7.616817 -33.231628 1.810728 -1.829685 -6.636013 -0.0 -0.0 2e-06 7.394788 1.265244 -40.562679 0.151019 0.349973 23.775068 13.083989 -1.663691 -0.070344 -1.407621 1.088016 -4.2766 0.0 1e-06 -1e-06 
0.0 0.0 0.0 0.0 -0.0 0.0 10.272453 90.248268 -55.776329 -172.681076 26.694855 -175.396072 3.460153 0.396204 13.238022 0.835002 -0.484194 1.49433 2.59961 -1.226458 27.850273 -14.415376 5.644773 -2.748384 0.545252 2.811718 -3.542374 -1.526302 2.563305 -22.764914 7.7e-05 -2.3e-05 6e-06 -0.042769 0.074604 0.040923 0.668422 -3.631902 -10.498431 -0.75586 3.780602 -10.492918 -6.879183 -9.329226 14.533818 -52.964134 -8.94499 0.894798 -179.890106 -68.970947 -179.373749 11.667911 0.558453 11.847497 -5.882103 9.861284 0.702592 -10.936869 -0.360574 7.156205 0.0 8.774826 0.0 -16.43969 18.74696 6.052649 -1.84403 2.498505 -2.507276 -10.163602 4.678945 4.62111 -20.976023 -1e-06 5e-06 -21.226286 2.451699 -3.593998 -0.0 -6e-06 -0.0 -1.362682 2.240796 -0.746323 -21.334913 0.584909 3.008326 -13.821213 -2e-06 4e-06 -23.887167 -0.249075 -0.839481 -60.651249 2.75348 -1.040763 -0.294024 1.679688 0.833256 -14.218207 0.093214 1.300583 -34.212048 -0.28756 0.967173 -20.033211 0.964539 1.212844 -0.0 -1e-06 1e-06 -3.440389 0.788232 0.501657 -15.928185 -3.167309 2.999709 -6.338824 -0.0 2e-06 -18.123444 3.648184 -4.905667 -4e-06 1e-06 -2e-06 5.293294 19.381458 15.308563 52.868965 8.52432 -6.748509 179.518951 74.227386 179.707169 -14.055002 9.295179 11.625234 2.243541 -5.255033 -3.180157 14.282887 -0.826594 6.952503 -4e-06 -12.690601 1e-06 15.756384 -17.902651 2.792642 1.665666 -1.95592 -2.878301 4.727797 -4.170587 4.993925 11.020524 4e-06 -1e-06 12.109052 -3.735715 -2.866784 -1e-06 -0.0 1e-06 1.291985 -1.928548 -1.498089 14.800125 0.567468 3.865608 14.242569 -1.341734 -6.660658 19.631969 0.143928 -0.648245 50.071095 -0.846831 -6.26544 0.353029 -1.511151 -0.031938 20.222786 3.684311 2.316629 18.78727 5e-06 1e-06 10.751627 -0.479868 1.397906 -1e-06 -0.0 1e-06 3.273805 0.305947 -0.58011 21.486809 11.830373 2.266132 8.162925 1e-06 -0.0 18.399076 -3.798985 -4.940573 2e-06 -1e-06 -1e-06 0.32756 2.677677 -10.61836 0.1265 0.212888 54.770622 -4.691208 6.467257 -31.12394 1.875411 -1.842297 -9.699048 0.0 0.0 2e-06 6.623003 3.015279 -40.38871 0.120644 0.344405 26.610388 10.135515 -2.669023 1.145222 -1.400996 1.111079 -3.96904 -0.0 -0.0 -0.0 
0.0 0.0 0.0 0.0 -0.0 0.0 11.804331 90.289474 -58.441467 -172.944824 25.449991 -175.749969 3.671803 0.209929 13.286972 0.859784 -0.599801 1.597166 2.740535 -1.392472 27.624214 -15.123562 5.85642 -2.716898 0.463734 2.595697 -3.575958 -1.502285 2.216327 -22.765942 7.7e-05 -2.2e-05 6e-06 -0.051734 0.10061 0.055429 0.670387 -3.605267 -10.520562 -0.773915 3.806514 -10.513969 -7.285798 -9.245337 14.457871 -52.764793 -8.199236 0.845659 -179.561615 -68.833847 -179.782959 11.845618 0.616085 11.687163 -5.882101 9.861276 0.702592 -10.936858 -0.360574 7.156199 1e-06 8.774817 0.0 -16.358931 18.953472 6.170274 -1.844032 2.498501 -2.507276 -10.163588 4.678939 4.621105 -20.976004 -3e-06 3e-06 -21.226265 2.451696 -3.593995 1e-06 -4e-06 -0.0 -1.362681 2.240796 -0.74632 -21.334892 0.58491 3.008322 -13.821199 -1e-06 3e-06 -23.887146 -0.249076 -0.839482 -60.660892 2.846439 -1.018744 -0.294025 1.679685 0.833255 -14.218194 0.093214 1.30058 -34.212013 -0.287561 0.967172 -20.033194 0.964539 1.212843 -1e-06 -1e-06 1e-06 -3.440385 0.788233 0.501656 -15.928168 -3.167306 2.999704 -6.338819 -1e-06 2e-06 -18.123425 3.64818 -4.905663 -4e-06 -0.0 -2e-06 4.99499 19.293079 15.058862 53.124619 9.187627 -5.732861 178.253922 74.373825 178.400055 -14.149825 9.238168 11.590867 2.24354 -5.255032 -3.180156 14.282883 -0.826593 6.952501 -4e-06 -12.690596 -0.0 15.76281 -17.856092 2.716859 1.665664 -1.955919 -2.878296 4.727796 -4.170584 4.993922 11.020517 3e-06 1e-06 12.109042 -3.735713 -2.866779 0.0 -0.0 1e-06 1.291985 -1.928548 -1.498089 14.800118 0.567467 3.865608 14.24256 -1.341735 -6.660651 19.631948 0.143925 -0.648244 49.948189 -0.767422 -6.295002 0.353028 -1.511149 -0.031941 20.222776 3.684307 2.316632 18.787262 4e-06 3e-06 10.75162 -0.479869 1.397907 -0.0 -1e-06 -0.0 3.273804 0.305948 -0.580111 21.486799 11.830368 2.266135 8.162921 1e-06 1e-06 18.399067 -3.798984 -4.940568 3e-06 -1e-06 -0.0 1.113119 2.522745 -9.994247 0.07067 0.157078 57.352081 -5.514159 4.521632 -27.349157 2.008524 -1.879958 -14.055776 0.0 -1e-06 2e-06 5.911788 4.021153 -40.339458 0.036787 0.362468 30.478231 8.169003 -3.261209 1.442741 -1.372296 1.18291 -3.376488 0.0 -0.0 -1e-06 
0.0 0.0 0.0 0.0 -0.0 0.0 13.272224 90.31385 -61.044209 -173.526474 24.203171 -176.69313 3.70586 -0.014709 13.669788 0.903902 -0.512497 1.64579 2.763632 -1.591263 27.683632 -15.746267 6.002931 -2.735804 0.453768 2.170893 -3.643535 -1.54941 2.027738 -22.552155 7.7e-05 -2.2e-05 6e-06 -0.028472 0.03729 0.053156 0.705071 -3.68069 -10.594072 -0.762237 3.756557 -10.592485 -7.544727 -9.429188 14.457468 -52.749111 -7.390451 1.05362 179.852722 -68.843216 -179.290039 12.137725 0.794964 11.529204 -5.882098 9.861275 0.702587 -10.936857 -0.360577 7.156196 2e-06 8.774815 -1e-06 -16.204304 18.778248 6.204956 -1.844032 2.498503 -2.507275 -10.163588 4.678936 4.621102 -20.976 -6e-06 -0.0 -21.226263 2.45169 -3.593997 1e-06 -5e-06 -1e-06 -1.36268 2.240796 -0.746322 -21.334887 0.584906 3.008318 -13.821197 -5e-06 1e-06 -23.88714 -0.249082 -0.839481 -60.50745 2.820642 -1.025739 -0.294024 1.679685 0.833255 -14.218193 0.093211 1.300578 -34.212013 -0.287569 0.967169 -20.033192 0.964534 1.212843 -1e-06 0.0 -0.0 -3.440385 0.788233 0.501655 -15.928168 -3.167307 2.999703 -6.338818 -1e-06 0.0 -18.123425 3.648176 -4.905665 -4e-06 0.0 -2e-06 4.500903 19.091614 14.907316 52.898624 10.195137 -4.251137 179.534851 74.740089 179.492538 -13.965392 9.657309 11.585914 2.243539 -5.255033 -3.180156 14.282878 -0.826593 6.952499 -2e-06 -12.690595 1e-06 15.952435 -18.032192 2.684177 1.665665 -1.955919 -2.878297 4.727795 -4.170584 4.99392 11.020515 2e-06 0.0 12.10904 -3.735713 -2.86678 1e-06 -0.0 0.0 1.291984 -1.928548 -1.498088 14.800115 0.567467 3.865605 14.242558 -1.341735 -6.660652 19.631948 0.143924 -0.648243 50.160286 -0.772232 -6.397825 0.353028 -1.511149 -0.03194 20.222773 3.684305 2.316631 18.787254 3e-06 2e-06 10.751619 -0.479869 1.397904 -1e-06 0.0 0.0 3.273804 0.305946 -0.58011 21.48679 11.830364 2.266132 8.162919 -0.0 1e-06 18.399063 -3.798984 -4.940569 2e-06 -0.0 -2e-06 2.030282 2.945184 -10.362934 0.018445 0.157281 61.970169 -7.05083 1.475696 -20.41206 2.137605 -1.803091 -19.204401 -0.0 0.0 2e-06 5.178283 4.206469 -39.938133 0.123366 0.295628 35.003361 6.715203 -3.647785 -0.001904 -1.367598 1.079942 -2.120775 -0.0 -0.0 -1e-06 
0.0 0.0 0.0 0.0 -0.0 0.0 14.699825 90.321121 -63.58083 -174.39241 22.723888 -178.082413 3.59762 -0.257393 14.239799 0.905154 -0.467775 1.833429 2.670292 -1.791585 27.82946 -16.056067 5.977432 -2.714262 0.462428 1.96517 -3.729437 -1.61213 1.723888 -22.273272 7.7e-05 -2.2e-05 6e-06 -0.011019 0.010357 0.037393 0.736362 -3.712185 -10.649543 -0.760483 3.738512 -10.645408 -7.64466 -9.577861 14.444312 -52.870171 -6.959769 1.20892 179.486084 -69.062141 -178.845184 12.273002 1.004054 10.876022 -5.882109 9.86129 0.702592 -10.936871 -0.360574 7.156208 1e-06 8.774827 1e-06 -16.116455 18.669615 6.299633 -1.844032 2.498504 -2.507279 -10.163598 4.678947 4.621112 -20.976023 -4e-06 -1e-06 -21.226288 2.451697 -3.594003 1e-06 -5e-06 -1e-06 -1.362681 2.240798 -0.746323 -21.334913 0.584911 3.008324 -13.821213 -3e-06 1e-06 -23.887167 -0.249079 -0.839484 -60.493313 2.812708 -0.931785 -0.294025 1.679689 0.833258 -14.218208 0.093217 1.30058 -34.212051 -0.287564 0.967168 -20.033213 0.964536 1.212842 -1e-06 0.0 0.0 -3.440387 0.788235 0.501657 -15.928185 -3.16731 2.999707 -6.338825 -1e-06 1e-06 -18.123444 3.648185 -4.905672 -4e-06 -1e-06 -2e-06 3.786407 18.938416 14.483483 52.498154 11.173428 -3.138308 -179.401352 75.089684 -179.583176 -13.635016 9.767571 11.513164 2.243541 -5.255037 -3.180157 14.282884 -0.826597 6.952502 1e-06 -12.690603 -0.0 15.939472 -18.151058 2.686307 1.665665 -1.955922 -2.878299 4.727797 -4.170587 4.993923 11.020522 2e-06 -2e-06 12.109051 -3.735717 -2.866786 -1e-06 -1e-06 -1e-06 1.291986 -1.92855 -1.498089 14.800122 0.567466 3.865608 14.242565 -1.341738 -6.66066 19.631958 0.143924 -0.648247 50.30925 -0.681675 -6.420975 0.353029 -1.51115 -0.031939 20.222784 3.684308 2.316631 18.78727 2e-06 -2e-06 10.751625 -0.479869 1.397905 -2e-06 1e-06 -0.0 3.273805 0.305946 -0.580111 21.486801 11.830369 2.266132 8.162924 1e-06 -0.0 18.399075 -3.798988 -4.940576 3e-06 0.0 -1e-06 3.049767 3.313074 -12.136351 -0.069307 0.149188 68.66246 -9.400378 -1.544822 -10.522661 2.247119 -1.711135 -21.267128 -0.0 -0.0 2e-06 4.545568 3.254594 -39.066246 0.183082 0.257074 39.590412 6.00311 -3.637129 -3.148424 -1.384188 1.028638 -1.346478 -0.0 0.0 -1e-06 
0.0 0.0 0.0 0.0 -0.0 0.0 16.056229 90.19281 -65.996445 -175.263535 20.976957 -179.55014 3.489562 -0.481112 14.867044 0.922424 -0.354779 2.074799 2.60726 -2.002307 28.107857 -16.132935 5.991677 -2.744793 0.353254 1.615555 -3.755653 -1.570236 1.293778 -22.043282 7.7e-05 -2.3e-05 6e-06 -0.013589 0.033128 0.032177 0.726572 -3.687278 -10.663404 -0.758146 3.762403 -10.662428 -7.789329 -9.860168 14.473509 -52.870304 -6.959358 1.182535 179.026581 -69.37944 -178.258835 12.407715 1.321527 9.8659 -5.882102 9.861281 0.70259 -10.936865 -0.360574 7.156202 2e-06 8.774821 -0.0 -16.042442 18.600807 6.359018 -1.84403 2.498503 -2.507277 -10.163592 4.678944 4.621109 -20.976013 -5e-06 0.0 -21.226276 2.451694 -3.593999 1e-06 -5e-06 -0.0 -1.362681 2.240796 -0.746323 -21.334904 0.58491 3.008322 -13.821206 -2e-06 1e-06 -23.887157 -0.249079 -0.839484 -60.577728 2.855085 -0.886513 -0.294025 1.679686 0.833255 -14.218202 0.093214 1.30058 -34.212036 -0.287567 0.96717 -20.033205 0.964534 1.212843 -1e-06 -0.0 0.0 -3.440389 0.788233 0.501657 -15.928179 -3.167309 2.999707 -6.338823 -3e-06 1e-06 -18.123438 3.648178 -4.905667 -4e-06 -1e-06 -2e-06 2.966979 18.970655 13.936758 51.878147 12.025976 -2.607245 -178.190475 75.504692 -178.519638 -13.49944 9.818632 10.865062 2.243541 -5.255034 -3.180156 14.282887 -0.826594 6.952499 -3e-06 -12.690599 -1e-06 15.95129 -18.16715 2.646747 1.665665 -1.95592 -2.878295 4.727797 -4.170585 4.993922 11.020521 3e-06 -0.0 12.109046 -3.735713 -2.866781 -1e-06 -1e-06 -1e-06 1.291985 -1.928548 -1.498089 14.800123 0.567468 3.865607 14.242568 -1.341736 -6.660653 19.631958 0.143927 -0.648243 50.464428 -0.664604 -6.499896 0.353029 -1.51115 -0.03194 20.222784 3.684309 2.316631 18.78727 5e-06 1e-06 10.751624 -0.479868 1.397906 -1e-06 1e-06 -1e-06 3.273806 0.305947 -0.58011 21.486807 11.830369 2.266133 8.162924 2e-06 -1e-06 18.399075 -3.798982 -4.94057 3e-06 1e-06 -1e-06 3.952383 3.86585 -15.129115 -0.114188 0.028769 76.324692 -11.649368 -2.222922 -1.355688 2.132916 -1.728638 -14.789119 0.0 -0.0 2e-06 3.959654 1.635878 -37.773125 0.156175 0.172435 43.573517 5.402556 -3.238476 -6.496587 -1.406791 0.966591 -0.775393 -0.0 0.0 -1e-06 
0.0 0.0 0.0 0.0 -0.0 0.0 17.309725 89.994621 -68.321213 -176.229355 18.997347 179.10788 3.343015 -0.639665 15.328441 0.959856 -0.245863 2.295892 2.545302 -2.117249 28.590002 -16.067543 5.968398 -2.704753 0.152175 1.164529 -3.745664 -1.314136 0.640836 -22.139496 7.7e-05 -2.2e-05 6e-06 -0.035451 0.096139 0.029447 0.687021 -3.624554 -10.658149 -0.763405 3.82494 -10.664237 -8.317209 -10.189392 14.657011 -52.484661 -7.599455 0.820111 178.574905 -69.848312 -177.675797 12.448942 1.804707 9.295991 -5.882102 9.861276 0.702588 -10.93687 -0.360579 7.156208 3e-06 8.774821 -3e-06 -16.11948 18.68247 6.36978 -1.844032 2.498505 -2.507277 -10.163597 4.678937 4.621108 -20.976021 -7e-06 4e-06 -21.226282 2.451692 -3.593995 1e-06 -6e-06 -0.0 -1.362679 2.240796 -0.746323 -21.334911 0.584905 3.008326 -13.82121 -3e-06 4e-06 -23.887165 -0.249081 -0.839478 -60.752121 2.880948 -0.99045 -0.294024 1.679685 0.833255 -14.218207 0.09321 1.300582 -34.212048 -0.287566 0.967178 -20.033211 0.964537 1.212849 -1e-06 -0.0 0.0 -3.440387 0.788232 0.501655 -15.928185 -3.16731 2.999708 -6.338823 -2e-06 2e-06 -18.12344 3.648176 -4.905665 -4e-06 1e-06 -2e-06 2.23513 19.21563 13.419583 50.973423 12.847088 -2.940786 -177.569 76.285194 -178.028366 -13.541368 9.599992 9.422153 2.243539 -5.255031 -3.180155 14.282886 -0.826593 6.952498 -5e-06 -12.690596 2e-06 15.90106 -18.067417 2.601525 1.665665 -1.955919 -2.878296 4.727797 -4.170584 4.99392 11.02052 4e-06 1e-06 12.109045 -3.735713 -2.866779 -1e-06 0.0 -0.0 1.291984 -1.928547 -1.498087 14.800122 0.567469 3.865606 14.242562 -1.341735 -6.66065 19.631954 0.143925 -0.64824 50.482944 -0.641753 -6.551175 0.353029 -1.51115 -0.031939 20.222784 3.684309 2.316632 18.787266 6e-06 3e-06 10.751625 -0.479868 1.397906 1e-06 1e-06 -0.0 3.273806 0.305947 -0.58011 21.486807 11.830368 2.266132 8.162928 3e-06 0.0 18.399075 -3.798981 -4.940569 3e-06 1e-06 -1e-06 4.107487 4.817324 -18.913666 -0.127021 -0.056236 83.482635 -10.626288 1.268748 2.420315 1.989711 -1.839045 -7.484307 -0.0 -0.0 3e-06 3.153258 -0.155805 -36.38055 0.061783 0.081351 47.006931 4.779762 -2.872512 -9.962674 -1.422194 0.894712 -0.30501 -0.0 1e-06 -1e-06 
0.0 0.0 0.0 0.0 -0.0 0.0 18.494671 89.891075 -70.586601 -177.37561 16.89397 178.018951 3.032429 -0.657547 15.545912 0.958092 -0.164458 2.502234 2.435991 -2.126996 29.22571 -15.768147 5.989467 -2.613339 -0.040193 0.563042 -3.712284 -0.91895 -0.108292 -22.382761 7.7e-05 -2.2e-05 5e-06 -0.060722 0.157416 0.022627 0.658879 -3.563159 -10.655573 -0.785816 3.884385 -10.666364 -9.082768 -10.326485 14.966898 -52.100784 -8.85914 0.295965 178.195099 -70.47876 -177.315018 12.39169 2.303275 9.815734 -5.882107 9.861284 0.702589 -10.936868 -0.360574 7.156203 -1e-06 8.774824 -2e-06 -16.197577 18.841187 6.423171 -1.844032 2.498504 -2.507277 -10.163597 4.678943 4.621107 -20.976021 0.0 1e-06 -21.226282 2.451697 -3.594002 1e-06 -6e-06 -0.0 -1.362679 2.240799 -0.746323 -21.334906 0.584911 3.008323 -13.82121 0.0 1e-06 -23.887161 -0.249077 -0.839485 -60.992668 2.873711 -1.120894 -0.294025 1.679688 0.833256 -14.218203 0.093217 1.300581 -34.212044 -0.287561 0.967167 -20.033209 0.964536 1.212842 -1e-06 -0.0 0.0 -3.440388 0.788234 0.501654 -15.928183 -3.167308 2.999708 -6.338824 -1e-06 2e-06 -18.123444 3.648183 -4.90567 -4e-06 2e-06 -2e-06 1.561668 19.576424 13.079085 49.829586 13.903085 -3.793141 -177.670746 77.646896 -178.044601 -13.264286 8.832171 7.953844 2.243541 -5.255036 -3.180157 14.282885 -0.826594 6.952502 -2e-06 -12.690603 -0.0 15.811483 -17.909014 2.557894 1.665665 -1.955921 -2.878299 4.727798 -4.170586 4.993924 11.020522 3e-06 -2e-06 12.10905 -3.735714 -2.866785 0.0 -0.0 -0.0 1.291985 -1.92855 -1.498088 14.800122 0.567469 3.865607 14.242565 -1.341736 -6.660658 19.631958 0.143926 -0.648246 50.459457 -0.613563 -6.580584 0.35303 -1.511151 -0.03194 20.222784 3.684309 2.316629 18.78727 5e-06 -2e-06 10.751625 -0.479868 1.397906 1e-06 1e-06 0.0 3.273806 0.305947 -0.580111 21.486807 11.830373 2.266134 8.162922 1e-06 0.0 18.399076 -3.798985 -4.940574 3e-06 1e-06 -1e-06 3.619076 6.24766 -23.262373 -0.087002 0.005511 88.816216 -7.600091 6.148824 0.879129 1.984959 -1.910439 -5.093779 0.0 0.0 1e-06 2.02862 -1.779448 -34.909096 -0.022778 0.017161 49.659077 4.16378 -2.855351 -13.285615 -1.422996 0.818726 0.032107 -0.0 0.0 -1e-06 
0.0 0.0 0.0 0.0 -0.0 0.0 19.682364 89.899376 -72.82206 -178.454742 14.629008 177.250092 2.684972 -0.534166 15.665896 0.911013 -0.095634 2.677916 2.264845 -2.062132 29.772467 -15.209411 6.051931 -2.415495 -0.25242 -0.110446 -3.68565 -0.401409 -0.829295 -22.458927 7.7e-05 -2.3e-05 6e-06 -0.068555 0.159544 0.016407 0.658688 -3.555315 -10.661213 -0.800388 3.878937 -10.667256 -9.638202 -10.183173 15.345808 -52.270866 -10.274516 0.051788 178.185928 -71.095642 -177.480453 12.542373 2.689629 11.006611 -5.882106 9.86128 0.702592 -10.93687 -0.360574 7.156205 1e-06 8.774821 -0.0 -16.150942 18.89233 6.480656 -1.844033 2.498503 -2.507276 -10.163597 4.678943 4.621108 -20.976017 -2e-06 5e-06 -21.226282 2.451698 -3.593996 0.0 -6e-06 0.0 -1.362681 2.240797 -0.746323 -21.334911 0.584911 3.008324 -13.821213 -2e-06 3e-06 -23.887167 -0.249076 -0.839481 -61.077438 2.897469 -1.169279 -0.294024 1.679686 0.833257 -14.218205 0.093216 1.300582 -34.212044 -0.287561 0.967174 -20.033211 0.964536 1.212844 -1e-06 -1e-06 0.0 -3.440386 0.788234 0.501656 -15.928185 -3.167307 2.999709 -6.338825 -0.0 3e-06 -18.123444 3.648182 -4.905666 -3e-06 2e-06 -2e-06 0.770525 19.977831 12.682203 48.701065 15.049904 -4.440786 -178.474731 79.448364 -178.552032 -12.031129 7.399474 7.344962 2.24354 -5.255033 -3.180156 14.282882 -0.826593 6.952499 -4e-06 -12.690595 1e-06 15.716206 -17.796299 2.526393 1.665666 -1.95592 -2.878298 4.727795 -4.170584 4.993921 11.020519 4e-06 -0.0 12.109045 -3.735709 -2.866781 1e-06 0.0 -1e-06 1.291984 -1.928548 -1.498088 14.80012 0.567469 3.865606 14.242564 -1.341733 -6.660653 19.631958 0.143928 -0.648242 50.417187 -0.622653 -6.566786 0.353028 -1.511149 -0.03194 20.22278 3.684309 2.316631 18.787262 6e-06 0.0 10.751622 -0.479868 1.397906 0.0 1e-06 0.0 3.273806 0.305947 -0.58011 21.486801 11.830369 2.266132 8.162924 3e-06 1e-06 18.399071 -3.798982 -4.94057 4e-06 -0.0 -1e-06 2.971617 7.892974 -28.063814 0.007482 0.178128 91.352516 -5.030305 9.787244 -1.666267 2.010577 -1.945633 -4.636003 -0.0 -0.0 1e-06 0.916591 -3.170199 -33.241222 -0.072087 -0.024299 51.476635 3.622411 -3.388441 -16.231186 -1.417474 0.763604 0.293109 0.0 0.0 -1e-06 
0.0 0.0 0.0 0.0 -0.0 0.0 20.8412 89.932076 -75.080643 -179.24173 12.318647 176.879715 2.445765 -0.334709 15.807899 0.872963 0.023564 2.797627 2.092477 -1.95485 29.948584 -14.634298 6.121819 -2.044178 -0.456865 -0.7353 -3.623363 0.150504 -1.45253 -22.634417 7.7e-05 -2.2e-05 6e-06 -0.07074 0.142957 0.025315 0.666848 -3.565591 -10.652713 -0.811649 3.854385 -10.650719 -9.914147 -9.744226 15.618046 -52.88887 -11.229142 0.539043 178.389801 -71.401314 -177.956024 12.571786 2.793662 12.126767 -5.882101 9.861278 0.70259 -10.936865 -0.360576 7.156203 3e-06 8.774821 -1e-06 -16.091438 18.87347 6.563903 -1.84403 2.498501 -2.507277 -10.163594 4.67894 4.621106 -20.976013 -6e-06 6e-06 -21.226273 2.451695 -3.593993 1e-06 -6e-06 0.0 -1.362681 2.240796 -0.746323 -21.334902 0.584905 3.008324 -13.821205 -4e-06 4e-06 -23.887157 -0.24908 -0.839477 -61.166149 2.914561 -1.114484 -0.294025 1.679687 0.833255 -14.218202 0.093212 1.300582 -34.212025 -0.287564 0.967177 -20.033201 0.964537 1.212847 -1e-06 -1e-06 1e-06 -3.440387 0.788231 0.501656 -15.928179 -3.167311 2.999708 -6.338823 -2e-06 3e-06 -18.123436 3.64818 -4.905664 -4e-06 2e-06 -2e-06 -0.184999 20.415964 12.195765 47.820465 16.000423 -4.959535 179.302948 80.594559 179.481827 -10.59159 6.014016 6.985455 2.243538 -5.255032 -3.180155 14.282878 -0.826592 6.952497 -2e-06 -12.690593 -1e-06 15.679451 -17.740906 2.502394 1.665664 -1.95592 -2.878296 4.727795 -4.170584 4.993919 11.020517 3e-06 -0.0 12.10904 -3.735713 -2.866781 1e-06 -0.0 -1e-06 1.291985 -1.928548 -1.498089 14.800115 0.567469 3.865604 14.242558 -1.341734 -6.66065 19.631952 0.143927 -0.648241 50.387997 -0.682935 -6.498166 0.353029 -1.511149 -0.031938 20.222775 3.684309 2.316629 18.787256 5e-06 0.0 10.751619 -0.479867 1.397905 1e-06 1e-06 1e-06 3.273804 0.305947 -0.580109 21.486795 11.830365 2.266132 8.162919 2e-06 -0.0 18.399063 -3.798982 -4.940569 3e-06 -0.0 -1e-06 2.427426 9.265419 -32.93692 0.152833 0.393041 90.782143 -3.415587 11.52349 -3.756004 2.032507 -1.983212 -4.681486 -0.0 -0.0 1e-06 0.099075 -4.340146 -31.656492 -0.104737 -0.058776 52.858093 3.395817 -4.205813 -18.901745 -1.410976 0.738922 0.471109 0.0 0.0 -1e-06 
0.0 0.0 0.0 0.0 -0.0 0.0 21.899088 90.012672 -77.422913 -179.840622 10.05581 176.852386 2.24743 -0.116795 15.90303 0.840543 0.182311 2.885823 1.927396 -1.798545 29.905048 -14.10842 6.167413 -1.693671 -0.656889 -1.28804 -3.548738 0.653169 -2.043434 -22.949434 7.7e-05 -2.2e-05 5e-06 -0.077887 0.145119 0.043524 0.669295 -3.560256 -10.63161 -0.827449 3.852581 -10.623126 -10.071774 -9.228027 15.767232 -53.470825 -11.592388 1.594852 178.74527 -71.429482 -178.522934 12.232941 2.82201 13.086489 -5.882101 9.861277 0.702589 -10.936865 -0.360573 7.156197 0.0 8.774817 -0.0 -16.099581 18.815195 6.606122 -1.844029 2.498502 -2.507275 -10.163589 4.67894 4.621104 -20.976006 -4e-06 2e-06 -21.226269 2.451696 -3.593996 0.0 -6e-06 -1e-06 -1.362683 2.240796 -0.746322 -21.334896 0.584909 3.00832 -13.821202 -2e-06 2e-06 -23.887152 -0.249076 -0.839484 -61.228378 2.912377 -1.068338 -0.294024 1.679687 0.833255 -14.218197 0.093215 1.300579 -34.212021 -0.287564 0.967169 -20.033195 0.964535 1.212841 -0.0 -1e-06 1e-06 -3.440384 0.788232 0.501654 -15.928168 -3.167307 2.999702 -6.338821 -2e-06 0.0 -18.123426 3.648181 -4.905665 -4e-06 2e-06 -1e-06 -1.173836 20.878807 11.584854 47.132668 16.782774 -5.794486 176.675446 80.699677 177.019104 -9.67383 5.322887 6.203486 2.243539 -5.255034 -3.180156 14.28288 -0.826593 6.952499 -4e-06 -12.690598 -2e-06 15.63839 -17.705048 2.497727 1.665665 -1.955921 -2.878297 4.727795 -4.170584 4.99392 11.02052 3e-06 0.0 12.109046 -3.735713 -2.86678 1e-06 1e-06 -1e-06 1.291985 -1.928549 -1.498088 14.800118 0.567469 3.865606 14.242562 -1.341736 -6.660653 19.631954 0.143926 -0.648243 50.343971 -0.761184 -6.401262 0.353028 -1.51115 -0.03194 20.222782 3.68431 2.316631 18.78726 6e-06 2e-06 10.75162 -0.479868 1.397906 -1e-06 1e-06 -0.0 3.273805 0.305947 -0.580111 21.486801 11.830369 2.266135 8.162922 3e-06 1e-06 18.399075 -3.798982 -4.94057 4e-06 0.0 -1e-06 1.872225 10.106808 -37.41449 0.287617 0.507074 87.121902 -2.63142 11.78388 -4.85886 2.008336 -2.024589 -4.845474 0.0 0.0 2e-06 -0.530932 -5.347051 -30.204771 -0.125285 -0.090616 53.876972 3.559631 -5.102633 -21.256701 -1.409686 0.738396 0.561213 0.0 0.0 -1e-06 
0.0 0.0 0.0 0.0 -0.0 0.0 22.83222 90.131485 -79.810158 179.576538 7.746609 177.043701 2.032788 0.06985 15.941517 0.777586 0.330531 2.941544 1.74851 -1.562585 29.792852 -13.532317 6.137239 -1.475429 -0.843914 -1.852188 -3.490369 1.079789 -2.655755 -23.226015 7.7e-05 -2.2e-05 6e-06 -0.088035 0.166361 0.05899 0.663927 -3.537394 -10.615097 -0.841841 3.87274 -10.60372 -10.07814 -8.8148 15.834146 -53.861362 -11.570415 3.017788 179.160172 -71.277649 -179.090408 11.652511 2.813044 13.805922 -5.882098 9.861275 0.702591 -10.936857 -0.360577 7.156196 1e-06 8.774817 -1e-06 -16.150702 18.726852 6.595801 -1.84403 2.498502 -2.507276 -10.163588 4.678938 4.621103 -20.976004 -5e-06 2e-06 -21.226265 2.451691 -3.593996 1e-06 -6e-06 -1e-06 -1.36268 2.240795 -0.74632 -21.334894 0.584908 3.008318 -13.821199 -3e-06 1e-06 -23.887146 -0.249081 -0.839483 -61.270069 2.893034 -1.067085 -0.294026 1.679684 0.833254 -14.218194 0.093213 1.300578 -34.212017 -0.287568 0.967169 -20.033194 0.964533 1.212843 -0.0 -1e-06 0.0 -3.440383 0.788232 0.501657 -15.928168 -3.167308 2.999701 -6.338819 -3e-06 2e-06 -18.123425 3.648177 -4.905664 -4e-06 1e-06 -2e-06 -2.130139 21.327303 10.884515 46.521008 17.48912 -7.332263 174.716278 80.067535 175.103333 -9.487714 5.186154 5.355031 2.243538 -5.255033 -3.180154 14.282876 -0.826592 6.952498 -3e-06 -12.690596 -0.0 15.576776 -17.673597 2.532601 1.665664 -1.95592 -2.878297 4.727794 -4.170583 4.99392 11.020517 3e-06 -0.0 12.109038 -3.735711 -2.866783 1e-06 1e-06 -1e-06 1.291984 -1.928548 -1.498089 14.800115 0.567472 3.865605 14.242559 -1.341733 -6.660653 19.631948 0.143927 -0.648243 50.33556 -0.81201 -6.315724 0.35303 -1.51115 -0.03194 20.222775 3.68431 2.316628 18.787254 6e-06 1e-06 10.751617 -0.479867 1.397906 -0.0 0.0 -0.0 3.273803 0.305947 -0.58011 21.486795 11.830368 2.266133 8.162921 3e-06 0.0 18.399065 -3.798982 -4.940569 3e-06 0.0 -1e-06 1.163238 10.159816 -41.039497 0.369174 0.487658 80.482819 -2.365763 11.430161 -5.346249 1.926478 -2.064693 -4.931011 0.0 -0.0 2e-06 -1.159974 -6.282146 -28.779297 -0.118438 -0.112815 54.609955 4.061484 -6.128112 -23.446102 -1.416551 0.747535 0.556298 -0.0 0.0 -1e-06 
0.0 0.0 0.0 0.0 -0.0 0.0 23.610336 90.228409 -82.149895 179.033722 5.498369 177.433731 1.818751 0.195745 15.911419 0.712734 0.428671 2.935226 1.582878 -1.17489 29.689211 -12.941195 6.033698 -1.399307 -1.023043 -2.443046 -3.468661 1.40259 -3.316397 -23.341473 7.7e-05 -2.3e-05 5e-06 -0.092018 0.179533 0.067766 0.657574 -3.524643 -10.618533 -0.843041 3.887499 -10.6043 -9.970266 -8.486799 15.821778 -54.141975 -11.400647 4.563887 179.524551 -70.934532 -179.648895 11.085927 2.739765 14.334895 -5.882102 9.861277 0.702591 -10.936862 -0.360575 7.1562 1e-06 8.774817 -0.0 -16.172615 18.660496 6.558428 -1.84403 2.498502 -2.507277 -10.163594 4.67894 4.621106 -20.976011 -4e-06 3e-06 -21.226271 2.451696 -3.593996 0.0 -7e-06 0.0 -1.362682 2.240796 -0.746322 -21.334896 0.584909 3.008322 -13.821203 -2e-06 3e-06 -23.887152 -0.249076 -0.839481 -61.254211 2.878261 -1.101787 -0.294024 1.679687 0.833254 -14.218198 0.093215 1.300581 -34.212025 -0.287563 0.967173 -20.033201 0.964537 1.212844 0.0 -2e-06 0.0 -3.440388 0.788233 0.501655 -15.928176 -3.167306 2.999705 -6.338822 -2e-06 3e-06 -18.123436 3.648182 -4.905665 -4e-06 -0.0 -1e-06 -3.007059 21.771828 10.266935 45.775318 18.17926 -9.634693 173.423065 79.128799 173.732971 -9.744567 5.162873 4.913821 2.243541 -5.255032 -3.180154 14.282876 -0.826593 6.952494 -2e-06 -12.690592 -0.0 15.548037 -17.639734 2.600074 1.665665 -1.95592 -2.878295 4.727794 -4.170583 4.993919 11.020514 5e-06 -1e-06 12.109039 -3.73571 -2.86678 1e-06 1e-06 -1e-06 1.291985 -1.928547 -1.498087 14.800114 0.567468 3.865604 14.242558 -1.341735 -6.660649 19.631948 0.143926 -0.648244 50.380775 -0.801152 -6.231178 0.353029 -1.511149 -0.03194 20.222771 3.684308 2.316627 18.787254 6e-06 0.0 10.751617 -0.479868 1.397905 0.0 1e-06 -0.0 3.273803 0.305947 -0.58011 21.486795 11.830366 2.266131 8.162919 3e-06 -1e-06 18.399067 -3.79898 -4.940569 3e-06 -0.0 -1e-06 0.399234 9.645222 -43.509491 0.41454 0.40422 71.363449 -2.51081 10.824544 -5.16359 1.833004 -2.10167 -4.657871 -0.0 0.0 3e-06 -1.729085 -7.117199 -27.390129 -0.10567 -0.124468 55.102196 4.786095 -7.192546 -25.537508 -1.423814 0.765715 0.434677 -0.0 0.0 -1e-06 
0.0 0.0 0.0 0.0 -0.0 0.0 24.235086 90.293541 -84.484718 178.611252 3.400759 178.002319 1.625669 0.270381 15.778591 0.696368 0.477602 2.881459 1.472355 -0.627645 29.589445 -12.378584 5.874917 -1.407479 -1.233995 -3.076617 -3.475186 1.685835 -4.0562 -23.300894 7.7e-05 -2.2e-05 6e-06 -0.087844 0.17112 0.071764 0.654866 -3.533892 -10.636226 -0.83139 3.880373 -10.616242 -9.803531 -8.153353 15.674963 -54.501404 -11.183767 5.924427 -179.846313 -70.495033 179.550461 10.61197 2.500859 14.618575 -5.882102 9.86128 0.702591 -10.936863 -0.360574 7.156201 1e-06 8.774821 -1e-06 -16.161007 18.613962 6.463347 -1.844031 2.498505 -2.507277 -10.163597 4.678942 4.621108 -20.976013 -5e-06 1e-06 -21.226276 2.451694 -3.593999 -0.0 -6e-06 -0.0 -1.362683 2.240798 -0.746322 -21.334904 0.584909 3.008322 -13.821206 -2e-06 1e-06 -23.887157 -0.249079 -0.839483 -61.141087 2.90385 -1.183232 -0.294024 1.679686 0.833256 -14.2182 0.093216 1.300581 -34.212032 -0.287563 0.967168 -20.033203 0.964535 1.212843 -1e-06 -2e-06 0.0 -3.440388 0.788233 0.501655 -15.928181 -3.167308 2.999705 -6.338824 -1e-06 1e-06 -18.123438 3.64818 -4.905669 -4e-06 1e-06 -3e-06 -3.794269 22.21862 9.753901 44.877388 18.763189 -12.341811 172.331039 78.25592 172.560333 -10.013131 5.210198 4.803874 2.24354 -5.255036 -3.180157 14.282883 -0.826596 6.952499 -1e-06 -12.690601 0.0 15.559969 -17.642582 2.66274 1.665666 -1.955921 -2.878297 4.727797 -4.170586 4.993923 11.02052 3e-06 -2e-06 12.109046 -3.735715 -2.866783 1e-06 1e-06 -0.0 1.291986 -1.928548 -1.49809 14.800122 0.567468 3.865607 14.242564 -1.341736 -6.660656 19.631956 0.143924 -0.648244 50.435577 -0.751291 -6.154498 0.353028 -1.51115 -0.031941 20.222784 3.684308 2.316629 18.787268 4e-06 0.0 10.751625 -0.47987 1.397906 -0.0 -0.0 -0.0 3.273804 0.305946 -0.58011 21.486803 11.830368 2.266133 8.162923 0.0 -1e-06 18.399075 -3.798986 -4.940574 4e-06 -0.0 -1e-06 -0.28396 8.972109 -44.827457 0.409591 0.326639 60.219284 -3.398598 9.809755 -3.874273 1.76966 -2.133735 -4.217799 0.0 0.0 2e-06 -2.138791 -7.859442 -25.948856 -0.089682 -0.109742 55.251949 5.580048 -8.22925 -27.507641 -1.426482 0.788011 0.242167 -0.0 0.0 -1e-06 
0.0 0.0 0.0 0.0 -0.0 0.0 24.708048 90.323105 -86.933517 178.425629 1.548634 178.611511 1.52005 0.326924 15.616668 0.715836 0.572853 2.80281 1.444995 -0.036943 29.431538 -11.828176 5.667725 -1.446683 -1.432015 -3.722707 -3.487586 1.989635 -4.759453 -23.169561 7.7e-05 -2.3e-05 6e-06 -0.084349 0.158102 0.076105 0.655292 -3.547664 -10.649939 -0.823863 3.867374 -10.623217 -9.560206 -7.758611 15.399228 -55.13813 -10.846326 7.016044 -178.98201 -70.064377 178.633698 10.204454 2.017706 14.467907 -5.882106 9.861284 0.70259 -10.936872 -0.360576 7.156209 2e-06 8.774824 -2e-06 -16.172541 18.537481 6.30482 -1.844032 2.498504 -2.507278 -10.163599 4.678944 4.621109 -20.976023 -6e-06 5e-06 -21.226286 2.451695 -3.593998 -0.0 -6e-06 -2e-06 -1.362679 2.240798 -0.746323 -21.334913 0.584908 3.008324 -13.821213 -4e-06 3e-06 -23.887167 -0.24908 -0.83948 -61.048691 2.953657 -1.249113 -0.294025 1.679687 0.833256 -14.218208 0.093213 1.300581 -34.212048 -0.287564 0.967173 -20.033213 0.964537 1.212846 -1e-06 -2e-06 1e-06 -3.440389 0.788234 0.501655 -15.928187 -3.167311 2.999708 -6.338827 -1e-06 2e-06 -18.123444 3.648181 -4.905669 -3e-06 1e-06 -2e-06 -4.539513 22.643465 9.334232 44.105965 19.204512 -14.838663 171.761871 77.604698 171.88002 -10.100485 5.31968 4.752017 2.243539 -5.255035 -3.180157 14.282887 -0.826593 6.952503 -2e-06 -12.690603 1e-06 15.629235 -17.690563 2.669065 1.665664 -1.95592 -2.878298 4.727796 -4.170586 4.993924 11.02052 5e-06 0.0 12.109048 -3.735715 -2.866781 2e-06 -0.0 -0.0 1.291983 -1.928549 -1.498089 14.800125 0.567469 3.865608 14.242566 -1.341735 -6.660654 19.631962 0.143926 -0.648242 50.444214 -0.708732 -6.097642 0.353029 -1.51115 -0.031939 20.222786 3.68431 2.316633 18.78727 4e-06 3e-06 10.751625 -0.479868 1.397907 1e-06 -1e-06 0.0 3.273806 0.305947 -0.58011 21.486805 11.830372 2.266135 8.162924 2e-06 1e-06 18.399075 -3.798986 -4.94057 3e-06 -0.0 -1e-06 -0.648987 8.276284 -44.943821 0.34803 0.304627 47.932827 -5.194314 8.498457 -2.576162 1.71619 -2.158746 -3.751166 0.0 -0.0 2e-06 -2.288956 -8.539873 -24.267006 -0.060832 -0.059258 55.044811 6.375422 -9.148551 -29.391718 -1.42679 0.790204 -0.019368 -0.0 0.0 -1e-06 
0.0 0.0 0.0 0.0 -0.0 0.0 24.996151 90.325729 -89.614586 178.500229 0.006212 179.120621 1.492442 0.407645 15.488675 0.7166 0.837887 2.68785 1.524108 0.466721 29.20425 -11.241072 5.428315 -1.485405 -1.614657 -4.292896 -3.483792 2.28496 -5.362116 -23.034088 7.7e-05 -2.3e-05 6e-06 -0.085925 0.164403 0.078824 0.656217 -3.542863 -10.667735 -0.826781 3.873438 -10.636271 -9.310787 -7.292339 15.10272 -56.052795 -10.249992 7.855695 -178.12204 -69.638603 177.725479 9.981568 1.308815 13.780972 -5.882101 9.86128 0.702592 -10.936863 -0.360576 7.156198 1e-06 8.77482 -0.0 -16.205696 18.387518 6.117976 -1.844032 2.498503 -2.507277 -10.163592 4.678943 4.621105 -20.976009 -6e-06 0.0 -21.226273 2.451694 -3.593998 -0.0 -7e-06 -2e-06 -1.36268 2.240795 -0.746322 -21.334898 0.584909 3.008319 -13.821203 -2e-06 2e-06 -23.887152 -0.249079 -0.839483 -60.987244 3.006715 -1.265252 -0.294025 1.679686 0.833255 -14.218197 0.093213 1.300579 -34.212025 -0.287566 0.967169 -20.033199 0.964534 1.212842 -1e-06 -1e-06 -0.0 -3.440386 0.788233 0.501656 -15.928176 -3.167308 2.999704 -6.338823 -0.0 -0.0 -18.123436 3.648179 -4.905669 -3e-06 1e-06 -2e-06 -5.258034 23.079988 9.082691 43.700146 19.550957 -16.783216 171.916412 77.089157 171.913879 -9.950458 5.449676 4.590963 2.243537 -5.255034 -3.180155 14.282882 -0.826596 6.952502 -3e-06 -12.690598 2e-06 15.685272 -17.77326 2.631469 1.665665 -1.95592 -2.878298 4.727799 -4.170585 4.993922 11.02052 3e-06 1e-06 12.109042 -3.735715 -2.866779 2e-06 1e-06 0.0 1.291985 -1.928548 -1.498087 14.800122 0.567467 3.865605 14.24256 -1.341737 -6.660653 19.631952 0.143924 -0.648243 50.452766 -0.724547 -6.089871 0.353029 -1.51115 -0.03194 20.222776 3.684307 2.31663 18.787262 3e-06 2e-06 10.751622 -0.47987 1.397906 -0.0 1e-06 0.0 3.273804 0.305947 -0.58011 21.486799 11.830368 2.266132 8.162922 1e-06 1e-06 18.399075 -3.798986 -4.940569 3e-06 -0.0 -1e-06 -0.631121 7.513288 -44.277775 0.245105 0.303983 36.330517 -7.39717 7.443056 -2.298109 1.6434 -2.142239 -3.669867 0.0 0.0 3e-06 -2.207525 -9.250368 -22.186047 -0.018563 0.029863 54.521339 7.231773 -9.831975 -31.187244 -1.428992 0.754872 -0.32442 -0.0 0.0 -1e-06 
0.0 0.0 0.0 0.0 -0.0 0.0 25.090145 90.273323 -92.563179 178.732468 -1.211545 179.494171 1.443751 0.521271 15.395021 0.676464 1.229227 2.51729 1.646951 0.871125 28.894804 -10.605886 5.1741 -1.466326 -1.813839 -4.656297 -3.460331 2.551508 -5.856815 -22.905752 7.7e-05 -2.2e-05 5e-06 -0.08845 0.184206 0.074867 0.654424 -3.526782 -10.705617 -0.828923 3.895577 -10.672475 -9.111911 -6.765019 14.979046 -57.020859 -9.403831 8.589918 -177.861008 -69.185249 177.359772 9.921676 0.546692 12.680332 -5.882098 9.861276 0.702588 -10.936863 -0.360573 7.156199 1e-06 8.774817 -1e-06 -16.242033 18.23333 5.965304 -1.844032 2.498501 -2.507276 -10.163588 4.678939 4.621102 -20.976004 -6e-06 1e-06 -21.226265 2.451691 -3.593997 0.0 -6e-06 -2e-06 -1.362681 2.240797 -0.746324 -21.334892 0.584907 3.008319 -13.821199 -5e-06 0.0 -23.88715 -0.249082 -0.839483 -60.935486 3.046163 -1.31063 -0.294024 1.679686 0.833254 -14.218195 0.093213 1.300578 -34.212013 -0.287569 0.967169 -20.033192 0.964535 1.212843 -1e-06 -1e-06 -1e-06 -3.440385 0.788232 0.501656 -15.928168 -3.167308 2.999702 -6.33882 -2e-06 1e-06 -18.123426 3.648176 -4.905666 -2e-06 0.0 -3e-06 -5.870584 23.56303 9.029644 43.789417 19.780397 -18.142319 172.176529 76.552338 172.062241 -9.602781 5.519454 4.263094 2.243538 -5.255033 -3.180156 14.282883 -0.826592 6.952501 -3e-06 -12.690599 1e-06 15.706984 -17.806787 2.55679 1.665667 -1.955919 -2.878298 4.727794 -4.170585 4.993924 11.02052 4e-06 -1e-06 12.109043 -3.735713 -2.866781 1e-06 1e-06 -0.0 1.291983 -1.928548 -1.498088 14.800118 0.567469 3.865605 14.24256 -1.341734 -6.660653 19.631952 0.143927 -0.648243 50.528278 -0.762905 -6.131518 0.353026 -1.51115 -0.03194 20.222775 3.684308 2.316629 18.787256 5e-06 1e-06 10.75162 -0.47987 1.397906 -0.0 0.0 1e-06 3.273805 0.305947 -0.580111 21.486801 11.830368 2.266132 8.162921 2e-06 1e-06 18.399071 -3.798983 -4.940569 3e-06 0.0 -1e-06 -0.40885 6.64815 -43.538498 0.14614 0.279041 27.570377 -8.970277 7.179724 -3.463074 1.57624 -2.076212 -3.973768 0.0 -0.0 2e-06 -2.060134 -9.949816 -19.851707 0.016378 0.127465 53.896172 8.154226 -10.221705 -32.740768 -1.429409 0.693955 -0.660975 -0.0 0.0 -1e-06 
0.0 0.0 0.0 0.0 -0.0 0.0 24.984705 90.140144 -95.667381 179.045517 -2.291768 179.79953 1.338327 0.590345 15.274426 0.60541 1.602271 2.264275 1.732952 1.296229 28.549162 -9.946348 4.94995 -1.416128 -1.998846 -4.806982 -3.393403 2.783096 -6.324418 -22.930628 7.7e-05 -2.3e-05 6e-06 -0.078907 0.160105 0.066287 0.664097 -3.563959 -10.741179 -0.818611 3.883991 -10.706113 -8.863624 -6.167073 14.97092 -57.952019 -8.365807 9.287831 -177.730484 -68.701118 177.045395 9.936254 -0.122133 11.198255 -5.882098 9.861272 0.70259 -10.936857 -0.360576 7.156199 1e-06 8.774817 -2e-06 -16.328516 18.135597 5.847037 -1.844029 2.498501 -2.507275 -10.163588 4.678936 4.621105 -20.976004 -3e-06 7e-06 -21.226263 2.451695 -3.593993 1e-06 -5e-06 -1e-06 -1.362679 2.240795 -0.746323 -21.334892 0.584907 3.008325 -13.821197 -2e-06 5e-06 -23.88714 -0.249076 -0.839477 -60.790535 2.966245 -1.459314 -0.294024 1.679685 0.833255 -14.218195 0.093213 1.300582 -34.212013 -0.287562 0.967178 -20.033194 0.964537 1.212845 -0.0 -2e-06 -0.0 -3.440386 0.788232 0.501655 -15.928168 -3.167308 2.999707 -6.338819 -1e-06 3e-06 -18.123426 3.648181 -4.905659 -2e-06 0.0 -2e-06 -6.2799 24.012014 9.181158 44.301693 19.901407 -18.88047 172.489014 75.99968 172.3228 -9.127084 5.695671 3.545873 2.243539 -5.255033 -3.180155 14.28288 -0.826593 6.952496 -4e-06 -12.690597 2e-06 15.760386 -17.835779 2.559829 1.665665 -1.955919 -2.878296 4.72779 -4.170585 4.99392 11.020517 4e-06 -2e-06 12.10904 -3.735712 -2.866781 2e-06 -0.0 -0.0 1.291986 -1.928546 -1.498087 14.800115 0.567468 3.865601 14.242559 -1.341732 -6.660652 19.631948 0.143927 -0.648244 50.530411 -0.768638 -6.139668 0.353029 -1.511149 -0.031939 20.222775 3.684308 2.316627 18.787254 7e-06 -1e-06 10.751617 -0.479867 1.397904 -0.0 -0.0 0.0 3.273804 0.305947 -0.580111 21.486797 11.830368 2.266128 8.162921 2e-06 -1e-06 18.399067 -3.798981 -4.940571 3e-06 0.0 -1e-06 -0.172678 5.763029 -43.266693 0.086287 0.240139 23.134607 -9.55064 7.710042 -5.495286 1.541381 -2.004772 -4.130843 0.0 -0.0 2e-06 -1.913259 -10.611436 -17.52705 0.031385 0.170608 53.543304 8.973837 -10.425666 -33.687263 -1.435442 0.670804 -1.089052 -0.0 0.0 -1e-06 
0.0 0.0 0.0 0.0 -0.0 0.0 24.786022 89.994553 -98.795044 179.277344 -3.260225 -179.81694 1.119105 0.665529 15.031571 0.554694 1.916059 2.071078 1.71806 1.735579 28.170444 -9.305451 4.796198 -1.332925 -2.21263 -4.983132 -3.367998 3.121041 -6.817116 -22.969913 7.7e-05 -2.3e-05 5e-06 -0.068468 0.119935 0.063699 0.667966 -3.611898 -10.741619 -0.801019 3.850088 -10.71855 -8.748333 -5.602248 15.052198 -58.544979 -7.393077 10.152166 -178.23912 -68.354042 177.555359 9.947881 -0.569027 9.814338 -5.882101 9.861273 0.702591 -10.936861 -0.360576 7.1562 0.0 8.774817 -1e-06 -16.400385 18.177855 5.810672 -1.84403 2.498501 -2.507275 -10.16359 4.678938 4.621105 -20.976004 -4e-06 7e-06 -21.226261 2.451695 -3.593992 1e-06 -4e-06 -1e-06 -1.36268 2.240796 -0.746322 -21.334894 0.584906 3.008326 -13.821198 -2e-06 7e-06 -23.887142 -0.249076 -0.839477 -60.687317 2.982829 -1.52799 -0.294023 1.679685 0.833255 -14.218197 0.093215 1.300583 -34.212021 -0.287563 0.967178 -20.033195 0.964539 1.212847 -0.0 -0.0 -0.0 -3.440385 0.788232 0.501656 -15.928172 -3.167307 2.999708 -6.338821 -2e-06 4e-06 -18.123426 3.648181 -4.905661 -2e-06 1e-06 -3e-06 -6.416606 24.350529 9.35092 45.18895 19.800333 -19.036301 172.179657 75.311699 172.004425 -8.64964 5.828662 2.96224 2.243538 -5.255029 -3.180152 14.282874 -0.826591 6.952491 -5e-06 -12.69059 1e-06 15.870342 -17.72761 2.515552 1.665664 -1.955918 -2.878295 4.727793 -4.170582 4.993916 11.020512 4e-06 0.0 12.109037 -3.73571 -2.866778 0.0 0.0 -0.0 1.291984 -1.928546 -1.498087 14.800112 0.56747 3.865601 14.242554 -1.341733 -6.660647 19.631945 0.143928 -0.648242 50.586086 -0.780907 -6.113115 0.353028 -1.511149 -0.03194 20.222769 3.684309 2.316626 18.787251 8e-06 1e-06 10.751616 -0.479866 1.397905 -0.0 -0.0 0.0 3.273802 0.305947 -0.58011 21.486788 11.830363 2.266127 8.162917 2e-06 -0.0 18.399057 -3.798978 -4.940567 3e-06 0.0 -1e-06 -0.323569 5.164067 -43.433552 0.064562 0.163272 23.015457 -9.584453 8.062133 -6.756676 1.553944 -2.015483 -4.415038 0.0 0.0 3e-06 -1.973214 -11.248697 -15.520839 0.049385 0.213634 53.644691 9.878253 -10.536854 -34.069633 -1.426229 0.628526 -2.010169 -0.0 0.0 -1e-06 
0.0 0.0 0.0 0.0 -0.0 0.0 24.446482 89.851227 -101.991867 179.305939 -4.16648 -179.2621 0.751133 0.735069 14.673459 0.486856 2.183632 1.911932 1.586441 2.189164 27.810858 -8.748523 4.753306 -1.365198 -2.361558 -5.218925 -3.369274 3.506343 -7.305479 -22.859131 7.7e-05 -2.3e-05 5e-06 -0.066837 0.104174 0.057057 0.657311 -3.631073 -10.719949 -0.786488 3.835599 -10.710369 -8.805864 -5.085186 15.057501 -58.898621 -6.32445 11.160553 -179.009506 -68.058487 178.295563 10.010194 -0.840707 8.738619 -5.882102 9.861279 0.70259 -10.936867 -0.360576 7.156202 1e-06 8.774822 -0.0 -16.460369 18.200054 5.78275 -1.844031 2.498502 -2.507277 -10.163595 4.678939 4.621107 -20.976021 -7e-06 2e-06 -21.226278 2.451694 -3.593997 0.0 -6e-06 -1e-06 -1.36268 2.240796 -0.746324 -21.334909 0.584907 3.008321 -13.821213 -6e-06 3e-06 -23.887165 -0.249079 -0.839481 -60.70668 2.973747 -1.572283 -0.294023 1.679684 0.833255 -14.218204 0.093214 1.300579 -34.21204 -0.287569 0.967174 -20.033209 0.964534 1.212845 1e-06 -0.0 0.0 -3.440388 0.788234 0.501655 -15.928183 -3.16731 2.999706 -6.338822 -1e-06 1e-06 -18.123444 3.648179 -4.905669 -3e-06 1e-06 -3e-06 -6.211151 24.584858 9.660797 46.273251 19.545841 -18.624353 172.020081 74.586159 171.882034 -8.100033 6.09784 2.604703 2.243541 -5.255036 -3.180156 14.282886 -0.826593 6.952496 -1e-06 -12.690598 -1e-06 15.868944 -17.673677 2.563064 1.665665 -1.955921 -2.878298 4.727796 -4.170585 4.993921 11.020524 3e-06 -2e-06 12.109047 -3.735714 -2.866784 1e-06 0.0 -0.0 1.291983 -1.928549 -1.498089 14.800123 0.567469 3.865604 14.242566 -1.341737 -6.660656 19.631958 0.143928 -0.648245 50.532307 -0.814594 -6.068372 0.35303 -1.51115 -0.03194 20.222786 3.684308 2.316628 18.787268 5e-06 -1e-06 10.751624 -0.479867 1.397905 -0.0 0.0 1e-06 3.273806 0.305947 -0.580111 21.486809 11.830371 2.266132 8.162924 2e-06 -1e-06 18.399076 -3.798982 -4.940575 3e-06 -0.0 -2e-06 -0.817002 4.641301 -43.716694 0.051205 0.099522 25.356071 -9.019752 8.039962 -6.802567 1.636674 -2.001004 -4.823527 0.0 -0.0 3e-06 -2.346779 -11.871263 -14.070529 0.076548 0.299957 54.57225 10.705842 -10.53419 -33.439564 -1.418783 0.619449 -3.727434 0.0 0.0 -1e-06 
0.0 0.0 0.0 0.0 -0.0 0.0 23.979708 89.849632 -105.359352 179.118576 -5.094423 -178.595123 0.232311 0.846032 14.261982 0.402328 2.385288 1.779372 1.452037 2.604767 27.560377 -8.370949 4.706158 -1.601414 -2.372046 -5.471336 -3.372194 4.030264 -7.923994 -22.531805 7.7e-05 -2.2e-05 5e-06 -0.083944 0.156118 0.043254 0.631738 -3.583184 -10.711396 -0.795227 3.889958 -10.716019 -9.156815 -4.716378 15.107144 -58.809597 -5.398487 11.799828 -179.334595 -67.882996 178.631012 10.318608 -1.070575 7.509365 -5.882104 9.861279 0.702591 -10.936868 -0.360574 7.156204 -0.0 8.774823 0.0 -16.445049 18.287264 5.804636 -1.844032 2.498504 -2.507277 -10.163597 4.678942 4.621109 -20.976021 -5e-06 4e-06 -21.22628 2.451696 -3.593996 1e-06 -5e-06 -1e-06 -1.362681 2.240797 -0.746323 -21.334909 0.584908 3.008325 -13.82121 -3e-06 5e-06 -23.887165 -0.249078 -0.839478 -60.708279 2.935582 -1.636536 -0.294025 1.679687 0.833256 -14.218207 0.093214 1.300582 -34.212044 -0.287562 0.967176 -20.033211 0.964537 1.212846 0.0 -0.0 0.0 -3.440388 0.788232 0.501656 -15.928183 -3.167309 2.999709 -6.338825 -3e-06 3e-06 -18.123442 3.64818 -4.905665 -4e-06 0.0 -2e-06 -5.822844 24.674864 9.834122 47.583519 19.056026 -17.402145 173.124939 73.841431 173.352066 -7.330155 6.300082 2.37381 2.243539 -5.255032 -3.180154 14.282878 -0.826592 6.952497 -4e-06 -12.690592 1e-06 15.702658 -17.564205 2.683628 1.665663 -1.95592 -2.878296 4.727796 -4.170584 4.993919 11.020519 5e-06 -0.0 12.10904 -3.735711 -2.866779 1e-06 -0.0 0.0 1.291985 -1.928548 -1.498088 14.800117 0.567469 3.865605 14.242561 -1.341734 -6.660651 19.631954 0.143926 -0.648242 50.505665 -0.703038 -5.924021 0.353028 -1.511149 -0.031939 20.222771 3.684307 2.31663 18.787256 4e-06 2e-06 10.751619 -0.479868 1.397906 -0.0 0.0 1e-06 3.273804 0.305947 -0.58011 21.486797 11.830364 2.266131 8.162921 2e-06 1e-06 18.399067 -3.798981 -4.940569 3e-06 0.0 -1e-06 -1.612804 4.279769 -44.18536 0.04405 0.041751 28.665211 -8.3229 7.707618 -5.006548 1.723071 -1.9644 -5.292129 -0.0 -0.0 2e-06 -3.061376 -12.478892 -13.407651 0.120667 0.4252 56.748985 11.362048 -10.52181 -31.105259 -1.446848 0.698958 -6.844168 0.0 0.0 -1e-06 
0.0 0.0 0.0 0.0 -0.0 0.0 23.474178 89.795319 -108.815598 178.999237 -6.256123 -178.139908 -0.139568 0.861792 14.082335 0.289353 2.511671 1.696344 1.30801 2.910815 27.338713 -7.840395 4.672837 -1.856545 -2.305441 -5.778678 -3.402438 4.342712 -8.35702 -22.129936 7.7e-05 -2.3e-05 5e-06 -0.083548 0.180056 0.050922 0.6212 -3.563156 -10.692331 -0.784201 3.916363 -10.707501 -9.289844 -4.552689 15.068414 -58.802532 -4.481085 12.299859 -179.54274 -67.833313 178.613541 10.599448 -1.366688 6.7529 -5.882101 9.861277 0.70259 -10.936863 -0.360578 7.156199 0.0 8.774817 -3e-06 -16.445688 18.247837 5.725734 -1.844031 2.498502 -2.507274 -10.16359 4.678939 4.621103 -20.976006 -5e-06 4e-06 -21.226269 2.451694 -3.593995 -1e-06 -5e-06 -0.0 -1.36268 2.240796 -0.746323 -21.334896 0.584909 3.00832 -13.821202 -3e-06 4e-06 -23.887152 -0.249077 -0.83948 -60.639423 2.818348 -1.680196 -0.294025 1.679685 0.833254 -14.218196 0.093214 1.300579 -34.212021 -0.287565 0.967172 -20.033197 0.964534 1.212843 0.0 1e-06 1e-06 -3.440385 0.788233 0.501654 -15.928174 -3.167308 2.999705 -6.338821 -3e-06 1e-06 -18.12343 3.648179 -4.905663 -3e-06 -0.0 -3e-06 -5.168363 24.620102 10.134366 48.775688 18.376595 -16.102509 173.682755 73.076721 174.018448 -6.617853 6.558613 2.323888 2.243536 -5.255029 -3.180153 14.282871 -0.826592 6.952496 -4e-06 -12.690588 0.0 15.705493 -17.374189 2.61929 1.665663 -1.955918 -2.878294 4.727792 -4.17058 4.993917 11.020512 4e-06 1e-06 12.109034 -3.73571 -2.866778 -0.0 -0.0 0.0 1.291981 -1.928547 -1.498086 14.800108 0.567469 3.865605 14.242549 -1.341734 -6.660645 19.631937 0.143925 -0.648239 50.471893 -0.713811 -5.980407 0.353029 -1.511149 -0.031939 20.222765 3.684307 2.316631 18.787249 6e-06 4e-06 10.751613 -0.479868 1.397907 0.0 -1e-06 1e-06 3.273803 0.305947 -0.580109 21.48678 11.830359 2.266133 8.162915 2e-06 1e-06 18.399055 -3.798979 -4.940565 3e-06 0.0 -1e-06 -2.301751 3.985115 -44.713634 0.104382 0.040694 32.367233 -7.747029 7.152203 -3.275004 1.741238 -1.891891 -5.141938 0.0 -0.0 3e-06 -3.761115 -13.096915 -13.574374 0.159999 0.566659 60.652943 11.926828 -10.578782 -26.519197 -1.493621 0.780749 -11.979767 0.0 0.0 -1e-06 
0.0 0.0 0.0 0.0 -0.0 0.0 22.886015 89.763603 -112.281311 179.053558 -7.700261 -178.14418 -0.272754 0.864776 14.141168 0.10624 2.625486 1.69932 1.299304 2.921372 27.249905 -7.195373 4.682252 -1.943226 -2.265278 -6.075276 -3.371999 4.705132 -8.864633 -21.938152 7.7e-05 -2.2e-05 5e-06 -0.090878 0.192092 0.063243 0.620865 -3.550119 -10.692041 -0.798875 3.92764 -10.705519 -9.14471 -4.474802 15.337287 -58.642654 -4.145785 12.671921 -179.822632 -67.830139 178.819458 10.718223 -1.597402 6.210336 -5.882104 9.861281 0.70259 -10.93687 -0.360574 7.156204 2e-06 8.774819 -1e-06 -16.399145 18.127676 5.70209 -1.844032 2.498505 -2.507277 -10.163597 4.678941 4.621108 -20.976017 -4e-06 5e-06 -21.226278 2.451695 -3.593995 -0.0 -5e-06 -0.0 -1.362681 2.240798 -0.746323 -21.334911 0.584907 3.008325 -13.821213 -3e-06 5e-06 -23.887165 -0.249078 -0.83948 -60.642738 2.701593 -1.645122 -0.294025 1.679687 0.833255 -14.218205 0.093215 1.30058 -34.212048 -0.287564 0.967175 -20.033211 0.964537 1.212847 0.0 -0.0 1e-06 -3.440388 0.788233 0.501655 -15.928183 -3.167308 2.999708 -6.338826 -0.0 3e-06 -18.123444 3.64818 -4.905667 -3e-06 0.0 -2e-06 -4.744166 24.385462 10.184565 50.336269 17.443993 -14.501612 174.532623 72.214912 174.939102 -5.896996 6.947927 2.370343 2.243539 -5.255031 -3.180154 14.282876 -0.826593 6.952495 -3e-06 -12.69059 0.0 15.851501 -17.393167 2.597213 1.665666 -1.955919 -2.878296 4.727792 -4.170584 4.993918 11.020512 3e-06 -1e-06 12.109039 -3.73571 -2.866781 0.0 -0.0 0.0 1.291986 -1.928547 -1.498088 14.800112 0.567469 3.865604 14.242558 -1.341734 -6.660651 19.631948 0.143927 -0.648243 50.496056 -0.661122 -5.904152 0.35303 -1.511148 -0.031939 20.222769 3.684307 2.316628 18.787252 7e-06 -0.0 10.751616 -0.479866 1.397905 0.0 -0.0 0.0 3.273803 0.305948 -0.58011 21.48679 11.830365 2.266131 8.162918 2e-06 -1e-06 18.399063 -3.79898 -4.940569 3e-06 0.0 -1e-06 -2.803612 3.842553 -44.832542 0.292837 0.197735 36.410091 -6.984469 5.685134 -2.414186 1.682968 -1.801344 -4.296792 0.0 -0.0 2e-06 -4.33337 -13.534731 -14.443089 0.256453 0.606128 65.902908 11.816535 -11.148946 -20.07443 -1.626507 0.921629 -17.32375 0.0 1e-06 -1e-06 
0.0 0.0 0.0 0.0 -0.0 0.0 22.312628 89.695091 -115.644264 179.223938 -9.170687 -178.538452 -0.334063 0.861124 14.441395 0.142267 2.601521 1.735435 1.152303 2.919657 27.104162 -6.388068 4.669436 -1.821151 -2.283847 -6.464931 -3.346285 5.034221 -9.172525 -21.372389 7.7e-05 -2.3e-05 5e-06 -0.09382 0.220707 0.081213 0.622926 -3.515229 -10.670015 -0.810157 3.952569 -10.692547 -8.796546 -4.831706 15.411514 -58.360874 -3.610178 12.93617 -179.946838 -67.657028 178.893982 10.951627 -1.581033 5.54333 -5.882101 9.861276 0.702591 -10.936865 -0.360574 7.156202 2e-06 8.774816 -0.0 -16.313744 18.210588 5.756975 -1.844031 2.498501 -2.507277 -10.163593 4.67894 4.621109 -20.976009 -4e-06 4e-06 -21.226273 2.451695 -3.593993 -0.0 -5e-06 -0.0 -1.36268 2.240796 -0.746324 -21.334902 0.58491 3.008323 -13.821205 -3e-06 4e-06 -23.887152 -0.24908 -0.839479 -60.620148 2.636195 -1.642157 -0.294024 1.679686 0.833256 -14.218199 0.093214 1.300582 -34.212021 -0.287564 0.967174 -20.033197 0.964537 1.212845 1e-06 0.0 1e-06 -3.440387 0.788232 0.501656 -15.928179 -3.167307 2.999707 -6.338824 -3e-06 3e-06 -18.123436 3.648178 -4.905665 -4e-06 0.0 -2e-06 -4.076334 24.023621 10.282634 51.608265 16.37356 -12.830619 175.858261 71.365257 176.343521 -5.250852 7.092763 2.38645 2.243541 -5.255033 -3.180156 14.282883 -0.826595 6.952502 -2e-06 -12.690598 2e-06 15.942073 -17.190405 2.41925 1.665665 -1.95592 -2.878298 4.727798 -4.170585 4.993924 11.020522 2e-06 1e-06 12.109046 -3.735713 -2.866781 0.0 -0.0 0.0 1.291985 -1.928549 -1.498087 14.80012 0.567467 3.865607 14.242562 -1.341735 -6.660653 19.631954 0.143925 -0.648243 50.446156 -0.683635 -6.070259 0.353029 -1.51115 -0.03194 20.222778 3.684308 2.316632 18.787266 3e-06 1e-06 10.751623 -0.479869 1.397906 -0.0 -0.0 -0.0 3.273807 0.305947 -0.580111 21.486801 11.830367 2.266132 8.162921 1e-06 1e-06 18.399073 -3.798984 -4.94057 3e-06 0.0 -1e-06 -3.09314 4.00948 -44.246033 0.34278 0.330551 40.102299 -5.415664 3.758011 -3.210717 1.638885 -1.830383 -3.408999 -0.0 -1e-06 2e-06 -4.818447 -13.918367 -16.15682 0.374979 0.68752 72.134445 10.826249 -11.528283 -12.516872 -1.720356 0.95227 -17.988363 0.0 -0.0 -2e-06 
0.0 0.0 0.0 0.0 -0.0 0.0 21.708649 89.637825 -118.946304 179.507339 -10.578628 -179.090973 -0.25074 0.871198 14.716272 0.144689 2.459729 1.867868 1.162467 2.798944 27.048227 -5.657972 4.55708 -1.684326 -2.370989 -6.556419 -3.348988 5.316889 -9.467145 -20.905891 7.7e-05 -2.2e-05 6e-06 -0.106606 0.270492 0.076275 0.612559 -3.457388 -10.649661 -0.826307 3.995368 -10.669526 -8.403198 -5.101051 15.631814 -57.917362 -3.654757 12.792396 -179.768723 -67.481102 178.761139 11.099474 -1.638277 4.818371 -5.882099 9.861274 0.70259 -10.936859 -0.360572 7.156199 2e-06 8.774816 -1e-06 -16.170172 18.307526 5.864469 -1.844031 2.498503 -2.507276 -10.163589 4.67894 4.621104 -20.976004 -2e-06 2e-06 -21.226265 2.451693 -3.593995 -0.0 -5e-06 -0.0 -1.36268 2.240794 -0.746323 -21.334888 0.584908 3.008321 -13.821199 -4e-06 2e-06 -23.887142 -0.249079 -0.83948 -60.733017 2.71026 -1.669272 -0.294025 1.679686 0.833256 -14.218193 0.093216 1.300579 -34.212013 -0.287565 0.96717 -20.033194 0.964536 1.212843 1e-06 1e-06 1e-06 -3.440385 0.788233 0.501655 -15.928172 -3.167307 2.999703 -6.338821 -2e-06 1e-06 -18.12343 3.648177 -4.905665 -3e-06 0.0 -2e-06 -3.662281 23.635014 10.386484 52.680206 15.544777 -11.416704 177.032379 70.645615 177.557663 -4.810951 7.134373 2.132794 2.243539 -5.255031 -3.180153 14.282877 -0.826592 6.952495 -2e-06 -12.690592 -0.0 16.048666 -17.118383 2.349959 1.665666 -1.955919 -2.878294 4.727794 -4.170583 4.993918 11.020515 5e-06 -1e-06 12.10904 -3.735711 -2.86678 0.0 0.0 0.0 1.291984 -1.928547 -1.498088 14.800115 0.567469 3.865603 14.242558 -1.341734 -6.660649 19.63195 0.143927 -0.648242 50.480713 -0.669015 -6.127341 0.353029 -1.511148 -0.031941 20.222773 3.684307 2.316629 18.787254 6e-06 -0.0 10.751618 -0.479868 1.397905 1e-06 0.0 0.0 3.273804 0.305947 -0.58011 21.486795 11.830363 2.26613 8.162919 2e-06 -1e-06 18.399063 -3.79898 -4.940569 3e-06 0.0 -0.0 -3.061031 3.873189 -43.333199 0.331506 0.317167 43.52388 -4.210551 2.403274 -5.404855 1.638625 -1.870534 -2.806287 0.0 1e-06 2e-06 -5.027211 -14.205619 -18.5641 0.469045 0.686935 78.079437 9.740821 -12.171988 -6.319959 -1.707525 0.981241 -12.003596 0.0 0.0 -1e-06 
0.0 0.0 0.0 0.0 -0.0 0.0 21.100529 89.581528 -122.052933 179.831833 -11.828805 -179.584488 -0.13707 0.837718 14.960011 0.203084 2.302234 1.965351 1.253154 2.614509 27.040232 -5.076752 4.384612 -1.590889 -2.434639 -6.589253 -3.340884 5.544034 -9.684893 -20.578432 7.7e-05 -2.3e-05 6e-06 -0.111358 0.287598 0.066468 0.604268 -3.438245 -10.64409 -0.827797 4.011225 -10.662032 -8.1151 -5.357509 15.725488 -57.27261 -3.983982 12.54164 -179.733322 -67.262131 178.777496 11.307007 -1.722847 4.162226 -5.882102 9.861278 0.70259 -10.936862 -0.360574 7.156201 0.0 8.774816 -1e-06 -16.089531 18.36059 5.963417 -1.84403 2.498504 -2.507276 -10.163592 4.67894 4.621106 -20.976009 1e-06 7e-06 -21.226271 2.451698 -3.593994 1e-06 -5e-06 -0.0 -1.36268 2.240795 -0.746323 -21.334896 0.58491 3.008325 -13.821204 -2e-06 4e-06 -23.887152 -0.249074 -0.839478 -60.819221 2.787742 -1.612883 -0.294024 1.679684 0.833255 -14.218197 0.093213 1.300582 -34.212021 -0.287559 0.967174 -20.033195 0.964539 1.212844 -0.0 0.0 1e-06 -3.440385 0.78823 0.501656 -15.928172 -3.167306 2.999708 -6.338822 -2e-06 3e-06 -18.12343 3.64818 -4.905663 -4e-06 -1e-06 -2e-06 -3.384791 23.30085 10.579622 53.409939 14.898663 -10.662572 177.681168 70.102821 178.20372 -4.629179 7.065162 1.902174 2.243541 -5.255033 -3.180155 14.282881 -0.826594 6.952499 -2e-06 -12.690595 0.0 16.114475 -17.151466 2.349571 1.665663 -1.95592 -2.878296 4.727798 -4.170584 4.993921 11.02052 5e-06 0.0 12.109043 -3.735713 -2.86678 0.0 0.0 0.0 1.291983 -1.928548 -1.498089 14.800115 0.567468 3.865607 14.24256 -1.341735 -6.660651 19.631952 0.143925 -0.648243 50.54026 -0.666258 -6.169817 0.353029 -1.511149 -0.03194 20.222775 3.684306 2.31663 18.787256 4e-06 1e-06 10.75162 -0.479868 1.397906 0.0 0.0 -0.0 3.273804 0.305947 -0.58011 21.486799 11.830364 2.266132 8.162921 1e-06 0.0 18.399067 -3.798982 -4.940569 3e-06 0.0 -0.0 -2.831181 3.576251 -42.260811 0.332525 0.293597 46.479706 -3.393016 1.409923 -7.995539 1.65174 -1.906668 -2.390032 -0.0 -1e-06 2e-06 -5.016795 -14.472005 -21.505014 0.500573 0.584997 82.759628 9.335505 -12.276832 -4.053923 -1.655723 1.019226 -7.047047 0.0 1e-06 -1e-06 
0.0 0.0 0.0 0.0 -0.0 0.0 20.503687 89.579079 -124.930954 -179.788956 -12.796909 -179.928085 0.026304 0.7621 15.153299 0.29931 2.128804 2.050042 1.398601 2.432492 27.048464 -4.584925 4.211055 -1.62442 -2.493621 -6.646025 -3.32921 5.734771 -9.84563 -20.35091 7.7e-05 -2.2e-05 5e-06 -0.110457 0.290859 0.054182 0.600764 -3.432024 -10.635559 -0.821824 4.011536 -10.65286 -7.914636 -5.548542 15.651981 -56.618057 -4.531505 12.153477 -179.660629 -67.082176 178.788376 11.566259 -1.829976 3.816729 -5.882108 9.861288 0.70259 -10.936877 -0.360576 7.156209 0.0 8.774828 -2e-06 -16.067543 18.369921 6.046465 -1.844033 2.498505 -2.507279 -10.163604 4.678946 4.62111 -20.976032 -2e-06 2e-06 -21.226295 2.451698 -3.594002 -0.0 -5e-06 -0.0 -1.362682 2.240798 -0.746324 -21.334925 0.584908 3.008323 -13.821218 -4e-06 3e-06 -23.887178 -0.249081 -0.839482 -60.894245 2.811306 -1.53477 -0.294024 1.679686 0.833257 -14.218215 0.093214 1.300581 -34.212067 -0.287568 0.967171 -20.033226 0.964535 1.212846 -1e-06 1e-06 -0.0 -3.44039 0.788233 0.501656 -15.928192 -3.167313 2.999707 -6.338831 -3e-06 2e-06 -18.123457 3.648183 -4.905672 -4e-06 1e-06 -2e-06 -3.261773 23.107016 10.696563 53.746372 14.345287 -10.521233 177.909637 69.810585 178.29039 -4.603981 6.935826 1.895978 2.24354 -5.255034 -3.180156 14.28288 -0.826594 6.952495 -3e-06 -12.690597 1e-06 16.142286 -17.202301 2.37323 1.665667 -1.95592 -2.878297 4.727796 -4.170585 4.99392 11.020518 3e-06 -1e-06 12.109042 -3.735714 -2.866782 0.0 0.0 0.0 1.291985 -1.928548 -1.498087 14.800115 0.567468 3.865604 14.24256 -1.341735 -6.660653 19.631952 0.143926 -0.648244 50.500797 -0.653958 -6.218712 0.35303 -1.51115 -0.03194 20.222773 3.684309 2.316628 18.787258 5e-06 -2e-06 10.75162 -0.479868 1.397905 0.0 0.0 -0.0 3.273804 0.305947 -0.58011 21.486795 11.830369 2.26613 8.162921 2e-06 -1e-06 18.399067 -3.798983 -4.940572 3e-06 0.0 -1e-06 -2.422542 3.214862 -41.169373 0.370763 0.279787 48.944843 -2.927486 0.844317 -10.664237 1.657853 -1.956852 -1.994599 -0.0 -0.0 2e-06 -4.808552 -14.755929 -25.077358 0.468042 0.388683 85.722282 9.260723 -11.998194 -5.142337 -1.58585 1.012109 -5.59489 0.0 0.0 -0.0 
0.0 0.0 0.0 0.0 -0.0 0.0 19.956272 89.644363 -127.64534 -179.347717 -13.478136 179.828918 0.261883 0.692876 15.324049 0.392319 1.965091 2.152416 1.605788 2.248703 27.044167 -4.043921 4.033933 -1.758583 -2.550218 -6.710863 -3.315438 5.90074 -10.015083 -20.17021 7.7e-05 -2.2e-05 5e-06 -0.109557 0.303628 0.03993 0.600341 -3.41425 -10.627873 -0.818749 4.020174 -10.647089 -7.690487 -5.763879 15.50921 -56.142765 -5.208637 11.695779 -179.489487 -66.940514 178.683868 11.884253 -1.88642 3.647627 -5.882101 9.861278 0.702589 -10.936864 -0.360575 7.156199 1e-06 8.774819 -1e-06 -16.093851 18.3804 6.10764 -1.844031 2.498503 -2.507276 -10.163592 4.67894 4.621105 -20.976009 -5e-06 5e-06 -21.226271 2.451694 -3.593995 -0.0 -5e-06 0.0 -1.36268 2.240794 -0.746322 -21.3349 0.584906 3.008322 -13.821205 -3e-06 5e-06 -23.887156 -0.249079 -0.83948 -60.985004 2.830114 -1.475128 -0.294025 1.679686 0.833256 -14.218198 0.093214 1.30058 -34.212021 -0.287566 0.967174 -20.033197 0.964536 1.212846 -0.0 1e-06 -0.0 -3.440386 0.788231 0.501655 -15.928176 -3.16731 2.999707 -6.338821 -1e-06 2e-06 -18.12343 3.648177 -4.905664 -4e-06 0.0 -2e-06 -3.205928 23.028801 10.698627 53.757874 13.822118 -10.759349 178.035446 69.805046 178.257584 -4.624898 6.777586 2.093771 2.24354 -5.255032 -3.180154 14.28288 -0.826595 6.952498 -2e-06 -12.690595 1e-06 16.13817 -17.230722 2.403132 1.665666 -1.955919 -2.878295 4.727796 -4.170584 4.99392 11.020519 3e-06 0.0 12.109043 -3.735712 -2.866781 0.0 -1e-06 0.0 1.291983 -1.928548 -1.498088 14.800118 0.567468 3.865605 14.24256 -1.341736 -6.66065 19.631952 0.143926 -0.648242 50.451382 -0.65926 -6.227741 0.35303 -1.511149 -0.03194 20.222776 3.684306 2.316629 18.787262 4e-06 1e-06 10.75162 -0.479868 1.397905 1e-06 -0.0 -0.0 3.273807 0.305947 -0.58011 21.486799 11.830367 2.266133 8.162921 2e-06 1e-06 18.399071 -3.798983 -4.94057 3e-06 0.0 -1e-06 -1.844288 2.913433 -40.007214 0.37648 0.275247 50.913921 -2.764332 0.588249 -13.206982 1.659093 -2.023875 -1.631748 -0.0 -0.0 2e-06 -4.483196 -15.17716 -29.069832 0.412326 0.224312 86.583366 9.376399 -11.285117 -6.773406 -1.508775 0.977405 -5.276409 0.0 -0.0 -1e-06 
0.0 0.0 0.0 0.0 -0.0 0.0 19.469503 89.751701 -130.270142 -178.848114 -13.866562 179.668259 0.523768 0.619457 15.481942 0.471573 1.823309 2.251783 1.863292 2.072586 27.00202 -3.421558 3.866376 -1.910651 -2.588043 -6.764495 -3.321542 6.020728 -10.165157 -20.01849 7.7e-05 -2.3e-05 5e-06 -0.109914 0.322877 0.021471 0.604292 -3.388322 -10.62782 -0.822792 4.034673 -10.648002 -7.41768 -5.980849 15.348091 -55.873363 -5.877152 11.41426 -179.460281 -66.823242 178.697357 12.137635 -1.872062 3.615109 -5.8821 9.861276 0.702589 -10.936865 -0.360575 7.1562 2e-06 8.774817 -1e-06 -16.171041 18.387182 6.136156 -1.844031 2.498503 -2.507275 -10.163591 4.67894 4.621103 -20.976006 -4e-06 3e-06 -21.226269 2.451694 -3.593997 0.0 -4e-06 0.0 -1.36268 2.240795 -0.746322 -21.334898 0.584906 3.008319 -13.821203 -3e-06 4e-06 -23.887152 -0.24908 -0.83948 -61.066078 2.862111 -1.45797 -0.294024 1.679685 0.833255 -14.218197 0.093215 1.300579 -34.212021 -0.287568 0.967168 -20.033197 0.964533 1.212843 0.0 -0.0 0.0 -3.440386 0.788232 0.501655 -15.928172 -3.167309 2.999705 -6.338821 -2e-06 2e-06 -18.12343 3.648177 -4.905667 -5e-06 1e-06 -2e-06 -3.09219 23.047733 10.643597 53.473938 13.354829 -11.212774 178.150055 70.055763 178.269806 -4.665998 6.580691 2.48653 2.243538 -5.25503 -3.180153 14.282874 -0.826594 6.952497 -3e-06 -12.690588 2e-06 16.09584 -17.253462 2.441226 1.665663 -1.955919 -2.878295 4.727793 -4.170583 4.993919 11.020513 4e-06 1e-06 12.109035 -3.735711 -2.866779 0.0 0.0 0.0 1.291981 -1.928548 -1.498087 14.80011 0.567468 3.865604 14.242553 -1.341733 -6.660647 19.631941 0.143926 -0.648242 50.423805 -0.712508 -6.210052 0.35303 -1.511148 -0.031939 20.222765 3.684305 2.316629 18.787251 4e-06 2e-06 10.751616 -0.479868 1.397905 1e-06 -1e-06 0.0 3.273801 0.305946 -0.58011 21.486786 11.83036 2.26613 8.162917 1e-06 1e-06 18.399057 -3.798982 -4.940567 3e-06 0.0 -1e-06 -1.109904 2.710663 -38.78447 0.341435 0.27342 52.468559 -2.771293 0.507123 -15.528646 1.658243 -2.084866 -1.339238 -0.0 -0.0 2e-06 -4.068807 -15.784383 -33.138111 0.351064 0.136837 85.371101 9.524265 -10.354408 -8.273945 -1.461472 0.94583 -5.115334 0.0 -0.0 -2e-06 
0.0 0.0 0.0 0.0 -0.0 0.0 19.049976 89.861938 -132.827026 -178.336456 -14.043671 179.598068 0.763133 0.540706 15.603158 0.533074 1.690432 2.336195 2.143294 1.892194 26.952175 -2.742442 3.708429 -2.045903 -2.600837 -6.856085 -3.350599 6.111674 -10.314902 -19.913532 7.7e-05 -2.3e-05 6e-06 -0.113639 0.343379 0.001642 0.607235 -3.361571 -10.63284 -0.832784 4.051336 -10.651155 -7.142136 -6.224973 15.199105 -55.683376 -6.4324 11.286804 -179.507721 -66.680077 178.726974 12.286982 -1.79224 3.609876 -5.882105 9.861284 0.702589 -10.936871 -0.360574 7.156205 1e-06 8.774824 -3e-06 -16.250891 18.390594 6.146508 -1.844032 2.498505 -2.507277 -10.163597 4.678945 4.621107 -20.976021 -1e-06 4e-06 -21.226286 2.451698 -3.594001 1e-06 -4e-06 -1e-06 -1.362682 2.240799 -0.746324 -21.334906 0.584911 3.008324 -13.821209 -1e-06 3e-06 -23.887159 -0.249075 -0.839483 -61.081131 2.902083 -1.457205 -0.294025 1.679688 0.833255 -14.218207 0.093218 1.300581 -34.212048 -0.287561 0.96717 -20.033211 0.964538 1.212842 0.0 -0.0 0.0 -3.440388 0.788234 0.501656 -15.928183 -3.167309 2.999708 -6.338826 -0.0 2e-06 -18.123444 3.648184 -4.905671 -3e-06 1e-06 -2e-06 -2.848708 23.104116 10.593128 52.980072 13.019301 -11.815386 178.155396 70.483551 178.232346 -4.808255 6.423417 2.924523 2.243539 -5.255034 -3.180157 14.282874 -0.826593 6.952497 -1e-06 -12.690594 -2e-06 16.033773 -17.281219 2.476907 1.665666 -1.955921 -2.878297 4.727794 -4.170584 4.993918 11.020512 2e-06 -2e-06 12.109039 -3.735714 -2.866785 -0.0 -0.0 0.0 1.291986 -1.928548 -1.498088 14.800112 0.567467 3.865604 14.242558 -1.341736 -6.660655 19.631945 0.143925 -0.648247 50.421444 -0.799435 -6.165788 0.353029 -1.51115 -0.03194 20.222767 3.684305 2.316628 18.787251 5e-06 -1e-06 10.751616 -0.47987 1.397905 1e-06 -0.0 -0.0 3.273803 0.305947 -0.580111 21.48679 11.830364 2.266133 8.162919 1e-06 -1e-06 18.399063 -3.798981 -4.940572 3e-06 0.0 -1e-06 -0.293116 2.610295 -37.529976 0.278395 0.266042 53.725929 -2.87263 0.463563 -17.600874 1.657699 -2.114611 -1.12884 0.0 -0.0 2e-06 -3.599896 -16.624559 -36.991173 0.268069 0.088374 82.053314 9.704758 -9.425791 -9.475431 -1.451988 0.940102 -4.963838 -0.0 -0.0 0.0 
0.0 0.0 0.0 0.0 -0.0 0.0 18.71529 89.929146 -135.364059 -177.868851 -14.045377 179.618561 0.946814 0.459167 15.677629 0.572197 1.585112 2.395999 2.414937 1.658597 26.924856 -2.035234 3.543384 -2.151391 -2.603355 -7.024913 -3.385279 6.166951 -10.471597 -19.855917 7.7e-05 -2.2e-05 6e-06 -0.117055 0.352782 -0.017403 0.606078 -3.34883 -10.641107 -0.838191 4.059379 -10.659603 -6.904053 -6.471504 15.091313 -55.505222 -6.835304 11.290207 -179.684418 -66.53299 178.808243 12.35498 -1.617215 3.630756 -5.882104 9.86128 0.70259 -10.93687 -0.360575 7.156204 1e-06 8.774822 -1e-06 -16.289442 18.392714 6.155205 -1.844031 2.498503 -2.507277 -10.163596 4.678942 4.621108 -20.976021 -5e-06 4e-06 -21.226286 2.451694 -3.593997 0.0 -4e-06 -1e-06 -1.362681 2.240796 -0.746323 -21.334909 0.584907 3.008323 -13.821213 -4e-06 3e-06 -23.887165 -0.249078 -0.839481 -61.039837 2.940945 -1.450333 -0.294025 1.679686 0.833255 -14.218205 0.093214 1.30058 -34.212044 -0.287566 0.96717 -20.033209 0.964535 1.212843 1e-06 -0.0 0.0 -3.440387 0.788232 0.501656 -15.928183 -3.167309 2.999705 -6.338827 -1e-06 2e-06 -18.123444 3.648181 -4.905668 -4e-06 1e-06 -2e-06 -2.543485 23.150335 10.570977 52.44323 12.915876 -12.451518 177.922165 71.02977 178.045181 -5.03951 6.337488 3.227469 2.24354 -5.255034 -3.180157 14.282894 -0.826595 6.952505 -2e-06 -12.690601 1e-06 16.00692 -17.302427 2.483347 1.665664 -1.955921 -2.878298 4.727797 -4.170587 4.993925 11.020527 3e-06 0.0 12.10905 -3.735715 -2.866781 0.0 1e-06 -0.0 1.291983 -1.928549 -1.49809 14.800125 0.567467 3.86561 14.242569 -1.341736 -6.660655 19.631968 0.143925 -0.648242 50.483086 -0.875655 -6.125484 0.353029 -1.51115 -0.031941 20.222794 3.684309 2.316632 18.787273 4e-06 1e-06 10.751629 -0.479869 1.397907 -0.0 -0.0 -0.0 3.273808 0.305947 -0.580111 21.486818 11.830373 2.266135 8.162928 1e-06 0.0 18.399086 -3.798986 -4.940573 3e-06 1e-06 -0.0 0.524499 2.606203 -36.293877 0.20858 0.244758 54.795002 -3.042974 0.440772 -19.462198 1.656961 -2.113398 -0.972213 0.0 -0.0 2e-06 -3.055482 -17.637514 -40.326916 0.146163 0.032133 76.67189 9.908809 -8.841128 -10.225603 -1.461309 0.957505 -4.916493 0.0 0.0 -1e-06 
0.0 0.0 0.0 0.0 -0.0 0.0 18.482775 89.909256 -137.926483 -177.497894 -13.903525 179.708908 1.067955 0.390837 15.702405 0.592867 1.480332 2.430744 2.640034 1.405161 26.936522 -1.315038 3.363589 -2.187962 -2.613965 -7.275268 -3.418221 6.227739 -10.669039 -19.866488 7.7e-05 -2.2e-05 5e-06 -0.118587 0.349244 -0.027328 0.600045 -3.351091 -10.646436 -0.835044 4.055908 -10.663348 -6.667421 -6.723065 15.031833 -55.35117 -7.121065 11.303518 -179.793701 -66.416702 178.820572 12.403577 -1.368149 3.566139 -5.882102 9.86128 0.702588 -10.936865 -0.360576 7.156201 1e-06 8.774821 -1e-06 -16.289627 18.410019 6.174146 -1.844032 2.498503 -2.507277 -10.163592 4.678942 4.621104 -20.976013 -3e-06 -1e-06 -21.226278 2.451694 -3.594002 -1e-06 -5e-06 -1e-06 -1.362682 2.240798 -0.746324 -21.3349 0.584908 3.008318 -13.821205 -4e-06 2e-06 -23.887157 -0.249081 -0.839484 -60.989075 2.994103 -1.427696 -0.294025 1.679686 0.833255 -14.218201 0.093217 1.300578 -34.212032 -0.287567 0.967166 -20.033203 0.964534 1.212841 1e-06 0.0 0.0 -3.440386 0.788232 0.501655 -15.928176 -3.167307 2.999704 -6.338823 -1e-06 1e-06 -18.123436 3.648182 -4.90567 -3e-06 -1e-06 -3e-06 -2.243178 23.104891 10.583468 52.037796 13.078684 -12.885663 177.632629 71.55275 177.898987 -5.31358 6.283842 3.456679 2.243535 -5.255031 -3.180152 14.282871 -0.826592 6.952495 -1e-06 -12.69059 -1e-06 16.037746 -17.344225 2.466421 1.665664 -1.955919 -2.878295 4.727795 -4.170582 4.993917 11.020511 4e-06 0.0 12.109035 -3.735711 -2.866779 0.0 -0.0 0.0 1.291984 -1.928547 -1.498087 14.800108 0.567469 3.865604 14.242553 -1.341736 -6.660648 19.631937 0.143926 -0.648242 50.608627 -0.911774 -6.102513 0.353029 -1.511148 -0.03194 20.222769 3.684308 2.31663 18.787251 5e-06 2e-06 10.751616 -0.479867 1.397905 -0.0 -0.0 -0.0 3.273804 0.305948 -0.580109 21.486786 11.830364 2.266132 8.162917 2e-06 -0.0 18.399059 -3.798981 -4.940567 3e-06 -0.0 -1e-06 1.281694 2.691361 -35.08453 0.152876 0.212161 55.807186 -3.276408 0.436706 -21.297487 1.654456 -2.088865 -0.810264 0.0 -1e-06 2e-06 -2.364758 -18.711805 -42.974258 0.025428 -0.019898 69.511383 9.931328 -8.902458 -10.498517 -1.470564 0.9856 -4.867681 0.0 0.0 -1e-06 
0.0 0.0 0.0 0.0 -0.0 0.0 18.350494 89.792786 -140.587372 -177.308624 -13.634484 179.847031 1.121261 0.360061 15.673606 0.603803 1.366729 2.456596 2.757851 1.174886 27.015974 -0.609099 3.194412 -2.180943 -2.636538 -7.62278 -3.443496 6.314161 -10.961682 -19.935812 7.7e-05 -2.3e-05 6e-06 -0.119068 0.33743 -0.027698 0.589674 -3.363108 -10.653472 -0.825743 4.044658 -10.664535 -6.423967 -6.987056 14.99739 -55.232601 -7.331478 11.24627 -179.843124 -66.250847 178.827896 12.475171 -1.082766 3.33206 -5.882102 9.861281 0.70259 -10.936866 -0.360573 7.156201 -1e-06 8.774821 -2e-06 -16.231119 18.401405 6.195411 -1.844032 2.498503 -2.507277 -10.163594 4.678942 4.621105 -20.976013 -2e-06 3e-06 -21.226273 2.451696 -3.593999 -0.0 -5e-06 -1e-06 -1.36268 2.240797 -0.746323 -21.334906 0.584908 3.008322 -13.821208 -3e-06 2e-06 -23.887159 -0.249079 -0.839482 -60.939617 3.044487 -1.397075 -0.294024 1.679686 0.833256 -14.218199 0.093214 1.300579 -34.212032 -0.287564 0.96717 -20.033199 0.964535 1.212843 -0.0 -0.0 1e-06 -3.440387 0.788234 0.501655 -15.928179 -3.167309 2.999705 -6.338825 1e-06 2e-06 -18.123434 3.648182 -4.905668 -4e-06 -1e-06 -2e-06 -1.890427 22.898584 10.6629 51.792744 13.516531 -12.947652 177.589111 72.011475 177.987427 -5.616968 6.354623 3.757958 2.243541 -5.255034 -3.180156 14.282877 -0.826593 6.952497 -1e-06 -12.690596 -2e-06 16.090508 -17.424019 2.435068 1.665663 -1.955921 -2.878297 4.727794 -4.170585 4.993919 11.020517 4e-06 -1e-06 12.109038 -3.735714 -2.866783 -1e-06 0.0 0.0 1.291987 -1.928549 -1.498088 14.800112 0.567467 3.865605 14.242558 -1.341738 -6.660653 19.631948 0.143925 -0.648245 50.71949 -0.913125 -6.128126 0.353029 -1.511149 -0.031939 20.222769 3.684307 2.316629 18.787254 4e-06 -2e-06 10.751617 -0.479868 1.397905 -1e-06 0.0 -0.0 3.273802 0.305947 -0.58011 21.486795 11.830367 2.266134 8.162919 1e-06 -1e-06 18.399065 -3.798983 -4.940572 3e-06 -0.0 -0.0 1.892421 2.807054 -33.839031 0.10709 0.168558 56.773941 -3.573792 0.487665 -23.210993 1.649215 -2.055783 -0.652277 -0.0 -0.0 2e-06 -1.630205 -19.675245 -44.851498 -0.038257 -0.025311 61.171238 9.450111 -9.523983 -10.415697 -1.473686 1.005299 -4.657749 0.0 0.0 -1e-06 
0.0 0.0 0.0 0.0 -0.0 0.0 18.300268 89.5868 -143.328064 -177.32634 -13.30485 -179.991318 1.117209 0.367538 15.57592 0.622697 1.238478 2.479836 2.777523 0.945039 27.153124 0.076609 3.051132 -2.112865 -2.695767 -8.056854 -3.431871 6.388417 -11.36035 -20.127115 7.7e-05 -2.3e-05 6e-06 -0.119449 0.321149 -0.031006 0.581659 -3.380891 -10.679018 -0.818767 4.029176 -10.681774 -6.208386 -7.244207 15.022443 -55.1609 -7.568995 11.068971 -179.983551 -66.013359 178.947968 12.656215 -0.838973 2.83516 -5.882102 9.861279 0.702591 -10.936866 -0.360577 7.156202 0.0 8.77482 -1e-06 -16.132824 18.363083 6.239868 -1.844031 2.498502 -2.507277 -10.163594 4.678942 4.621107 -20.976013 -4e-06 4e-06 -21.226273 2.451694 -3.593995 0.0 -4e-06 0.0 -1.36268 2.240795 -0.746323 -21.334908 0.584907 3.008324 -13.821206 -4e-06 4e-06 -23.887159 -0.249078 -0.83948 -60.968719 3.056101 -1.342427 -0.294024 1.679685 0.833256 -14.218203 0.093215 1.300581 -34.212032 -0.287565 0.967172 -20.033201 0.964535 1.212844 -0.0 -0.0 0.0 -3.440387 0.788235 0.501656 -15.928179 -3.167308 2.999705 -6.338825 -1e-06 2e-06 -18.12344 3.648178 -4.905666 -4e-06 -1e-06 -2e-06 -1.454901 22.537533 10.804088 51.784908 14.155037 -12.666638 177.79393 72.420876 178.163147 -5.826113 6.548148 4.457766 2.243539 -5.255031 -3.180155 14.282881 -0.826593 6.952497 -5e-06 -12.690593 3e-06 16.140358 -17.531963 2.397681 1.665664 -1.95592 -2.878295 4.727795 -4.170582 4.99392 11.020517 5e-06 -0.0 12.10904 -3.73571 -2.866779 -1e-06 0.0 0.0 1.291984 -1.928548 -1.498088 14.800115 0.567468 3.865605 14.242557 -1.341734 -6.660648 19.631948 0.143927 -0.64824 50.796326 -0.875762 -6.215909 0.353027 -1.511149 -0.03194 20.222771 3.684309 2.316629 18.787254 5e-06 3e-06 10.751617 -0.479868 1.397906 0.0 0.0 -0.0 3.273804 0.305947 -0.580109 21.486795 11.830365 2.266132 8.162919 2e-06 -1e-06 18.399063 -3.798981 -4.940567 3e-06 -0.0 -1e-06 2.319137 2.849518 -32.467289 0.066868 0.109463 57.690403 -3.936718 0.685932 -25.265326 1.643513 -2.023193 -0.547001 -0.0 -0.0 2e-06 -1.040408 -20.499821 -45.98518 -0.036605 0.018393 52.207993 8.598372 -10.13683 -10.371504 -1.473422 1.00583 -4.440155 -0.0 0.0 -1e-06 
0.0 0.0 0.0 0.0 -0.0 0.0 18.339474 89.337395 -146.151031 -177.520081 -12.995275 -179.813004 1.072616 0.401403 15.382346 0.669582 1.107329 2.469554 2.762255 0.691516 27.322676 0.778416 2.951262 -1.999283 -2.824276 -8.566489 -3.378234 6.346061 -11.832967 -20.42396 7.7e-05 -2.2e-05 5e-06 -0.119375 0.306665 -0.040901 0.582915 -3.396207 -10.710026 -0.820579 4.014596 -10.711363 -6.085219 -7.400574 15.130466 -55.10434 -7.946046 10.709238 179.917618 -65.771912 179.003387 12.918003 -0.696529 2.077038 -5.8821 9.861275 0.70259 -10.936863 -0.360576 7.156199 1e-06 8.774817 -2e-06 -16.012526 18.34598 6.330827 -1.84403 2.498502 -2.507275 -10.16359 4.678937 4.621103 -20.976006 -4e-06 5e-06 -21.226271 2.451692 -3.593993 1e-06 -5e-06 -2e-06 -1.36268 2.240795 -0.746323 -21.334896 0.584906 3.008321 -13.821201 -5e-06 4e-06 -23.887152 -0.249079 -0.839479 -61.020187 3.011981 -1.257473 -0.294025 1.679686 0.833255 -14.218196 0.093213 1.300579 -34.212025 -0.287566 0.967174 -20.033195 0.964533 1.212846 -0.0 -1e-06 1e-06 -3.440386 0.788232 0.501655 -15.928172 -3.167308 2.999705 -6.33882 -2e-06 1e-06 -18.123432 3.648177 -4.905663 -5e-06 -0.0 -2e-06 -0.934235 22.072182 10.958917 52.078762 14.798124 -12.17175 177.966202 72.830345 178.213242 -5.75479 6.810432 5.684234 2.243542 -5.255032 -3.180155 14.28288 -0.82659 6.952494 -5e-06 -12.690593 -1e-06 16.19009 -17.622208 2.369673 1.665664 -1.955921 -2.878297 4.727793 -4.170581 4.993917 11.020518 4e-06 -3e-06 12.109042 -3.735711 -2.866783 1e-06 1e-06 0.0 1.291988 -1.928547 -1.498088 14.800115 0.567471 3.865602 14.242562 -1.341734 -6.660654 19.631954 0.143929 -0.648244 50.858017 -0.820431 -6.310879 0.353028 -1.51115 -0.031941 20.22278 3.68431 2.316625 18.787258 9e-06 -3e-06 10.75162 -0.479865 1.397904 -0.0 0.0 -0.0 3.273805 0.305946 -0.580111 21.486803 11.830368 2.266129 8.162921 3e-06 -2e-06 18.399067 -3.798978 -4.940573 3e-06 -0.0 -1e-06 2.58811 2.787976 -30.900421 0.044055 0.038953 58.420883 -4.365894 0.971117 -27.320812 1.641311 -1.986813 -0.525265 0.0 0.0 2e-06 -0.757013 -21.092283 -46.520348 -0.013843 0.065641 43.788479 8.022902 -10.470009 -10.551744 -1.46833 0.995418 -4.506577 -0.0 0.0 -0.0 
0.0 0.0 0.0 0.0 -0.0 0.0 18.491013 89.111206 -148.987961 -177.737976 -12.758726 -179.634827 1.090861 0.438979 15.127032 0.719668 0.982826 2.399314 2.808529 0.434723 27.453478 1.469696 2.830233 -1.87544 -2.98938 -9.043214 -3.300818 6.178932 -12.297626 -20.747787 7.7e-05 -2.3e-05 6e-06 -0.119958 0.303688 -0.048586 0.591109 -3.399295 -10.730557 -0.830845 4.011606 -10.737803 -6.020657 -7.410141 15.285448 -55.066525 -8.410322 10.321039 179.87851 -65.572556 179.064636 13.122735 -0.719608 1.258323 -5.882106 9.861283 0.70259 -10.936872 -0.360573 7.156203 -2e-06 8.774822 -3e-06 -15.896064 18.345636 6.422464 -1.844032 2.498505 -2.507276 -10.163599 4.678944 4.621107 -20.976027 -1e-06 2e-06 -21.226288 2.451698 -3.594001 1e-06 -5e-06 -2e-06 -1.362682 2.240798 -0.746323 -21.334913 0.584911 3.008323 -13.821213 -1e-06 3e-06 -23.887165 -0.249076 -0.839483 -60.975517 2.949784 -1.171893 -0.294024 1.679687 0.833256 -14.218209 0.093216 1.300581 -34.212048 -0.28756 0.96717 -20.033211 0.964538 1.212843 -0.0 0.0 -0.0 -3.440388 0.788234 0.501655 -15.928185 -3.167307 2.999706 -6.338828 0.0 2e-06 -18.123447 3.648182 -4.90567 -4e-06 0.0 -3e-06 -0.429204 21.578825 11.108529 52.688683 15.245566 -11.623 177.682816 73.212761 177.837814 -5.391966 7.018551 7.065511 2.243539 -5.255034 -3.180157 14.282887 -0.826592 6.952501 -2e-06 -12.690597 -0.0 16.217146 -17.613062 2.351897 1.665665 -1.955921 -2.878298 4.727799 -4.170584 4.993921 11.020522 4e-06 -0.0 12.109048 -3.735715 -2.866783 0.0 0.0 0.0 1.291984 -1.928548 -1.498089 14.800122 0.567468 3.865607 14.242565 -1.341736 -6.660656 19.63196 0.143927 -0.648244 50.826248 -0.787801 -6.318755 0.353028 -1.511149 -0.03194 20.222784 3.684308 2.316631 18.787266 7e-06 0.0 10.751623 -0.479868 1.397906 -0.0 -1e-06 -0.0 3.273807 0.305947 -0.580111 21.486809 11.830369 2.266134 8.162924 2e-06 -0.0 18.399076 -3.798982 -4.940572 3e-06 0.0 -1e-06 2.87843 2.613229 -29.157026 0.047205 -0.018378 58.933277 -4.863388 1.345998 -29.187527 1.65068 -1.929187 -0.610176 0.0 0.0 2e-06 -0.799668 -21.122528 -46.596035 -0.026324 0.095254 37.318047 7.538861 -11.177686 -10.715753 -1.443258 1.008854 -4.604356 -0.0 0.0 -2e-06 
0.0 0.0 0.0 0.0 -0.0 0.0 18.791422 88.969917 -151.830643 -177.882965 -12.599761 -179.454391 1.235299 0.452484 14.793487 0.761233 0.817741 2.324194 2.937292 0.264944 27.47752 2.119799 2.620551 -1.777399 -3.161181 -9.41315 -3.214162 5.937146 -12.705639 -21.023069 7.7e-05 -2.3e-05 6e-06 -0.11963 0.312402 -0.02269 0.594715 -3.404049 -10.723399 -0.834649 4.032186 -10.735516 -5.938885 -7.467896 15.285221 -55.184376 -8.542449 10.048594 -179.950668 -65.378021 179.112915 13.038208 -0.676082 0.772039 -5.882103 9.861279 0.70259 -10.936866 -0.360574 7.156204 -1e-06 8.774819 -1e-06 -15.878924 18.38695 6.479539 -1.844031 2.498502 -2.507276 -10.163595 4.67894 4.621108 -20.976015 -3e-06 5e-06 -21.226278 2.451698 -3.593996 0.0 -5e-06 -2e-06 -1.36268 2.240796 -0.746323 -21.334904 0.58491 3.008323 -13.821211 -0.0 3e-06 -23.887159 -0.249077 -0.839481 -61.041321 2.890194 -1.174686 -0.294025 1.679687 0.833256 -14.218201 0.093215 1.30058 -34.212032 -0.287564 0.96717 -20.033203 0.964536 1.212845 -0.0 0.0 -0.0 -3.440387 0.788234 0.501655 -15.928179 -3.167307 2.999706 -6.338827 -2e-06 2e-06 -18.12344 3.64818 -4.905666 -6e-06 -0.0 -2e-06 0.22011 21.078541 11.352773 53.256081 15.420915 -10.783072 178.163727 73.473221 178.295822 -5.05723 7.002212 7.9606 2.243541 -5.255033 -3.180157 14.282885 -0.826592 6.952501 -3e-06 -12.690598 0.0 16.134604 -17.480474 2.302202 1.665665 -1.955921 -2.878298 4.727797 -4.170584 4.993922 11.020521 4e-06 0.0 12.109048 -3.735713 -2.866781 1e-06 0.0 1e-06 1.291985 -1.928548 -1.498088 14.800122 0.567469 3.865607 14.242563 -1.341736 -6.660653 19.631956 0.143926 -0.648242 50.698406 -0.844135 -6.367309 0.353028 -1.51115 -0.03194 20.222784 3.68431 2.316632 18.787266 6e-06 2e-06 10.751624 -0.479869 1.397907 0.0 -0.0 0.0 3.273805 0.305947 -0.580109 21.486807 11.830369 2.266134 8.162922 2e-06 -0.0 18.399071 -3.798982 -4.94057 3e-06 0.0 -1e-06 3.361049 2.520594 -27.3368 -0.008914 -0.046809 59.210964 -5.481442 1.579148 -30.686255 1.702779 -1.895684 -0.769283 0.0 0.0 2e-06 -0.886818 -20.822012 -46.273788 -0.085953 0.093876 33.671223 6.498249 -12.082339 -10.406783 -1.444411 0.964925 -4.49369 0.0 0.0 -0.0 
0.0 0.0 0.0 0.0 -0.0 0.0 19.22003 88.90387 -154.728699 -178.034256 -12.5619 -179.313553 1.465255 0.421926 14.585851 0.772832 0.709533 2.214165 3.193869 0.041663 27.405712 2.538195 2.449532 -1.696772 -3.270057 -9.738109 -3.166403 5.761208 -13.128238 -21.267853 7.7e-05 -2.2e-05 5e-06 -0.120892 0.322682 -0.017499 0.595321 -3.396413 -10.72992 -0.838172 4.04472 -10.747303 -5.856903 -7.516051 15.38911 -55.256165 -8.727963 10.239565 179.711288 -65.266335 179.535767 12.895864 -0.604735 0.989195 -5.882104 9.861281 0.702592 -10.936868 -0.360575 7.156201 0.0 8.774823 -0.0 -15.928317 18.453131 6.517406 -1.844031 2.498502 -2.507276 -10.163597 4.678944 4.621107 -20.976021 -3e-06 3e-06 -21.226276 2.451697 -3.593996 1e-06 -4e-06 -1e-06 -1.362681 2.240796 -0.746323 -21.334911 0.584909 3.008322 -13.821212 -3e-06 3e-06 -23.887163 -0.24908 -0.839482 -61.08984 2.890721 -1.098434 -0.294024 1.679687 0.833256 -14.218205 0.093212 1.300581 -34.21204 -0.287565 0.967171 -20.033209 0.964536 1.212843 -0.0 -1e-06 -0.0 -3.440388 0.788233 0.501655 -15.928183 -3.167309 2.999706 -6.338825 0.0 1e-06 -18.123442 3.648181 -4.905668 -4e-06 -0.0 -2e-06 0.651245 20.693338 11.537015 53.835381 15.363066 -10.262281 177.864304 73.667015 177.952026 -4.655911 6.859049 8.641741 2.24354 -5.255035 -3.180155 14.282885 -0.826597 6.952503 -2e-06 -12.690601 4e-06 16.05154 -17.459837 2.330352 1.665667 -1.955921 -2.878298 4.727798 -4.170588 4.993925 11.020521 1e-06 0.0 12.109047 -3.735715 -2.866781 1e-06 0.0 1e-06 1.291986 -1.928549 -1.498088 14.800118 0.567464 3.865609 14.242564 -1.341736 -6.660653 19.631954 0.143923 -0.648243 50.537022 -0.841813 -6.311856 0.353028 -1.51115 -0.03194 20.222784 3.684306 2.316632 18.787266 2e-06 2e-06 10.751623 -0.479871 1.397907 0.0 0.0 -0.0 3.273804 0.305948 -0.58011 21.486795 11.830367 2.266132 8.162924 -0.0 0.0 18.399075 -3.798989 -4.940571 3e-06 -0.0 -1e-06 3.894309 2.128296 -25.431335 -0.011584 -0.054864 59.266899 -6.368827 2.006612 -31.686119 1.720031 -1.859739 -1.144024 -0.0 0.0 2e-06 -1.051023 -20.406906 -45.781887 -0.079565 0.080981 33.20219 5.412089 -12.621058 -9.532394 -1.46089 0.945072 -4.648618 -0.0 0.0 -1e-06 
0.0 0.0 0.0 0.0 -0.0 0.0 19.777687 88.985535 -157.727997 -178.155441 -12.519003 -179.083969 1.803862 0.372113 14.369646 0.836545 0.541408 2.100763 3.461843 -0.123678 27.275263 2.795519 2.334555 -1.630882 -3.400441 -10.091904 -3.118974 5.600825 -13.483722 -21.513371 7.7e-05 -2.3e-05 6e-06 -0.117301 0.313585 -0.005256 0.599743 -3.405769 -10.715326 -0.835598 4.035924 -10.737414 -5.914113 -7.582234 15.43714 -55.256672 -8.763648 10.423793 179.608353 -65.351486 179.759171 12.697455 -0.696004 1.702542 -5.882098 9.861271 0.702591 -10.936857 -0.360575 7.156197 0.0 8.774815 -0.0 -16.02384 18.521427 6.500938 -1.844029 2.4985 -2.507274 -10.163588 4.678937 4.621102 -20.976002 -5e-06 5e-06 -21.226259 2.451697 -3.593991 1e-06 -5e-06 -1e-06 -1.362679 2.240795 -0.746322 -21.33489 0.584906 3.00832 -13.821198 -5e-06 5e-06 -23.887142 -0.249078 -0.839478 -61.129421 2.918926 -1.055146 -0.294024 1.679685 0.833255 -14.218189 0.093213 1.300579 -34.212013 -0.287565 0.967173 -20.03319 0.964535 1.212844 -0.0 1e-06 -0.0 -3.440385 0.788231 0.501656 -15.928168 -3.167308 2.999705 -6.33882 -2e-06 3e-06 -18.123426 3.648177 -4.905662 -4e-06 -1e-06 -3e-06 1.002601 20.460899 11.675129 54.076817 15.105082 -9.962649 177.330444 73.75592 177.494736 -4.390566 6.521152 8.818364 2.243537 -5.255031 -3.180155 14.282875 -0.826591 6.952497 -1e-06 -12.69059 -1e-06 15.886894 -17.483578 2.437648 1.665666 -1.95592 -2.878297 4.727793 -4.170582 4.993918 11.020514 5e-06 -1e-06 12.10904 -3.735712 -2.866781 1e-06 0.0 -0.0 1.291985 -1.928548 -1.498087 14.800115 0.56747 3.865604 14.24256 -1.341734 -6.66065 19.631948 0.143927 -0.648243 50.39328 -0.863637 -6.272709 0.353028 -1.51115 -0.03194 20.222771 3.684307 2.316628 18.787254 7e-06 -0.0 10.751618 -0.479867 1.397905 -0.0 -0.0 -0.0 3.273803 0.305946 -0.580109 21.48679 11.830362 2.266132 8.162919 3e-06 0.0 18.399063 -3.798981 -4.940569 3e-06 0.0 -1e-06 4.54732 1.626531 -23.539047 -0.016527 -0.06174 59.109093 -7.503038 2.440414 -32.101318 1.736683 -1.845036 -1.857854 0.0 -0.0 2e-06 -1.12925 -19.863205 -45.323315 0.000417 0.107063 34.484138 4.668439 -12.603186 -7.576239 -1.478379 0.93166 -4.760706 0.0 0.0 -0.0 
0.0 0.0 0.0 0.0 -0.0 0.0 20.424778 89.216164 -160.810059 -178.353439 -12.409292 -178.804214 2.14426 0.302449 14.174915 0.923457 0.333361 1.9929 3.723918 -0.274827 27.12998 2.833302 2.34723 -1.574971 -3.533903 -10.441056 -3.082331 5.475272 -13.799446 -21.813711 7.7e-05 -2.2e-05 5e-06 -0.107314 0.292024 0.012377 0.61321 -3.428013 -10.687881 -0.828984 4.014742 -10.710011 -6.130007 -7.582904 15.48917 -55.168133 -8.664729 10.540979 179.597351 -65.626884 179.935837 12.448219 -0.944793 2.658431 -5.882108 9.861291 0.702589 -10.936872 -0.360576 7.156209 -1e-06 8.774828 -1e-06 -16.074112 18.543545 6.497212 -1.844033 2.498505 -2.507279 -10.163599 4.678946 4.621109 -20.976023 -1e-06 1e-06 -21.22629 2.451699 -3.594006 0.0 -5e-06 -1e-06 -1.362681 2.240798 -0.746325 -21.334917 0.584913 3.008324 -13.821215 -1e-06 2e-06 -23.887171 -0.249076 -0.839487 -61.118557 2.942962 -1.021854 -0.294025 1.679687 0.833256 -14.218208 0.093218 1.300581 -34.212048 -0.287561 0.967167 -20.033211 0.964538 1.212841 -0.0 -0.0 -0.0 -3.440388 0.788234 0.501656 -15.928187 -3.167309 2.999709 -6.338829 -1e-06 1e-06 -18.123446 3.648185 -4.905675 -3e-06 -1e-06 -2e-06 1.186874 20.393717 11.70435 54.050663 14.722408 -9.859917 176.186264 73.773865 176.454407 -4.195426 6.003983 8.669047 2.243541 -5.255037 -3.180158 14.282889 -0.826596 6.952502 -1e-06 -12.690605 1e-06 15.7489 -17.539406 2.555426 1.665665 -1.955922 -2.8783 4.727798 -4.170588 4.993925 11.020524 1e-06 -3e-06 12.109052 -3.735717 -2.866786 1e-06 0.0 0.0 1.291985 -1.928549 -1.498089 14.800125 0.567466 3.865606 14.242571 -1.341737 -6.66066 19.631964 0.143926 -0.648247 50.256596 -0.857574 -6.21712 0.353028 -1.511151 -0.03194 20.222786 3.684309 2.316629 18.78727 4e-06 -3e-06 10.751627 -0.479869 1.397905 0.0 -0.0 -1e-06 3.273806 0.305947 -0.580111 21.486809 11.830374 2.266131 8.162926 1e-06 -1e-06 18.39908 -3.798986 -4.940578 3e-06 0.0 -1e-06 5.196428 1.100349 -21.62764 -0.03416 -0.074085 58.832417 -8.735476 2.846001 -31.675358 1.755358 -1.847137 -3.166502 -0.0 -0.0 2e-06 -1.238794 -19.239737 -44.973179 0.091711 0.169129 36.492104 4.563807 -12.179527 -5.628613 -1.479948 0.943649 -4.547512 -0.0 0.0 -0.0 
0.0 0.0 0.0 0.0 -0.0 0.0 21.142859 89.572403 -163.997192 -178.58522 -12.162301 -178.57666 2.473076 0.197136 14.006031 1.019145 0.116702 1.889301 3.968127 -0.338252 27.031446 2.673866 2.384665 -1.444898 -3.638755 -10.734626 -3.064906 5.422432 -14.091708 -22.21277 7.7e-05 -2.3e-05 4e-06 -0.095269 0.268503 0.027446 0.634286 -3.455022 -10.668447 -0.825694 3.9946 -10.689666 -6.474861 -7.493774 15.627951 -55.025078 -8.502712 10.493521 179.656555 -66.125351 179.997971 12.152804 -1.336679 3.699851 -5.882108 9.861288 0.702588 -10.936872 -0.360574 7.156206 -1e-06 8.774824 -2e-06 -16.059219 18.555231 6.540881 -1.844033 2.498505 -2.507277 -10.163601 4.678945 4.621108 -20.976025 -1e-06 2e-06 -21.226288 2.451697 -3.594002 -0.0 -6e-06 -1e-06 -1.362682 2.240798 -0.746324 -21.334917 0.584912 3.008324 -13.821213 -1e-06 2e-06 -23.887175 -0.249078 -0.839484 -61.028675 2.948692 -0.988927 -0.294025 1.679686 0.833255 -14.218209 0.093216 1.30058 -34.212051 -0.287559 0.96717 -20.033215 0.964537 1.212841 -0.0 -0.0 0.0 -3.440389 0.788233 0.501656 -15.928185 -3.167309 2.999707 -6.338827 -0.0 1e-06 -18.123449 3.648183 -4.905673 -2e-06 0.0 -3e-06 1.23124 20.413095 11.737256 53.801369 14.358163 -9.717436 175.203293 73.864601 175.572098 -4.030122 5.42922 8.178873 2.243541 -5.255038 -3.180158 14.282889 -0.826595 6.952502 -3e-06 -12.690607 -0.0 15.692254 -17.640848 2.656908 1.665665 -1.955923 -2.878299 4.727798 -4.170588 4.993924 11.020527 3e-06 -1e-06 12.109054 -3.735715 -2.866787 1e-06 0.0 -0.0 1.291986 -1.92855 -1.498089 14.800125 0.567467 3.865607 14.242576 -1.341738 -6.660659 19.631969 0.143927 -0.648246 50.116653 -0.813759 -6.173177 0.353028 -1.511151 -0.031941 20.222794 3.68431 2.316629 18.787271 4e-06 -2e-06 10.751627 -0.479869 1.397905 -0.0 0.0 -0.0 3.273808 0.305947 -0.58011 21.486813 11.830376 2.266133 8.162926 1e-06 -1e-06 18.39908 -3.798985 -4.940578 3e-06 0.0 -1e-06 5.926145 0.745109 -19.916288 -0.056719 -0.078678 58.966423 -10.00633 3.090691 -29.946692 1.790169 -1.878682 -5.50732 0.0 0.0 2e-06 -1.270468 -18.648733 -44.426727 0.169798 0.222713 38.511379 4.784796 -11.576672 -4.04284 -1.47475 0.96702 -3.997993 -0.0 0.0 -1e-06 
0.0 0.0 0.0 0.0 -0.0 0.0 21.938274 89.990448 -167.266266 -178.897964 -11.754196 -178.427628 2.806864 0.098025 13.858857 1.045283 0.002474 1.845073 4.123817 -0.41373 26.977177 2.441846 2.482441 -1.106518 -3.728714 -11.001733 -3.058485 5.472381 -14.408723 -22.664146 7.7e-05 -2.2e-05 5e-06 -0.099557 0.274947 0.052378 0.639601 -3.452704 -10.692223 -0.83694 4.002637 -10.70044 -6.853925 -7.372782 15.736095 -55.032612 -8.263227 9.99107 -179.948578 -66.828018 179.53476 11.742126 -1.671216 4.636302 -5.882102 9.861279 0.702589 -10.936866 -0.360576 7.156204 -1e-06 8.774821 -2e-06 -15.953181 18.490364 6.515577 -1.84403 2.498502 -2.507276 -10.163595 4.678941 4.621107 -20.976011 -3e-06 5e-06 -21.226271 2.451698 -3.593996 1e-06 -5e-06 -1e-06 -1.36268 2.240796 -0.746323 -21.3349 0.584909 3.008323 -13.821205 -2e-06 4e-06 -23.887157 -0.249075 -0.839481 -60.731522 3.022263 -0.994056 -0.294024 1.679685 0.833254 -14.218199 0.093214 1.30058 -34.212032 -0.287564 0.967172 -20.033203 0.964537 1.212844 0.0 -0.0 0.0 -3.440386 0.788232 0.501654 -15.928179 -3.16731 2.999708 -6.338824 -3e-06 2e-06 -18.123436 3.648182 -4.905665 -3e-06 -1e-06 -3e-06 1.122153 20.568558 11.888825 53.256729 14.119163 -9.594453 174.280731 74.131401 174.633072 -4.061484 4.944466 7.334225 2.24354 -5.255037 -3.180157 14.282889 -0.826594 6.952501 -2e-06 -12.690603 -2e-06 15.875729 -17.630272 2.509996 1.665665 -1.955922 -2.878299 4.7278 -4.170585 4.993922 11.020528 3e-06 -1e-06 12.109052 -3.735717 -2.866785 0.0 0.0 -0.0 1.291986 -1.92855 -1.49809 14.800129 0.567468 3.865606 14.242569 -1.341736 -6.660657 19.631968 0.143926 -0.648245 49.980579 -0.75956 -6.407859 0.353026 -1.511151 -0.031941 20.222794 3.68431 2.316629 18.787273 4e-06 -1e-06 10.751628 -0.479869 1.397906 -0.0 0.0 0.0 3.273807 0.305947 -0.580111 21.486813 11.830373 2.266135 8.162929 2e-06 -1e-06 18.399082 -3.798984 -4.940576 3e-06 0.0 -1e-06 6.704018 0.782497 -19.003809 -0.136312 -0.208671 60.356663 -11.062275 2.877908 -26.121836 1.873073 -1.912436 -9.602977 0.0 -1e-06 2e-06 -1.395733 -18.11001 -43.39011 0.149613 0.211554 39.918613 5.164162 -10.756101 -2.540829 -1.431504 0.872262 -2.761339 -0.0 0.0 -1e-06 
0.0 0.0 0.0 0.0 -0.0 0.0 22.737419 90.560524 -170.509872 -179.329468 -11.231849 -178.553162 2.984975 0.028372 14.014434 1.077986 -0.0099 1.817224 4.253994 -0.496695 26.877378 1.986337 2.559599 -0.934501 -3.619182 -11.2115 -3.084994 5.414093 -14.538374 -22.927921 7.7e-05 -2.2e-05 5e-06 -0.084065 0.250448 0.045967 0.662638 -3.472742 -10.693693 -0.828975 3.973924 -10.699512 -7.199323 -7.109264 15.826954 -55.163651 -7.845646 9.706455 -179.838943 -67.511597 179.425308 11.59335 -2.10773 5.290983 -5.8821 9.861275 0.702592 -10.936864 -0.360577 7.156202 1e-06 8.774817 -1e-06 -15.886007 18.378618 6.586763 -1.844029 2.498502 -2.507276 -10.163592 4.67894 4.621107 -20.976011 -6e-06 8e-06 -21.226271 2.451693 -3.593991 -1e-06 -6e-06 -1e-06 -1.362678 2.240795 -0.746322 -21.3349 0.584905 3.008326 -13.821205 -5e-06 6e-06 -23.887152 -0.249078 -0.839477 -60.606251 2.976063 -0.95401 -0.294025 1.679686 0.833255 -14.218197 0.093211 1.300582 -34.212021 -0.287568 0.967176 -20.033194 0.964535 1.212846 1e-06 0.0 1e-06 -3.440386 0.788231 0.501657 -15.928176 -3.167309 2.999706 -6.338821 -3e-06 2e-06 -18.12343 3.648178 -4.905661 -3e-06 1e-06 -2e-06 0.859271 20.669502 11.797277 52.477531 13.636934 -8.767303 174.79895 74.400528 175.105209 -4.062937 4.408689 6.744372 2.24354 -5.255033 -3.180156 14.282883 -0.826594 6.952502 -1e-06 -12.690595 -0.0 15.887295 -17.752699 2.545896 1.665665 -1.95592 -2.878297 4.727798 -4.170584 4.993922 11.02052 4e-06 1e-06 12.109043 -3.735713 -2.86678 0.0 0.0 0.0 1.291984 -1.928549 -1.498088 14.800122 0.567469 3.865608 14.242562 -1.341738 -6.660651 19.631954 0.143925 -0.648241 49.811794 -0.671605 -6.478648 0.35303 -1.511149 -0.031939 20.222782 3.684308 2.316633 18.787262 3e-06 3e-06 10.751622 -0.479869 1.397907 0.0 0.0 -0.0 3.273805 0.305947 -0.58011 21.486803 11.830367 2.266137 8.162924 2e-06 1e-06 18.399075 -3.798983 -4.940569 3e-06 0.0 -1e-06 7.471339 0.924313 -19.225754 -0.200973 -0.210551 63.787445 -11.733109 2.716992 -19.053934 2.003474 -1.897237 -15.393942 -0.0 0.0 2e-06 -1.52388 -17.727102 -42.085075 0.201209 0.200824 41.840633 5.184211 -10.222261 -4.032412 -1.423531 0.823756 -1.898091 -0.0 0.0 -1e-06 
0.0 0.0 0.0 0.0 -0.0 0.0 23.540182 91.073975 -173.715347 -179.729874 -10.626885 -178.881912 3.085005 0.016275 14.354698 1.08269 0.069457 1.889621 4.36496 -0.594849 26.799292 1.626776 2.615113 -0.902801 -3.518789 -11.341044 -3.103886 5.27292 -14.568491 -23.07111 7.7e-05 -2.2e-05 6e-06 -0.073002 0.237887 0.038879 0.676429 -3.485192 -10.691086 -0.82128 3.961366 -10.692936 -7.238586 -6.843301 15.884759 -55.764374 -7.39259 9.319776 -179.601227 -68.038261 179.14444 11.603855 -2.536987 5.706101 -5.882102 9.861276 0.702591 -10.936865 -0.360577 7.1562 2e-06 8.774817 -1e-06 -15.752474 18.262487 6.669838 -1.844032 2.498502 -2.507277 -10.163594 4.678941 4.621105 -20.976015 -6e-06 2e-06 -21.226278 2.45169 -3.593996 -0.0 -7e-06 -1e-06 -1.362681 2.240797 -0.746322 -21.334904 0.584905 3.008318 -13.821206 -5e-06 2e-06 -23.887157 -0.249083 -0.83948 -60.524227 2.980072 -0.951829 -0.294025 1.679688 0.833255 -14.218203 0.093213 1.300578 -34.212036 -0.287571 0.96717 -20.033205 0.964534 1.212843 -0.0 -1e-06 1e-06 -3.440386 0.788232 0.501654 -15.928179 -3.16731 2.999702 -6.338822 -1e-06 2e-06 -18.12344 3.648175 -4.905664 -3e-06 1e-06 -2e-06 0.357052 20.759264 11.598044 51.374325 13.05959 -7.826576 175.562454 74.484993 175.892227 -3.882989 3.980679 5.884575 2.243539 -5.255031 -3.180154 14.282878 -0.826592 6.952496 -3e-06 -12.69059 1e-06 15.965743 -17.731754 2.492329 1.665663 -1.955919 -2.878295 4.727795 -4.170583 4.993919 11.020514 4e-06 -0.0 12.109038 -3.735711 -2.86678 1e-06 0.0 0.0 1.291984 -1.928548 -1.498088 14.800115 0.567469 3.865604 14.242558 -1.341736 -6.66065 19.631948 0.143927 -0.648243 49.779705 -0.644245 -6.548548 0.353029 -1.511149 -0.03194 20.222771 3.684307 2.316628 18.787254 7e-06 1e-06 10.751618 -0.479867 1.397905 0.0 0.0 0.0 3.273806 0.305947 -0.58011 21.48679 11.830363 2.26613 8.162918 2e-06 -0.0 18.399061 -3.79898 -4.940569 3e-06 0.0 -1e-06 8.190372 1.016607 -20.949728 -0.226315 -0.158692 69.156105 -11.749807 3.039521 -9.994449 2.144139 -1.876191 -18.003643 0.0 0.0 4e-06 -1.56447 -17.585567 -40.415245 0.239362 0.151872 43.450932 4.91822 -9.457471 -6.031766 -1.423123 0.791327 -1.126018 0.0 0.0 -1e-06 
0.0 0.0 0.0 0.0 -0.0 0.0 24.284643 91.430107 -176.846725 179.94371 -10.006522 -179.296173 3.080969 0.011157 14.759402 1.110725 0.191396 2.020115 4.451973 -0.691496 26.757351 1.427518 2.670426 -0.97647 -3.487973 -11.32961 -3.107789 5.126673 -14.609377 -23.103027 7.7e-05 -2.2e-05 6e-06 -0.076474 0.251517 0.026809 0.668687 -3.469546 -10.674263 -0.821702 3.972774 -10.671001 -7.106403 -6.636602 15.991835 -56.573025 -7.027334 9.043448 -179.29895 -68.307884 178.788589 11.94197 -2.852737 5.543978 -5.882106 9.861284 0.702586 -10.936867 -0.360574 7.156199 0.0 8.774822 -2e-06 -15.703906 18.265661 6.710618 -1.844032 2.498506 -2.507276 -10.163595 4.678943 4.621103 -20.976021 -1e-06 -2e-06 -21.226282 2.451696 -3.594003 -1e-06 -7e-06 -1e-06 -1.36268 2.240797 -0.746324 -21.334906 0.584909 3.008317 -13.821208 -3e-06 -1e-06 -23.887159 -0.24908 -0.839487 -60.527737 2.993425 -1.0166 -0.294025 1.679688 0.833256 -14.218201 0.093215 1.300576 -34.212036 -0.287568 0.967162 -20.033205 0.964533 1.21284 0.0 -1e-06 1e-06 -3.440388 0.788234 0.501656 -15.928181 -3.167309 2.999703 -6.338823 -1e-06 -0.0 -18.123442 3.648181 -4.905673 -2e-06 1e-06 -2e-06 -0.142009 20.946301 11.352476 49.839527 12.356634 -7.222662 176.458817 74.290253 176.961319 -3.367255 3.612965 4.619948 2.243539 -5.255035 -3.180157 14.282884 -0.826593 6.952497 -0.0 -12.690598 -3e-06 16.113068 -17.655176 2.37005 1.665666 -1.955922 -2.878297 4.727797 -4.170586 4.99392 11.02052 5e-06 -2e-06 12.10905 -3.735715 -2.866785 1e-06 0.0 1e-06 1.291984 -1.928549 -1.498089 14.800118 0.567469 3.865604 14.242562 -1.341737 -6.660656 19.631954 0.143928 -0.648246 49.920727 -0.663918 -6.576446 0.353031 -1.51115 -0.03194 20.222784 3.68431 2.316627 18.787266 5e-06 -2e-06 10.751622 -0.479867 1.397905 0.0 0.0 0.0 3.273806 0.305946 -0.58011 21.486801 11.830368 2.266132 8.162922 2e-06 -1e-06 18.399071 -3.798981 -4.940576 3e-06 0.0 -1e-06 8.591868 0.989299 -23.759146 -0.197577 -0.131346 75.437607 -10.448119 4.665895 -1.846459 2.122571 -1.884589 -12.853825 0.0 0.0 2e-06 -1.576815 -17.551844 -38.608326 0.206765 0.068966 44.896816 4.644489 -8.54221 -8.209424 -1.430508 0.810382 -0.708871 -0.0 0.0 -1e-06 
0.0 0.0 0.0 0.0 -0.0 0.0 24.948593 91.64904 -179.828644 179.676193 -9.418828 -179.745926 3.002107 0.024528 15.101924 1.13865 0.290026 2.159481 4.484174 -0.751126 26.868341 1.442609 2.667782 -0.952386 -3.480727 -11.175216 -3.103922 5.060754 -14.684352 -23.238018 7.7e-05 -2.2e-05 6e-06 -0.0837 0.26135 0.015639 0.653384 -3.460509 -10.670143 -0.821904 3.981996 -10.659964 -6.860374 -6.542239 16.161482 -57.350681 -6.945395 9.25488 -179.297516 -68.443169 178.74675 12.432931 -3.037717 5.023519 -5.882099 9.86127 0.702592 -10.936866 -0.360576 7.1562 3e-06 8.774817 1e-06 -15.713244 18.43679 6.746366 -1.84403 2.498501 -2.507274 -10.16359 4.678936 4.621107 -20.976006 -8e-06 8e-06 -21.226269 2.451691 -3.593988 -1e-06 -6e-06 -1e-06 -1.362678 2.240794 -0.746321 -21.334902 0.584902 3.008324 -13.821205 -5e-06 7e-06 -23.887157 -0.249084 -0.839474 -60.576107 2.971916 -1.178794 -0.294024 1.679686 0.833256 -14.218201 0.093212 1.300581 -34.212021 -0.28757 0.967177 -20.033201 0.964533 1.212847 0.0 -0.0 1e-06 -3.440386 0.788232 0.501655 -15.928176 -3.16731 2.999706 -6.338821 -4e-06 3e-06 -18.12343 3.648177 -4.905659 -3e-06 1e-06 -1e-06 -0.556433 21.168407 10.98214 48.180958 11.745046 -7.419664 176.762314 74.065437 177.38945 -2.824243 3.419535 3.272772 2.243537 -5.255028 -3.180153 14.282867 -0.826592 6.952495 -3e-06 -12.690589 2e-06 16.248726 -17.567657 2.25892 1.665664 -1.955918 -2.878295 4.727789 -4.170581 4.993918 11.020511 6e-06 -0.0 12.109034 -3.735707 -2.866778 0.0 -0.0 0.0 1.291981 -1.928546 -1.498087 14.800108 0.56747 3.865603 14.24255 -1.34173 -6.660646 19.631937 0.14393 -0.64824 50.105087 -0.68167 -6.554386 0.353028 -1.511148 -0.03194 20.222765 3.684309 2.316628 18.787249 8e-06 3e-06 10.751613 -0.479867 1.397906 -0.0 0.0 -0.0 3.273802 0.305948 -0.58011 21.486784 11.830364 2.266129 8.162913 2e-06 1e-06 18.399054 -3.79898 -4.940564 3e-06 0.0 -1e-06 8.531023 0.859687 -26.911293 -0.143947 -0.109161 81.07959 -8.623931 6.375905 1.694183 2.025496 -1.965416 -6.632032 0.0 0.0 3e-06 -1.660092 -17.401237 -36.733616 0.109857 -0.015125 46.252865 4.522448 -7.687053 -10.495282 -1.435518 0.828168 -0.499426 0.0 0.0 -1e-06 
0.0 0.0 0.0 0.0 -0.0 0.0 25.548458 91.852554 -182.701385 179.395905 -8.869852 179.85968 2.846387 0.066506 15.32071 1.111047 0.339629 2.30159 4.465387 -0.767764 27.164446 1.56655 2.648141 -0.855089 -3.442637 -10.999758 -3.10821 5.100824 -14.724042 -23.367807 7.7e-05 -2.2e-05 6e-06 -0.086761 0.249444 0.009795 0.64525 -3.474139 -10.67506 -0.820119 3.970029 -10.656922 -6.667065 -6.532361 16.296429 -57.877876 -7.12505 10.041529 -179.667267 -68.655266 179.126007 12.725788 -3.1504 4.757076 -5.882104 9.861281 0.702591 -10.936868 -0.360574 7.156207 0.0 8.774821 -1e-06 -15.761389 18.639038 6.769525 -1.844032 2.498504 -2.507278 -10.163595 4.678941 4.621109 -20.976017 -3e-06 5e-06 -21.226282 2.451698 -3.593999 1e-06 -5e-06 -2e-06 -1.362682 2.240798 -0.746323 -21.334906 0.58491 3.008325 -13.821208 -1e-06 5e-06 -23.887157 -0.249075 -0.839481 -60.686134 2.941731 -1.373033 -0.294024 1.679686 0.833255 -14.218205 0.093215 1.300583 -34.212036 -0.28756 0.967174 -20.033209 0.964538 1.212845 0.0 -1e-06 0.0 -3.440386 0.788232 0.501656 -15.928185 -3.167308 2.99971 -6.338827 -2e-06 3e-06 -18.123444 3.648181 -4.905666 -3e-06 0.0 -1e-06 -0.913303 21.289675 10.656291 46.782215 11.721667 -8.558946 176.085663 74.060699 176.759979 -2.682104 3.397753 2.403328 2.243539 -5.255033 -3.180157 14.282888 -0.826595 6.952503 -2e-06 -12.690597 -1e-06 16.302011 -17.508183 2.239567 1.665664 -1.95592 -2.878298 4.727798 -4.170583 4.993922 11.020523 4e-06 0.0 12.109048 -3.735713 -2.866781 0.0 -0.0 -0.0 1.291984 -1.928548 -1.498089 14.800127 0.567469 3.865608 14.242566 -1.341735 -6.660653 19.63196 0.143925 -0.648242 50.314392 -0.667269 -6.485702 0.35303 -1.511149 -0.03194 20.22279 3.684309 2.316633 18.78727 4e-06 2e-06 10.751625 -0.479868 1.397907 0.0 0.0 -0.0 3.273807 0.305948 -0.58011 21.486811 11.830367 2.266136 8.162925 2e-06 1e-06 18.399076 -3.798983 -4.940571 3e-06 0.0 -1e-06 8.014667 0.616832 -30.197777 -0.089454 -0.023248 84.956573 -7.754236 6.859384 0.325989 1.987484 -2.013414 -4.67626 -0.0 0.0 2e-06 -1.848306 -17.014601 -34.778198 0.011799 -0.07269 47.332329 4.574313 -7.115654 -12.819032 -1.430004 0.807637 -0.317176 -0.0 0.0 -1e-06 
0.0 0.0 0.0 0.0 -0.0 0.0 26.108759 92.079834 -185.577942 179.014069 -8.3342 179.632523 2.583983 0.117724 15.410616 1.03826 0.364322 2.431349 4.329186 -0.707497 27.538288 1.647215 2.61544 -0.834358 -3.46499 -10.759946 -3.10674 5.326117 -14.681222 -23.242624 7.7e-05 -2.3e-05 7e-06 -0.091288 0.246363 0.008438 0.639766 -3.476104 -10.668653 -0.823509 3.965342 -10.648088 -6.693393 -6.55207 16.381109 -58.126659 -7.326043 11.031891 179.725662 -68.956116 179.691833 12.845466 -3.184728 4.87182 -5.882107 9.861286 0.70259 -10.936872 -0.360576 7.156204 0.0 8.774826 0.0 -15.790071 18.702221 6.76145 -1.844032 2.498505 -2.507278 -10.163599 4.678945 4.621109 -20.976028 -5e-06 1e-06 -21.226288 2.451694 -3.594002 0.0 -6e-06 -1e-06 -1.362682 2.240797 -0.746324 -21.334913 0.584908 3.008321 -13.821215 -3e-06 1e-06 -23.887171 -0.249081 -0.839484 -60.736256 2.935591 -1.478785 -0.294025 1.679686 0.833255 -14.218209 0.093215 1.300579 -34.212048 -0.287565 0.967167 -20.033215 0.964536 1.212841 -0.0 0.0 0.0 -3.440389 0.788232 0.501656 -15.928185 -3.167309 2.999707 -6.338826 -2e-06 0.0 -18.123444 3.648183 -4.905671 -3e-06 1e-06 -2e-06 -1.224419 21.400578 10.416913 45.878864 12.226459 -10.070883 175.482162 74.291214 176.200546 -2.784596 3.424578 2.194798 2.243541 -5.255033 -3.180156 14.28288 -0.826593 6.952497 -1e-06 -12.690597 -1e-06 16.18259 -17.485687 2.325876 1.665664 -1.955921 -2.878297 4.727796 -4.170584 4.993919 11.020517 4e-06 -1e-06 12.109042 -3.735713 -2.866783 1e-06 0.0 0.0 1.291985 -1.928548 -1.498088 14.800115 0.567469 3.865604 14.24256 -1.341735 -6.660654 19.631952 0.143927 -0.648245 50.394646 -0.66565 -6.367939 0.353031 -1.511149 -0.03194 20.222775 3.684308 2.316628 18.787256 7e-06 -1e-06 10.75162 -0.479866 1.397905 0.0 0.0 0.0 3.273805 0.305948 -0.580109 21.486795 11.830369 2.266132 8.162921 2e-06 -0.0 18.399067 -3.798982 -4.940572 3e-06 -0.0 -1e-06 6.91959 0.583956 -33.536438 -0.02619 0.119001 86.035606 -7.199625 7.45366 -2.068978 1.96629 -2.020314 -4.39316 0.0 -1e-06 2e-06 -2.192233 -16.367027 -32.846405 -0.038018 -0.098141 48.054474 4.718379 -6.923214 -14.981042 -1.419768 0.801472 -0.181177 -0.0 0.0 -1e-06 
0.0 0.0 0.0 0.0 -0.0 0.0 26.61607 92.2677 -188.474747 178.57309 -7.763515 179.585587 2.295446 0.185005 15.470341 0.945048 0.460004 2.525923 4.066379 -0.600579 27.752722 1.560594 2.567185 -0.885672 -3.495042 -10.434529 -3.092366 5.620544 -14.460187 -23.033039 7.7e-05 -2.2e-05 6e-06 -0.097215 0.254646 0.013137 0.638104 -3.46677 -10.658178 -0.83338 3.973301 -10.63831 -6.86264 -6.48416 16.401905 -58.290379 -7.339353 11.869832 179.243927 -69.210693 -179.961456 12.761292 -3.155712 5.239503 -5.882111 9.861292 0.70259 -10.936878 -0.360574 7.156212 -3e-06 8.774833 -3e-06 -15.800118 18.662081 6.765436 -1.844034 2.498506 -2.507279 -10.163607 4.678948 4.621113 -20.976038 -0.0 3e-06 -21.226301 2.451702 -3.594005 0.0 -6e-06 -1e-06 -1.362682 2.2408 -0.746325 -21.334929 0.584912 3.008327 -13.821223 -2e-06 2e-06 -23.887184 -0.249076 -0.839483 -60.773323 2.92538 -1.445469 -0.294025 1.679689 0.833257 -14.218215 0.093216 1.300581 -34.212067 -0.287558 0.96717 -20.033226 0.964539 1.212843 0.0 0.0 0.0 -3.440391 0.788233 0.501656 -15.928196 -3.16731 2.999711 -6.338831 1e-06 2e-06 -18.123459 3.648188 -4.905675 -2e-06 1e-06 -2e-06 -1.597913 21.584469 10.217135 45.572956 12.860482 -11.453419 175.216217 74.462074 175.995956 -2.957475 3.495192 2.244434 2.243541 -5.255038 -3.180159 14.282898 -0.826595 6.952505 -2e-06 -12.690608 -0.0 16.005621 -17.523026 2.446188 1.665668 -1.955922 -2.8783 4.727801 -4.170588 4.993925 11.020532 3e-06 -2e-06 12.109058 -3.735717 -2.866786 0.0 0.0 -0.0 1.291986 -1.92855 -1.49809 14.800136 0.567469 3.865608 14.24258 -1.341735 -6.660662 19.631975 0.143927 -0.648246 50.375183 -0.711213 -6.279825 0.35303 -1.511152 -0.03194 20.222797 3.684311 2.31663 18.787281 6e-06 -3e-06 10.751631 -0.479868 1.397905 -0.0 -1e-06 -0.0 3.273809 0.305946 -0.580111 21.486824 11.830379 2.266133 8.16293 2e-06 -1e-06 18.39909 -3.798985 -4.940578 3e-06 -0.0 -1e-06 5.399019 0.886318 -36.741032 0.043606 0.248203 84.151817 -7.224751 7.492295 -3.988955 1.939555 -2.026869 -4.449944 -0.0 -0.0 1e-06 -2.597515 -15.56314 -31.094208 -0.047914 -0.107455 48.680553 4.976619 -6.948872 -17.046425 -1.411273 0.801405 -0.063317 0.0 0.0 -1e-06 
0.0 0.0 0.0 0.0 -0.0 0.0 27.026934 92.392326 -191.306488 178.157242 -7.218736 179.716034 2.044814 0.284732 15.478443 0.861723 0.598428 2.593691 3.743288 -0.473984 27.812937 1.252421 2.57767 -1.047367 -3.486098 -10.134581 -3.076666 5.857975 -14.144814 -22.858099 7.7e-05 -2.2e-05 5e-06 -0.103466 0.269982 0.02532 0.638971 -3.453033 -10.647234 -0.846305 3.991399 -10.628511 -7.144101 -6.331494 16.390442 -58.365299 -7.14002 12.405291 178.952591 -69.184456 -179.774948 12.479284 -3.09226 5.850107 -5.882102 9.86128 0.70259 -10.936865 -0.360574 7.1562 1e-06 8.774821 0.0 -15.877057 18.607979 6.755732 -1.844032 2.498503 -2.507277 -10.163594 4.678941 4.621107 -20.976009 -4e-06 0.0 -21.226274 2.451695 -3.594001 1e-06 -5e-06 -1e-06 -1.362679 2.240797 -0.746323 -21.334904 0.584909 3.008321 -13.821207 -2e-06 3e-06 -23.887157 -0.249079 -0.839484 -60.87764 2.908786 -1.374286 -0.294024 1.679686 0.833256 -14.218203 0.093216 1.300579 -34.212021 -0.287566 0.967167 -20.033199 0.964534 1.212842 0.0 -0.0 0.0 -3.440388 0.788235 0.501655 -15.928177 -3.167308 2.999704 -6.33882 -2e-06 -0.0 -18.123436 3.648182 -4.905669 -3e-06 1e-06 -3e-06 -2.035503 21.848204 10.071353 45.606125 13.417838 -12.588483 175.175491 74.493858 175.955139 -3.246667 3.705854 2.147838 2.24354 -5.255031 -3.180153 14.282876 -0.826595 6.952496 -0.0 -12.690593 2e-06 15.871082 -17.614195 2.536701 1.665665 -1.95592 -2.878295 4.727797 -4.170585 4.993919 11.020514 1e-06 1e-06 12.109036 -3.735714 -2.866778 1e-06 0.0 1e-06 1.291983 -1.928548 -1.498087 14.800112 0.567465 3.865606 14.242558 -1.341738 -6.660648 19.631947 0.143924 -0.648242 50.335205 -0.766293 -6.25456 0.353028 -1.511149 -0.031939 20.222769 3.684304 2.316631 18.787252 2e-06 1e-06 10.751617 -0.479871 1.397904 0.0 0.0 -0.0 3.273803 0.305946 -0.580109 21.486788 11.830359 2.266131 8.162917 0.0 0.0 18.399061 -3.798985 -4.940569 3e-06 -0.0 -1e-06 3.69658 1.42252 -39.560963 0.111005 0.305026 79.395775 -7.739324 6.835676 -5.055301 1.893697 -2.034785 -4.476147 -0.0 -0.0 2e-06 -2.955837 -14.753082 -29.558668 -0.038632 -0.096256 49.277222 5.324198 -7.056531 -18.992685 -1.409123 0.809348 0.032399 0.0 0.0 -1e-06 
0.0 0.0 0.0 0.0 -0.0 0.0 27.343637 92.458069 -194.061722 177.842575 -6.791358 179.99588 1.852611 0.379894 15.424835 0.793972 0.697319 2.614891 3.431806 -0.283969 27.809816 0.781681 2.643372 -1.310203 -3.439514 -9.924567 -3.067288 6.024704 -13.807665 -22.73069 7.7e-05 -2.3e-05 7e-06 -0.106491 0.280223 0.039481 0.639743 -3.444517 -10.636629 -0.852802 4.005647 -10.617733 -7.489863 -6.170238 16.369537 -58.351974 -6.807511 12.576352 179.019455 -68.772591 -179.864014 12.123159 -3.000098 6.672416 -5.882102 9.861279 0.702588 -10.936863 -0.360575 7.156198 -1e-06 8.77482 -2e-06 -15.959352 18.553516 6.697291 -1.844031 2.498502 -2.507276 -10.163594 4.678943 4.621103 -20.976009 -2e-06 1e-06 -21.226273 2.451695 -3.594 1e-06 -5e-06 -0.0 -1.362681 2.240796 -0.746324 -21.3349 0.584909 3.008318 -13.821205 -3e-06 1e-06 -23.887157 -0.249079 -0.839484 -60.953831 2.913034 -1.343252 -0.294025 1.679687 0.833256 -14.218199 0.093215 1.300579 -34.212032 -0.287563 0.967167 -20.033199 0.964534 1.212841 0.0 0.0 0.0 -3.440387 0.788232 0.501655 -15.928177 -3.167306 2.999704 -6.338824 -0.0 1e-06 -18.123438 3.648182 -4.90567 -3e-06 1e-06 -2e-06 -2.453743 22.109995 9.971017 45.637268 13.861638 -13.561618 175.003403 74.436005 175.725479 -3.645815 4.026117 1.830108 2.243542 -5.255035 -3.180157 14.282885 -0.826594 6.952499 -1e-06 -12.6906 -1e-06 15.8013 -17.702333 2.602186 1.665665 -1.955922 -2.878297 4.727795 -4.170585 4.99392 11.020522 2e-06 -1e-06 12.109047 -3.735716 -2.866785 1e-06 1e-06 0.0 1.291986 -1.928549 -1.498089 14.800122 0.567468 3.865605 14.242566 -1.341737 -6.660658 19.631958 0.143926 -0.648247 50.314854 -0.794737 -6.241085 0.353029 -1.511151 -0.031939 20.222784 3.684307 2.316628 18.78727 5e-06 -3e-06 10.751625 -0.479868 1.397904 0.0 -1e-06 0.0 3.273807 0.305947 -0.580111 21.486807 11.830369 2.266132 8.162924 1e-06 -1e-06 18.399076 -3.798982 -4.940576 3e-06 0.0 -1e-06 2.050987 1.925516 -41.753269 0.197005 0.296766 72.029259 -8.331563 6.220151 -5.394898 1.836017 -2.042985 -4.399367 0.0 -0.0 2e-06 -3.206853 -14.022912 -28.120329 -0.024304 -0.064454 49.804306 5.699698 -7.176762 -20.900949 -1.413556 0.824583 0.083126 0.0 0.0 -1e-06 
0.0 0.0 0.0 0.0 -0.0 0.0 27.580114 92.461952 -196.778412 177.691833 -6.511302 -179.657516 1.71337 0.446895 15.331821 0.748389 0.721879 2.591691 3.18535 -0.017029 27.821623 0.254873 2.724693 -1.668003 -3.366498 -9.779108 -3.069325 6.118594 -13.438906 -22.557375 7.7e-05 -2.3e-05 5e-06 -0.106528 0.278194 0.047939 0.640609 -3.447754 -10.635239 -0.853148 4.006161 -10.612824 -7.810616 -6.021703 16.321098 -58.325863 -6.425466 12.37764 179.636505 -68.019684 179.533676 11.770323 -2.901801 7.613253 -5.882098 9.861275 0.702592 -10.936859 -0.360576 7.156201 3e-06 8.774818 -0.0 -16.001562 18.464628 6.577011 -1.84403 2.498501 -2.507275 -10.163588 4.678936 4.621107 -20.976004 -6e-06 8e-06 -21.226265 2.451692 -3.593992 0.0 -5e-06 -0.0 -1.362681 2.240797 -0.746322 -21.334892 0.584906 3.008322 -13.821201 -6e-06 5e-06 -23.887144 -0.24908 -0.839475 -60.906223 2.935662 -1.362383 -0.294024 1.679686 0.833256 -14.218195 0.093212 1.300581 -34.212013 -0.287568 0.967177 -20.033194 0.964536 1.212847 1e-06 0.0 1e-06 -3.440386 0.788233 0.501656 -15.928172 -3.167309 2.999707 -6.338819 -2e-06 3e-06 -18.123426 3.648176 -4.905659 -2e-06 1e-06 -2e-06 -2.778394 22.32291 9.911722 45.537434 14.223572 -14.37585 174.680939 74.357346 175.334869 -4.038864 4.380225 1.487451 2.243538 -5.255032 -3.180156 14.282886 -0.826591 6.952499 -4e-06 -12.690593 1e-06 15.786164 -17.756464 2.648504 1.665666 -1.955919 -2.878296 4.727794 -4.170584 4.993921 11.020518 6e-06 0.0 12.109042 -3.73571 -2.866779 -0.0 0.0 -0.0 1.291985 -1.928547 -1.498089 14.800127 0.567471 3.865606 14.242565 -1.341731 -6.660649 19.631958 0.143928 -0.648239 50.347923 -0.787368 -6.219619 0.353028 -1.511149 -0.03194 20.22278 3.684311 2.31663 18.787264 8e-06 2e-06 10.751622 -0.479866 1.397907 0.0 0.0 -0.0 3.273803 0.305946 -0.58011 21.486807 11.830369 2.266133 8.162922 3e-06 1e-06 18.399069 -3.79898 -4.940568 3e-06 0.0 -1e-06 0.748012 2.241486 -43.114796 0.270356 0.251472 62.589859 -8.943741 5.870465 -4.788009 1.793368 -2.057292 -4.285197 0.0 -0.0 2e-06 -3.317575 -13.384295 -26.6406 0.002114 -0.016942 50.177162 6.091582 -7.320531 -22.808268 -1.421262 0.850482 0.060788 0.0 0.0 -1e-06 
0.0 0.0 0.0 0.0 -0.0 0.0 27.738962 92.365555 -199.545532 177.738678 -6.344744 -179.320953 1.631869 0.491628 15.235956 0.732124 0.706449 2.549209 3.031612 0.324684 27.841795 -0.255 2.800302 -2.043239 -3.308489 -9.670148 -3.089958 6.17292 -13.09464 -22.387836 7.7e-05 -2.3e-05 6e-06 -0.100366 0.255735 0.052904 0.647749 -3.468829 -10.640457 -0.847226 3.983087 -10.610532 -8.042921 -5.903461 16.228176 -58.332329 -6.066001 12.05086 -179.582245 -67.124329 178.743851 11.418634 -2.82384 8.634349 -5.882108 9.861284 0.702591 -10.936873 -0.360573 7.156205 0.0 8.774826 -1e-06 -16.024582 18.353336 6.401082 -1.844034 2.498505 -2.507278 -10.1636 4.678946 4.621109 -20.976027 -5e-06 2e-06 -21.226292 2.451696 -3.594 0.0 -5e-06 -0.0 -1.362682 2.240798 -0.746324 -21.334917 0.584911 3.008321 -13.821215 -2e-06 1e-06 -23.887175 -0.249079 -0.839484 -60.767742 2.974059 -1.406633 -0.294024 1.679686 0.833257 -14.218209 0.093214 1.30058 -34.212051 -0.287564 0.967171 -20.033215 0.964535 1.212843 0.0 1e-06 0.0 -3.440389 0.788234 0.501657 -15.928185 -3.16731 2.999706 -6.338828 -2e-06 1e-06 -18.123447 3.648181 -4.905671 -2e-06 1e-06 -2e-06 -3.000612 22.496195 9.887495 45.465511 14.497458 -15.076729 174.331268 74.298904 174.909271 -4.314357 4.800618 1.227193 2.243541 -5.255035 -3.180156 14.282883 -0.826594 6.9525 0.0 -12.690601 0.0 15.822468 -17.816647 2.654552 1.665664 -1.955921 -2.878298 4.727795 -4.170587 4.993923 11.020517 2e-06 -1e-06 12.109042 -3.735716 -2.866784 1e-06 0.0 -0.0 1.291983 -1.92855 -1.498089 14.800115 0.567467 3.865607 14.24256 -1.341738 -6.660655 19.631952 0.143925 -0.648245 50.403522 -0.759387 -6.225043 0.353025 -1.511151 -0.03194 20.222778 3.684307 2.316629 18.787258 3e-06 -1e-06 10.75162 -0.479869 1.397905 0.0 0.0 -0.0 3.273803 0.305947 -0.58011 21.486797 11.830369 2.266133 8.162921 0.0 0.0 18.399069 -3.798987 -4.940573 3e-06 0.0 -1e-06 -0.081171 2.472802 -43.552128 0.287423 0.218661 51.756489 -9.900943 5.611185 -3.485317 1.768023 -2.085873 -4.210591 -0.0 0.0 2e-06 -3.260571 -12.705253 -25.045137 0.023472 0.036859 50.37957 6.53653 -7.543333 -24.772047 -1.4269 0.874947 -0.036031 0.0 0.0 -1e-06 
0.0 0.0 0.0 0.0 -0.0 0.0 27.81778 92.156929 -202.469177 178.041183 -6.220488 -179.06221 1.641144 0.542383 15.146001 0.73634 0.73876 2.502683 2.988322 0.666888 27.881092 -0.740047 2.860375 -2.334996 -3.246703 -9.577623 -3.12053 6.247225 -12.783631 -22.337662 7.7e-05 -2.3e-05 6e-06 -0.093546 0.233034 0.060702 0.660361 -3.489599 -10.642346 -0.845204 3.957827 -10.605369 -8.203884 -5.784004 16.116758 -58.38924 -5.730824 11.734846 -178.898865 -66.247932 178.07547 11.047385 -2.795202 9.544402 -5.882106 9.861286 0.70259 -10.93687 -0.360576 7.156205 1e-06 8.774825 -1e-06 -16.091772 18.233192 6.179411 -1.844031 2.498505 -2.507277 -10.163599 4.678947 4.621106 -20.976021 -3e-06 3e-06 -21.226286 2.451696 -3.594002 1e-06 -4e-06 -0.0 -1.36268 2.240799 -0.746325 -21.334913 0.584909 3.008322 -13.821213 -2e-06 3e-06 -23.887167 -0.249079 -0.839483 -60.665394 3.021707 -1.429277 -0.294024 1.679687 0.833256 -14.218207 0.093213 1.30058 -34.212048 -0.287564 0.967171 -20.033211 0.964537 1.212844 0.0 0.0 -0.0 -3.440388 0.788233 0.501655 -15.928187 -3.16731 2.999708 -6.338826 -2e-06 3e-06 -18.123444 3.648183 -4.905672 -2e-06 1e-06 -2e-06 -3.153751 22.612064 9.93771 45.526646 14.757937 -15.609986 174.18692 74.282059 174.641891 -4.511752 5.259941 0.991917 2.24354 -5.255036 -3.180157 14.282884 -0.826593 6.952501 -4e-06 -12.690601 0.0 15.909922 -17.890692 2.603352 1.665664 -1.955922 -2.878299 4.727797 -4.170586 4.993922 11.02052 4e-06 -1e-06 12.109048 -3.735713 -2.866784 1e-06 1e-06 0.0 1.291985 -1.928549 -1.498089 14.800118 0.567468 3.865607 14.242566 -1.341735 -6.660657 19.631958 0.143927 -0.648244 50.404373 -0.748758 -6.264168 0.353027 -1.51115 -0.03194 20.222782 3.684309 2.31663 18.787266 5e-06 -0.0 10.751622 -0.479868 1.397905 -0.0 0.0 0.0 3.273805 0.305946 -0.580111 21.486805 11.830371 2.266134 8.162923 2e-06 0.0 18.399075 -3.798984 -4.940574 3e-06 0.0 -1e-06 -0.382173 2.714929 -43.188347 0.235323 0.211783 40.538685 -11.303417 5.017618 -2.602474 1.722043 -2.114507 -4.108084 -0.0 -0.0 2e-06 -2.965931 -12.054824 -23.249567 0.032461 0.093636 50.390713 7.016172 -7.718907 -26.780037 -1.429455 0.877568 -0.205368 -0.0 0.0 -1e-06 
0.0 0.0 0.0 0.0 -0.0 0.0 27.792444 91.869179 -205.568314 178.477386 -6.055212 -178.879105 1.649785 0.617611 15.048673 0.713905 0.904903 2.420606 3.018937 0.918616 27.940809 -1.193475 2.888801 -2.503961 -3.177844 -9.433329 -3.141384 6.32283 -12.462108 -22.345423 7.7e-05 -2.3e-05 5e-06 -0.091804 0.231423 0.066357 0.669495 -3.489582 -10.645185 -0.84974 3.952918 -10.607574 -8.374827 -5.631101 16.054752 -58.415836 -5.424743 11.410231 -178.360931 -65.550652 177.630539 10.726013 -2.833351 10.158734 -5.882102 9.861276 0.70259 -10.936865 -0.360577 7.1562 1e-06 8.77482 -2e-06 -16.209509 18.106615 5.947891 -1.844031 2.498502 -2.507276 -10.163592 4.67894 4.621104 -20.976013 -7e-06 3e-06 -21.226274 2.451691 -3.593997 1e-06 -5e-06 -1e-06 -1.36268 2.240795 -0.746323 -21.334904 0.584903 3.00832 -13.821206 -7e-06 3e-06 -23.887156 -0.249084 -0.839478 -60.6292 3.074673 -1.416303 -0.294024 1.679685 0.833256 -14.218199 0.093211 1.300578 -34.212032 -0.287572 0.967174 -20.033201 0.964533 1.212845 0.0 -0.0 -0.0 -3.440387 0.788231 0.501654 -15.928179 -3.167312 2.999705 -6.338824 -4e-06 2e-06 -18.123436 3.648176 -4.905666 -3e-06 2e-06 -2e-06 -3.278115 22.734531 10.057693 45.77816 15.001025 -15.93948 174.284988 74.288719 174.587112 -4.668979 5.662922 0.680076 2.24354 -5.255033 -3.180155 14.282883 -0.826593 6.952496 -3e-06 -12.690598 2e-06 15.965144 -17.942354 2.50701 1.665665 -1.95592 -2.878298 4.727795 -4.170585 4.993921 11.02052 4e-06 -2e-06 12.109048 -3.735713 -2.866781 -0.0 0.0 0.0 1.291986 -1.928548 -1.498089 14.800122 0.567469 3.865603 14.242566 -1.341733 -6.660654 19.631958 0.143929 -0.648245 50.356117 -0.78027 -6.340796 0.35303 -1.511149 -0.03194 20.222784 3.684308 2.316627 18.787266 7e-06 -2e-06 10.751623 -0.479867 1.397904 0.0 0.0 -0.0 3.273804 0.305947 -0.580111 21.486801 11.83037 2.266128 8.162922 3e-06 -1e-06 18.399071 -3.798981 -4.940573 3e-06 0.0 -1e-06 -0.328983 2.886511 -42.508553 0.113371 0.18399 30.292027 -12.705976 4.134461 -2.694584 1.644422 -2.094977 -4.23996 0.0 0.0 2e-06 -2.558806 -11.547729 -21.209017 0.040753 0.164125 50.250145 7.538945 -7.79593 -28.838654 -1.431544 0.848541 -0.372972 0.0 0.0 -1e-06 
0.0 0.0 0.0 0.0 -0.0 0.0 27.643303 91.504555 -208.776428 178.841171 -5.796479 -178.704987 1.541827 0.691607 14.934335 0.644972 1.189638 2.263347 2.991652 1.07935 27.924311 -1.616606 2.861487 -2.536176 -3.115197 -9.130807 -3.135476 6.426421 -12.143043 -22.330341 7.7e-05 -2.3e-05 6e-06 -0.088911 0.235634 0.067669 0.67202 -3.489188 -10.66558 -0.845645 3.959948 -10.632513 -8.602994 -5.466794 16.110466 -58.285412 -5.189521 11.16451 -178.148254 -65.22522 177.575394 10.530329 -2.951923 10.317078 -5.882101 9.861276 0.70259 -10.936865 -0.360573 7.156202 0.0 8.774817 -1e-06 -16.283281 18.048132 5.784815 -1.84403 2.498502 -2.507275 -10.163589 4.67894 4.621106 -20.976006 -4e-06 6e-06 -21.226267 2.451695 -3.593993 1e-06 -5e-06 -1e-06 -1.36268 2.240796 -0.746323 -21.334896 0.584908 3.008322 -13.821201 -3e-06 5e-06 -23.887148 -0.249078 -0.839479 -60.546494 3.128737 -1.43593 -0.294024 1.679686 0.833255 -14.218199 0.093213 1.300581 -34.212021 -0.287564 0.967175 -20.033197 0.964537 1.212846 1e-06 0.0 1e-06 -3.440385 0.788231 0.501655 -15.928172 -3.167308 2.999707 -6.33882 -2e-06 3e-06 -18.123426 3.64818 -4.905663 -3e-06 1e-06 -2e-06 -3.377273 22.895451 10.206601 46.287575 15.187841 -16.04006 174.133789 74.326447 174.283829 -4.759857 5.884958 0.320461 2.243542 -5.255032 -3.180153 14.28288 -0.826595 6.952495 -4e-06 -12.690598 2e-06 15.976653 -17.939831 2.417166 1.665665 -1.95592 -2.878297 4.727795 -4.170586 4.993919 11.020519 5e-06 -2e-06 12.109047 -3.735712 -2.866782 2e-06 0.0 -0.0 1.291984 -1.928547 -1.498088 14.800118 0.567468 3.865602 14.242562 -1.341733 -6.660653 19.631952 0.143928 -0.648245 50.313557 -0.81678 -6.451508 0.353028 -1.511149 -0.03194 20.222776 3.684309 2.316625 18.787262 8e-06 -2e-06 10.75162 -0.479867 1.397905 -0.0 1e-06 -0.0 3.273803 0.305947 -0.58011 21.486799 11.830369 2.266128 8.162921 2e-06 -1e-06 18.399071 -3.798981 -4.940573 3e-06 0.0 -1e-06 -0.120327 2.84074 -42.036736 -0.010577 0.118997 22.976242 -13.647291 3.544918 -4.069183 1.573758 -2.041933 -4.544979 0.0 -0.0 3e-06 -2.300597 -11.162423 -19.124807 0.046352 0.209167 50.167736 8.121528 -7.781636 -30.771023 -1.430148 0.787901 -0.514575 0.0 0.0 -1e-06 
0.0 0.0 0.0 0.0 -0.0 0.0 27.317011 91.086052 -212.029907 178.94162 -5.528036 -178.469788 1.261637 0.685981 14.765691 0.529502 1.458341 2.040788 2.742819 1.286777 27.852617 -1.995531 2.921406 -2.591772 -3.057834 -8.739702 -3.104407 6.554143 -11.965236 -22.312763 7.7e-05 -2.2e-05 5e-06 -0.072496 0.191794 0.058067 0.68804 -3.540201 -10.6675 -0.828132 3.923221 -10.638719 -8.878338 -5.329686 16.129841 -57.983521 -4.945944 10.992036 -177.925354 -65.285416 177.389191 10.473688 -3.134533 10.021921 -5.8821 9.861275 0.702591 -10.936865 -0.360576 7.156199 2e-06 8.774817 -1e-06 -16.347134 18.066771 5.711754 -1.844031 2.498502 -2.507274 -10.163592 4.678937 4.621104 -20.976009 -7e-06 6e-06 -21.226271 2.451691 -3.59399 0.0 -4e-06 -1e-06 -1.362679 2.240795 -0.746322 -21.334896 0.584905 3.008322 -13.821203 -5e-06 6e-06 -23.887152 -0.24908 -0.839477 -60.443268 3.048211 -1.504319 -0.294024 1.679686 0.833255 -14.218197 0.093213 1.30058 -34.212025 -0.287566 0.967176 -20.033194 0.964534 1.212846 1e-06 -0.0 -0.0 -3.440384 0.788229 0.501656 -15.928177 -3.167309 2.999706 -6.33882 -3e-06 3e-06 -18.123428 3.648176 -4.905662 -3e-06 1e-06 -2e-06 -3.409371 23.055334 10.390842 46.928886 15.233945 -15.81878 174.087234 74.468719 174.119095 -4.724854 6.073551 0.045038 2.243539 -5.255031 -3.180155 14.282872 -0.826591 6.952497 -4e-06 -12.69059 -1e-06 16.0175 -18.021801 2.44979 1.665664 -1.95592 -2.878294 4.727794 -4.170581 4.993917 11.020512 4e-06 -0.0 12.109035 -3.73571 -2.866779 1e-06 1e-06 -0.0 1.291984 -1.928548 -1.498087 14.800114 0.567471 3.865604 14.242556 -1.341732 -6.660649 19.631945 0.143927 -0.64824 50.345215 -0.818866 -6.496076 0.353027 -1.511149 -0.031941 20.222769 3.684308 2.31663 18.787251 7e-06 2e-06 10.751616 -0.479867 1.397907 -0.0 0.0 -0.0 3.273802 0.305948 -0.580111 21.48679 11.830364 2.266134 8.162917 2e-06 1e-06 18.399059 -3.798979 -4.940566 3e-06 0.0 -1e-06 -0.171571 2.732053 -42.177834 -0.054374 0.040387 20.420149 -14.019347 3.75411 -5.416624 1.550886 -1.983093 -4.661098 0.0 -0.0 2e-06 -2.447317 -10.854839 -17.248314 0.063896 0.193698 50.589619 8.80608 -7.62398 -32.172493 -1.443653 0.753917 -0.873763 0.0 0.0 -1e-06 
0.0 0.0 0.0 0.0 -0.0 0.0 26.874273 90.657089 -215.239334 178.72403 -5.167341 -178.160416 0.782767 0.680815 14.520108 0.433303 1.680327 1.92799 2.276198 1.557882 27.688637 -2.37098 3.054385 -2.714742 -2.987909 -8.483507 -3.134856 6.764287 -11.775124 -22.111261 7.7e-05 -2.3e-05 6e-06 -0.062044 0.151418 0.045878 0.68545 -3.580466 -10.6534 -0.803903 3.881117 -10.637177 -9.251068 -5.321411 16.058895 -57.64539 -4.753876 11.173132 -178.520798 -65.779999 178.070694 10.498021 -3.426025 9.49018 -5.8821 9.861279 0.702589 -10.936863 -0.360576 7.1562 -1e-06 8.774821 -1e-06 -16.389587 18.080954 5.688809 -1.844029 2.498503 -2.507275 -10.163592 4.67894 4.621106 -20.976009 -4e-06 5e-06 -21.226271 2.451695 -3.593996 0.0 -4e-06 -1e-06 -1.36268 2.240796 -0.746324 -21.3349 0.584908 3.008321 -13.821207 -4e-06 3e-06 -23.887156 -0.249077 -0.839481 -60.489906 3.042108 -1.490053 -0.294024 1.679684 0.833255 -14.218198 0.093214 1.300581 -34.212021 -0.287562 0.967171 -20.033194 0.964537 1.212843 1e-06 -0.0 1e-06 -3.440385 0.788233 0.501656 -15.928176 -3.167308 2.999705 -6.338821 -1e-06 2e-06 -18.12343 3.648179 -4.905665 -1e-06 -0.0 -2e-06 -3.370912 23.120935 10.490969 47.548851 15.084537 -15.320333 173.831985 74.670677 173.676208 -4.630898 6.206001 0.369957 2.243539 -5.255033 -3.180154 14.282876 -0.826594 6.952496 -3e-06 -12.690597 1e-06 16.060974 -17.972368 2.445318 1.665665 -1.95592 -2.878296 4.727793 -4.170586 4.993921 11.020515 4e-06 -1e-06 12.109037 -3.735713 -2.866781 1e-06 0.0 0.0 1.291983 -1.928548 -1.498087 14.800115 0.567469 3.865606 14.242559 -1.341734 -6.660653 19.631948 0.143927 -0.648243 50.436329 -0.841207 -6.519248 0.353029 -1.511149 -0.031939 20.222769 3.684307 2.316628 18.787254 5e-06 0.0 10.751617 -0.479868 1.397905 0.0 1e-06 0.0 3.273804 0.305947 -0.580111 21.486792 11.830367 2.26613 8.162919 1e-06 0.0 18.399063 -3.798985 -4.940569 3e-06 0.0 -1e-06 -0.7517 2.909961 -42.537758 -0.064481 -0.020057 22.219584 -13.979453 3.727235 -5.253492 1.608124 -2.003818 -5.055878 0.0 0.0 3e-06 -3.142847 -10.731485 -15.826909 0.114642 0.244073 51.82275 9.677064 -7.140529 -32.882412 -1.441835 0.690941 -1.916316 0.0 0.0 -1e-06 
0.0 0.0 0.0 0.0 -0.0 0.0 26.236248 90.346619 -218.487335 178.249268 -4.678704 -177.743195 0.130632 0.709469 14.158987 0.334243 1.837554 1.834516 1.751539 1.871494 27.572575 -2.998988 3.299066 -3.024759 -2.858893 -8.19552 -3.186661 7.116392 -11.780317 -21.582817 7.7e-05 -2.2e-05 6e-06 -0.078735 0.185471 0.026194 0.656274 -3.541948 -10.643636 -0.808383 3.909152 -10.643789 -9.956532 -5.369162 15.875407 -57.072308 -4.533742 11.158277 -178.868668 -66.278336 178.358902 10.705673 -3.568272 8.819458 -5.882104 9.861281 0.70259 -10.936868 -0.360577 7.156205 0.0 8.774821 -2e-06 -16.490648 18.186996 5.680373 -1.844032 2.498503 -2.507276 -10.163597 4.678944 4.621109 -20.976015 -3e-06 5e-06 -21.226276 2.451696 -3.593997 1e-06 -5e-06 -1e-06 -1.362681 2.240796 -0.746323 -21.334911 0.584909 3.008327 -13.821213 -3e-06 4e-06 -23.887167 -0.249078 -0.839479 -60.629864 3.008039 -1.524668 -0.294024 1.679685 0.833256 -14.218207 0.093214 1.300582 -34.212048 -0.287563 0.967176 -20.033211 0.964538 1.212847 1e-06 -0.0 1e-06 -3.440388 0.788232 0.501655 -15.928183 -3.167309 2.999708 -6.338825 -3e-06 3e-06 -18.123442 3.648182 -4.905664 -1e-06 0.0 -2e-06 -3.313088 23.119732 10.376242 47.987774 14.777586 -14.557331 173.977219 74.937622 173.963608 -4.398264 6.206615 1.102848 2.243541 -5.255031 -3.180155 14.282876 -0.826592 6.952494 -3e-06 -12.690593 1e-06 15.888193 -17.888828 2.563393 1.665666 -1.95592 -2.878296 4.727795 -4.170584 4.993918 11.020518 4e-06 -1e-06 12.10904 -3.735709 -2.866781 0.0 0.0 0.0 1.291984 -1.928548 -1.498087 14.800115 0.567469 3.865602 14.242558 -1.341733 -6.66065 19.631948 0.143928 -0.648243 50.490917 -0.743392 -6.395566 0.353028 -1.511149 -0.03194 20.222771 3.684309 2.316626 18.787256 7e-06 -2e-06 10.751617 -0.479865 1.397904 0.0 0.0 -0.0 3.273803 0.305947 -0.58011 21.486792 11.830366 2.266128 8.162918 3e-06 -1e-06 18.399063 -3.79898 -4.940571 3e-06 -0.0 -1e-06 -1.569781 3.027617 -43.287235 -0.078781 -0.065889 26.24955 -12.942451 3.685646 -2.612182 1.706067 -1.989099 -5.474254 0.0 0.0 3e-06 -4.370934 -10.760006 -15.223186 0.166454 0.402907 54.457367 10.596104 -6.004759 -32.06282 -1.452396 0.727006 -3.887299 0.0 0.0 -1e-06 
0.0 0.0 0.0 0.0 -0.0 0.0 25.500572 89.998955 -221.667053 178.02774 -4.257812 -177.671921 -0.243699 0.666075 14.018003 0.234849 1.942834 1.799829 1.257035 2.19521 27.460924 -3.504441 3.577997 -3.203081 -2.691572 -7.967614 -3.265419 7.217295 -11.624635 -21.13236 7.7e-05 -2.3e-05 6e-06 -0.078721 0.204449 0.024371 0.641728 -3.522994 -10.624429 -0.794424 3.926139 -10.634962 -10.420789 -5.518391 15.663316 -56.899815 -4.467735 11.083348 -179.0849 -66.89328 178.266266 10.837583 -3.77681 8.64318 -5.882104 9.861283 0.702589 -10.936868 -0.360575 7.156202 -1e-06 8.774822 -2e-06 -16.531179 18.171402 5.617598 -1.844032 2.498504 -2.507277 -10.163596 4.678944 4.621105 -20.976021 -4e-06 2e-06 -21.226282 2.451696 -3.593999 0.0 -5e-06 -2e-06 -1.362682 2.240798 -0.746323 -21.334911 0.58491 3.008322 -13.82121 -3e-06 1e-06 -23.887167 -0.249078 -0.839483 -60.675564 2.877917 -1.610465 -0.294026 1.679687 0.833254 -14.218205 0.093216 1.300581 -34.212048 -0.287566 0.96717 -20.033209 0.964536 1.212844 1e-06 -0.0 -0.0 -3.440387 0.788231 0.501656 -15.928179 -3.167309 2.999706 -6.338826 -1e-06 2e-06 -18.123444 3.64818 -4.905671 -3e-06 0.0 -3e-06 -3.247528 23.126839 10.381585 48.260063 14.49945 -13.98188 173.817444 75.358109 173.825638 -4.270348 6.261309 1.866194 2.243539 -5.255034 -3.180156 14.282879 -0.826593 6.952499 -1e-06 -12.690597 -1e-06 15.81587 -17.708141 2.591851 1.665665 -1.955921 -2.878298 4.727794 -4.170584 4.993921 11.020519 2e-06 -1e-06 12.109043 -3.735713 -2.866784 1e-06 0.0 0.0 1.291983 -1.928549 -1.498089 14.800118 0.567469 3.865605 14.24256 -1.341736 -6.660657 19.631952 0.143929 -0.648245 50.580769 -0.719642 -6.359005 0.353028 -1.51115 -0.031939 20.222773 3.684308 2.316628 18.787256 6e-06 -2e-06 10.751619 -0.479868 1.397905 0.0 -0.0 -0.0 3.273805 0.305947 -0.580111 21.486797 11.830369 2.266134 8.16292 1e-06 -0.0 18.399067 -3.798981 -4.940573 3e-06 -0.0 -1e-06 -1.993121 2.965869 -44.022018 -0.024822 -0.07578 30.977018 -10.967244 3.744972 -0.144708 1.731915 -1.927741 -5.071548 -0.0 -0.0 3e-06 -5.571992 -10.628976 -15.393659 0.216319 0.592617 59.086678 11.632833 -4.653798 -28.784456 -1.462424 0.77995 -7.917778 0.0 0.0 -1e-06 
0.0 0.0 0.0 0.0 -0.0 0.0 24.755604 89.689629 -224.836914 178.156082 -4.037715 -178.154343 -0.32219 0.652855 14.162733 0.179149 2.111017 1.766163 0.911554 2.315956 27.433702 -3.84369 3.86491 -3.009021 -2.565776 -7.798826 -3.254117 7.230559 -11.361849 -20.838396 7.7e-05 -2.3e-05 6e-06 -0.076539 0.190762 0.042133 0.647327 -3.530111 -10.605781 -0.798239 3.906941 -10.627789 -10.624477 -5.650933 15.753621 -56.682991 -4.95162 11.040646 -179.367004 -67.493805 178.332443 10.926795 -3.954934 8.666057 -5.882102 9.861279 0.702589 -10.936863 -0.360574 7.156201 -1e-06 8.774817 -1e-06 -16.463371 18.065802 5.651964 -1.844031 2.498503 -2.507275 -10.163593 4.678941 4.621106 -20.976007 -1e-06 2e-06 -21.226271 2.451697 -3.593997 1e-06 -5e-06 -1e-06 -1.36268 2.240797 -0.746323 -21.334898 0.58491 3.008323 -13.821202 -3e-06 3e-06 -23.887154 -0.249075 -0.839482 -60.472462 2.686002 -1.568408 -0.294025 1.679686 0.833254 -14.218198 0.093217 1.300581 -34.212025 -0.287562 0.967171 -20.033201 0.964538 1.212843 0.0 -0.0 -0.0 -3.440385 0.788233 0.501654 -15.928176 -3.167307 2.999707 -6.338823 -1e-06 2e-06 -18.12343 3.648181 -4.905667 -3e-06 1e-06 -2e-06 -3.250497 23.091909 10.314265 48.87466 14.175018 -13.332799 174.421524 75.900017 174.606522 -4.00314 6.163626 2.824518 2.243539 -5.255032 -3.180156 14.28288 -0.826591 6.952496 -3e-06 -12.690593 -1e-06 15.80866 -17.647631 2.582709 1.665664 -1.95592 -2.878297 4.727793 -4.170582 4.993917 11.020517 5e-06 -3e-06 12.109042 -3.73571 -2.866782 0.0 0.0 -0.0 1.291982 -1.928548 -1.498088 14.800115 0.56747 3.865603 14.242559 -1.341734 -6.660653 19.631952 0.143929 -0.648244 50.610577 -0.702692 -6.242028 0.35303 -1.511149 -0.03194 20.222775 3.68431 2.316627 18.787256 7e-06 -2e-06 10.751619 -0.479867 1.397905 -0.0 -0.0 -0.0 3.273808 0.305947 -0.58011 21.486797 11.830365 2.26613 8.16292 3e-06 -1e-06 18.399067 -3.798978 -4.940571 3e-06 1e-06 -0.0 -2.094408 3.06637 -44.015118 0.157981 0.169655 35.773556 -7.830236 3.022451 0.77318 1.669127 -1.880112 -3.83367 -0.0 0.0 2e-06 -6.392396 -9.966424 -16.406509 0.294073 0.729578 65.504326 12.059543 -4.015996 -22.554214 -1.573495 0.935892 -14.110896 -0.0 0.0 -1e-06 
0.0 0.0 0.0 0.0 -0.0 0.0 24.083303 89.547142 -228.0466 178.419739 -3.946286 -178.935089 -0.226024 0.664393 14.370433 0.136901 2.133878 1.81679 0.701059 2.389858 27.368599 -4.057268 4.087112 -2.521379 -2.580399 -7.548483 -3.228789 7.290973 -11.068215 -20.514999 7.7e-05 -2.2e-05 5e-06 -0.090975 0.235712 0.063103 0.63697 -3.482554 -10.578311 -0.817424 3.949258 -10.596686 -10.545882 -5.802474 15.869803 -56.584354 -5.572048 10.697174 -179.122269 -67.974197 178.010178 10.953176 -4.035213 8.551817 -5.882102 9.861278 0.702591 -10.936868 -0.360577 7.156202 -0.0 8.774821 -2e-06 -16.339506 18.111561 5.740368 -1.844031 2.498503 -2.507276 -10.163597 4.678944 4.621106 -20.976017 -2e-06 4e-06 -21.226276 2.451697 -3.593997 1e-06 -5e-06 -1e-06 -1.362681 2.240797 -0.746323 -21.334906 0.584908 3.008323 -13.821213 -3e-06 4e-06 -23.887161 -0.249077 -0.839482 -60.41515 2.597131 -1.594658 -0.294025 1.679688 0.833256 -14.218201 0.093216 1.300581 -34.21204 -0.287563 0.967172 -20.033205 0.964537 1.212843 0.0 -0.0 0.0 -3.440387 0.788235 0.501656 -15.928179 -3.167309 2.999707 -6.338823 -2e-06 2e-06 -18.123442 3.648181 -4.905666 -3e-06 -0.0 -2e-06 -3.223133 23.001701 10.435889 49.511139 14.12198 -12.709495 175.502914 76.438637 175.824478 -4.003898 6.048837 3.487207 2.243539 -5.255028 -3.180152 14.28287 -0.826593 6.952492 -2e-06 -12.690585 -0.0 15.840625 -17.46854 2.513077 1.665663 -1.955917 -2.878293 4.727793 -4.170581 4.993916 11.020509 3e-06 1e-06 12.109033 -3.735712 -2.866777 0.0 -1e-06 -0.0 1.291984 -1.928545 -1.498087 14.800107 0.567468 3.865603 14.242552 -1.341736 -6.660642 19.631939 0.143923 -0.64824 50.636284 -0.693755 -6.249605 0.353026 -1.51115 -0.03194 20.222761 3.684305 2.316629 18.787247 5e-06 1e-06 10.751613 -0.479868 1.397905 0.0 -0.0 -0.0 3.273802 0.305947 -0.580109 21.486784 11.830359 2.266133 8.162915 2e-06 0.0 18.399055 -3.798982 -4.940566 3e-06 0.0 -1e-06 -2.000148 2.945239 -43.397255 0.286237 0.239182 40.306885 -5.692932 2.72868 -1.48874 1.654608 -1.8541 -2.33795 0.0 0.0 2e-06 -6.995015 -9.148537 -18.400743 0.402491 0.791685 72.762009 11.672102 -4.058902 -14.385263 -1.687516 0.981585 -16.934258 -0.0 0.0 -1e-06 
0.0 0.0 0.0 0.0 -0.0 0.0 23.534761 89.550293 -231.190109 178.692535 -3.9919 -179.790436 -0.059166 0.702438 14.618665 0.1431 2.12128 1.897485 0.562582 2.345356 27.210356 -4.190499 4.247504 -1.848853 -2.56066 -7.301857 -3.244814 7.26327 -10.662686 -20.173632 7.7e-05 -2.2e-05 5e-06 -0.103986 0.276234 0.057814 0.619152 -3.442192 -10.583864 -0.826086 3.990854 -10.600645 -10.288755 -6.002687 16.023819 -56.289391 -6.297075 10.26599 -178.902695 -68.298859 177.951523 10.947966 -4.065145 8.252247 -5.882105 9.861279 0.70259 -10.93687 -0.360574 7.156208 -1e-06 8.774822 -0.0 -16.207956 18.127348 5.873075 -1.844032 2.498504 -2.507277 -10.163598 4.678944 4.62111 -20.976017 1e-06 4e-06 -21.226282 2.451699 -3.593998 1e-06 -5e-06 -1e-06 -1.36268 2.240797 -0.746324 -21.334906 0.58491 3.008326 -13.821213 -1e-06 5e-06 -23.887159 -0.249073 -0.839481 -60.432987 2.603003 -1.575553 -0.294025 1.679687 0.833255 -14.218207 0.093217 1.300583 -34.212048 -0.287556 0.967173 -20.033209 0.964539 1.212843 0.0 -0.0 -1e-06 -3.440387 0.788232 0.501656 -15.928185 -3.167307 2.999711 -6.338826 0.0 3e-06 -18.123444 3.648185 -4.905666 -1e-06 -1e-06 -2e-06 -3.093001 22.865669 10.613493 50.308315 14.189321 -12.278907 176.789032 76.750145 177.202942 -3.999079 5.976748 3.897478 2.24354 -5.255037 -3.180157 14.282889 -0.826594 6.952505 -1e-06 -12.6906 -1e-06 15.91082 -17.402449 2.479089 1.665665 -1.955922 -2.878299 4.727801 -4.170587 4.993925 11.020527 2e-06 -0.0 12.109055 -3.735714 -2.866783 1e-06 -0.0 0.0 1.291985 -1.92855 -1.498089 14.800131 0.567467 3.865611 14.242575 -1.341737 -6.660658 19.631969 0.143923 -0.648244 50.638222 -0.760718 -6.249195 0.353029 -1.511151 -0.031941 20.222797 3.684308 2.316633 18.787279 3e-06 1e-06 10.751631 -0.479871 1.397906 0.0 -0.0 -0.0 3.273805 0.305947 -0.580111 21.486816 11.830369 2.266136 8.162928 1e-06 -1e-06 18.399086 -3.798985 -4.940574 3e-06 0.0 -1e-06 -1.831569 2.811773 -41.983707 0.315348 0.260357 43.552971 -4.440211 2.640255 -4.243728 1.650025 -1.909637 -1.748651 0.0 0.0 2e-06 -7.233123 -8.394111 -21.276211 0.500024 0.79028 79.819183 11.063365 -4.787601 -6.978832 -1.656124 0.985777 -11.676111 0.0 -0.0 -2e-06 
0.0 0.0 0.0 0.0 -0.0 0.0 23.113857 89.768112 -234.218765 178.927582 -4.149511 179.569351 0.084505 0.699724 14.782976 0.213612 2.053104 1.92879 0.503304 2.27732 27.024292 -4.238457 4.268156 -1.226881 -2.546335 -6.999361 -3.272097 7.215164 -10.281515 -19.904169 7.7e-05 -2.2e-05 6e-06 -0.104152 0.285094 0.045134 0.617657 -3.433706 -10.593047 -0.824634 4.001812 -10.611148 -9.973666 -6.222456 16.09108 -55.826782 -7.136477 9.777957 -179.042984 -68.560898 178.284851 10.904574 -4.069623 8.087604 -5.882102 9.861279 0.702589 -10.936863 -0.360575 7.1562 -1e-06 8.774821 -2e-06 -16.102314 18.183935 6.054835 -1.84403 2.498503 -2.507276 -10.163592 4.678942 4.621106 -20.976009 1e-06 1e-06 -21.226273 2.451698 -3.594001 0.0 -6e-06 -1e-06 -1.362682 2.240797 -0.746324 -21.334896 0.584911 3.008319 -13.821203 -2e-06 1e-06 -23.887152 -0.249077 -0.839486 -60.492439 2.645599 -1.488562 -0.294025 1.679688 0.833255 -14.218198 0.093217 1.30058 -34.212021 -0.287561 0.967166 -20.033197 0.964537 1.21284 -1e-06 1e-06 -1e-06 -3.440386 0.788232 0.501656 -15.928172 -3.167305 2.999704 -6.338822 0.0 1e-06 -18.123428 3.648182 -4.905669 -3e-06 -1e-06 -2e-06 -2.975184 22.729252 10.822155 51.222389 14.426798 -12.16715 177.475739 76.790184 177.827423 -4.050433 5.817077 4.276001 2.243539 -5.255032 -3.180155 14.282882 -0.826592 6.9525 -4e-06 -12.690591 1e-06 15.994593 -17.501059 2.539642 1.665663 -1.955919 -2.878298 4.727795 -4.170584 4.993921 11.020517 3e-06 -1e-06 12.109042 -3.735711 -2.866781 1e-06 0.0 0.0 1.291985 -1.928547 -1.498088 14.800115 0.567467 3.865607 14.242559 -1.341736 -6.660652 19.631952 0.143926 -0.648243 50.630302 -0.832493 -6.274795 0.353029 -1.511149 -0.03194 20.222773 3.684307 2.316629 18.787254 4e-06 1e-06 10.751619 -0.479869 1.397906 0.0 -0.0 -0.0 3.273803 0.305947 -0.58011 21.486797 11.830362 2.266134 8.162921 1e-06 0.0 18.399067 -3.798982 -4.940569 3e-06 1e-06 -1e-06 -1.650966 2.612447 -40.244526 0.340118 0.267278 45.671185 -3.893827 2.668758 -7.011328 1.659183 -1.982827 -1.57394 0.0 -0.0 2e-06 -7.081706 -8.074907 -24.651831 0.560984 0.739852 85.288383 11.360219 -3.753114 -4.803559 -1.545582 1.011465 -5.893638 0.0 -0.0 -1e-06 
0.0 0.0 0.0 0.0 -0.0 0.0 22.816366 90.200089 -237.018173 179.245743 -4.272181 179.260834 0.285034 0.618894 14.847999 0.301642 1.97178 1.949643 0.565432 2.212343 26.853283 -4.236922 4.202465 -0.850919 -2.535967 -6.685054 -3.281026 7.158752 -9.916984 -19.600372 7.7e-05 -2.2e-05 6e-06 -0.099341 0.286832 0.037386 0.630463 -3.425928 -10.59737 -0.827185 4.000453 -10.614849 -9.736441 -6.484939 15.928144 -55.335514 -7.87488 9.159273 -179.119308 -68.711113 178.516983 10.916601 -4.076446 8.305951 -5.882099 9.861275 0.702589 -10.936859 -0.360576 7.156195 0.0 8.774817 -1e-06 -16.116335 18.224661 6.135754 -1.84403 2.498501 -2.507275 -10.163588 4.678939 4.621101 -20.976002 -4e-06 -1e-06 -21.226265 2.451692 -3.593999 0.0 -6e-06 -1e-06 -1.36268 2.240796 -0.746323 -21.334894 0.584908 3.008316 -13.821199 -3e-06 -0.0 -23.887142 -0.249082 -0.839483 -60.551582 2.642824 -1.443079 -0.294025 1.679685 0.833255 -14.21819 0.093214 1.300575 -34.212013 -0.28757 0.967165 -20.033192 0.964532 1.212842 0.0 0.0 -0.0 -3.440384 0.788232 0.501655 -15.928168 -3.167308 2.999701 -6.33882 -3e-06 0.0 -18.123426 3.648177 -4.905668 -3e-06 -0.0 -3e-06 -2.925637 22.653425 10.980499 52.056072 14.672232 -12.13076 177.825531 76.581779 177.99115 -4.177105 5.729524 4.753764 2.243542 -5.255033 -3.180155 14.282876 -0.826596 6.952497 -3e-06 -12.690598 3e-06 15.998602 -17.615168 2.617563 1.665666 -1.955919 -2.878296 4.727796 -4.170585 4.993921 11.020516 3e-06 -1e-06 12.10904 -3.735714 -2.86678 -1e-06 -0.0 -0.0 1.291985 -1.928548 -1.498088 14.800115 0.567466 3.865605 14.24256 -1.341737 -6.660652 19.631948 0.143926 -0.648244 50.587242 -0.876756 -6.337438 0.35303 -1.511149 -0.03194 20.222775 3.684308 2.316629 18.787256 2e-06 -0.0 10.75162 -0.479869 1.397905 0.0 -0.0 -0.0 3.273803 0.305947 -0.58011 21.486794 11.830367 2.26613 8.162921 1e-06 -1e-06 18.399067 -3.798985 -4.940571 3e-06 0.0 -1e-06 -1.326408 2.532244 -38.442104 0.378592 0.281338 46.77673 -3.878829 2.660952 -9.49353 1.660187 -2.04975 -1.352127 0.0 0.0 2e-06 -6.454996 -8.263455 -28.622131 0.587564 0.614333 87.74247 12.057286 -1.925606 -5.759892 -1.468715 0.992919 -4.644467 0.0 -0.0 -1e-06 
0.0 0.0 0.0 0.0 -0.0 0.0 22.607342 90.724373 -239.607483 179.607895 -4.246443 179.256058 0.536384 0.522605 14.881798 0.365239 1.896339 1.987424 0.691734 2.110265 26.672897 -4.184668 4.123564 -0.73063 -2.482858 -6.370734 -3.32231 7.054224 -9.590132 -19.317657 7.7e-05 -2.2e-05 6e-06 -0.102133 0.31177 0.030385 0.632974 -3.390305 -10.602007 -0.834644 4.018254 -10.614276 -9.565442 -6.77445 15.668476 -54.89827 -8.4621 8.612741 -179.054031 -68.633087 178.585617 11.019434 -4.118653 8.70538 -5.882104 9.861284 0.702591 -10.936868 -0.360574 7.156202 -1e-06 8.774824 -0.0 -16.223934 18.201187 6.123374 -1.844031 2.498503 -2.507277 -10.163595 4.678944 4.621107 -20.976019 -2e-06 2e-06 -21.226276 2.451697 -3.594001 0.0 -5e-06 -1e-06 -1.36268 2.240798 -0.746323 -21.334906 0.584911 3.00832 -13.821213 -3e-06 1e-06 -23.887165 -0.249078 -0.839484 -60.619301 2.66761 -1.422752 -0.294024 1.679687 0.833255 -14.218203 0.093215 1.30058 -34.212036 -0.287564 0.967168 -20.033209 0.964537 1.212842 0.0 0.0 0.0 -3.440387 0.788232 0.501655 -15.928179 -3.167309 2.999705 -6.338825 -1e-06 1e-06 -18.12344 3.648183 -4.90567 -3e-06 -0.0 -3e-06 -2.839624 22.595507 11.062927 52.562222 14.797457 -11.809177 178.481491 76.212128 178.47583 -4.186373 5.905978 5.358952 2.24354 -5.255035 -3.180157 14.282887 -0.826596 6.952503 -2e-06 -12.690601 2e-06 15.932101 -17.647066 2.674919 1.665667 -1.955921 -2.878298 4.727797 -4.170588 4.993924 11.020524 2e-06 -0.0 12.10905 -3.735716 -2.866783 -0.0 -0.0 -0.0 1.291984 -1.928549 -1.498088 14.800127 0.567467 3.865608 14.242568 -1.341736 -6.660655 19.631962 0.143924 -0.648244 50.574974 -0.908073 -6.329039 0.35303 -1.51115 -0.031939 20.222788 3.684306 2.31663 18.78727 3e-06 -0.0 10.751627 -0.479871 1.397906 0.0 -0.0 -0.0 3.273806 0.305947 -0.58011 21.486809 11.830368 2.266132 8.162925 1e-06 -1e-06 18.399078 -3.798985 -4.940573 3e-06 0.0 -1e-06 -0.870881 2.628553 -36.737503 0.354141 0.270127 47.156296 -4.121986 2.575475 -11.495159 1.655315 -2.101138 -1.202855 0.0 0.0 2e-06 -5.53552 -8.914722 -32.888641 0.563413 0.492991 86.785889 12.370774 -1.603237 -7.262995 -1.432933 0.962048 -4.457361 0.0 -0.0 -2e-06 
0.0 0.0 0.0 0.0 -0.0 0.0 22.451097 91.222153 -242.055725 179.961304 -4.049047 179.502274 0.785095 0.44025 14.890739 0.408944 1.82712 2.026215 0.834734 1.932193 26.54701 -4.107198 4.057886 -0.826428 -2.392182 -6.102296 -3.391744 6.869498 -9.267333 -19.201588 7.7e-05 -2.2e-05 6e-06 -0.112054 0.344376 0.017136 0.620886 -3.348651 -10.60686 -0.841923 4.044537 -10.616165 -9.481849 -7.081079 15.473 -54.490639 -8.944088 8.19517 -179.037155 -68.335884 178.592178 11.205366 -4.215973 9.044629 -5.882105 9.861279 0.702589 -10.936871 -0.360575 7.156206 0.0 8.774819 -2e-06 -16.340195 18.132822 6.071936 -1.844031 2.498504 -2.507277 -10.163599 4.678943 4.621107 -20.976021 -0.0 6e-06 -21.226282 2.451699 -3.593996 -0.0 -5e-06 -1e-06 -1.36268 2.240796 -0.746323 -21.334909 0.58491 3.008327 -13.821212 -1e-06 4e-06 -23.887165 -0.249074 -0.839479 -60.693115 2.720896 -1.399841 -0.294026 1.679686 0.833255 -14.218205 0.093214 1.300582 -34.21204 -0.287557 0.967176 -20.033209 0.964539 1.212844 -0.0 0.0 0.0 -3.440388 0.788233 0.501657 -15.928183 -3.167308 2.999709 -6.338826 -1e-06 2e-06 -18.123442 3.648183 -4.905667 -3e-06 -0.0 -2e-06 -2.583574 22.522102 11.149406 52.610813 14.883144 -11.320305 178.912888 75.79921 178.843323 -4.046976 6.289907 5.821067 2.243539 -5.255033 -3.180156 14.282884 -0.826591 6.952497 -5e-06 -12.690592 0.0 15.89614 -17.638979 2.69054 1.665667 -1.955919 -2.878297 4.727793 -4.170583 4.993919 11.020518 4e-06 -0.0 12.109043 -3.735712 -2.86678 -0.0 0.0 -0.0 1.291987 -1.928547 -1.498088 14.80012 0.567469 3.865604 14.242563 -1.341734 -6.660652 19.631954 0.143927 -0.648242 50.631935 -0.937806 -6.275529 0.353028 -1.51115 -0.03194 20.222782 3.684311 2.316629 18.787266 7e-06 1e-06 10.751624 -0.479866 1.397906 0.0 -0.0 -0.0 3.273804 0.305947 -0.580111 21.486803 11.830365 2.266132 8.162921 2e-06 -1e-06 18.399071 -3.79898 -4.94057 3e-06 0.0 -1e-06 -0.357336 2.852048 -35.2631 0.288194 0.245999 47.229248 -4.471529 2.449365 -13.187459 1.648049 -2.133927 -1.168978 0.0 -0.0 2e-06 -4.510348 -10.024761 -36.977196 0.467669 0.364124 82.692902 12.104357 -2.96845 -8.869431 -1.431136 0.938597 -4.540613 -0.0 -0.0 -2e-06 
0.0 0.0 0.0 0.0 -0.0 0.0 22.348755 91.624489 -244.433258 -179.744415 -3.693425 179.950546 0.970402 0.368917 14.856901 0.453238 1.744356 2.03803 0.98143 1.684821 26.491911 -4.046554 4.003538 -1.039815 -2.292166 -5.926925 -3.46097 6.598647 -8.962288 -19.263227 7.7e-05 -2.2e-05 6e-06 -0.121202 0.364714 -0.00269 0.605368 -3.324036 -10.613332 -0.844238 4.062014 -10.626017 -9.377863 -7.395739 15.360873 -54.152531 -9.40451 7.825817 -179.00058 -67.991592 178.492828 11.520419 -4.210529 9.227692 -5.882098 9.861275 0.70259 -10.936859 -0.360577 7.156199 3e-06 8.774815 -1e-06 -16.435347 18.109598 6.027505 -1.84403 2.498501 -2.507275 -10.163588 4.678939 4.621104 -20.976004 -5e-06 4e-06 -21.226259 2.451691 -3.593992 1e-06 -5e-06 -1e-06 -1.362679 2.240795 -0.746322 -21.334888 0.584907 3.008322 -13.821198 -3e-06 3e-06 -23.887142 -0.249078 -0.839479 -60.765911 2.792044 -1.377388 -0.294024 1.679685 0.833255 -14.218194 0.093214 1.300581 -34.212013 -0.287564 0.967173 -20.033192 0.964536 1.212844 0.0 0.0 0.0 -3.440385 0.788232 0.501655 -15.928168 -3.167307 2.999704 -6.338818 -1e-06 3e-06 -18.123425 3.648178 -4.905662 -3e-06 -1e-06 -2e-06 -2.223989 22.462057 11.263105 52.502369 15.027519 -10.892315 178.718857 75.500122 178.702545 -4.029152 6.645691 6.11576 2.243538 -5.255033 -3.180155 14.282881 -0.826595 6.9525 -4e-06 -12.690595 3e-06 15.909061 -17.64299 2.660275 1.665664 -1.955919 -2.878296 4.727798 -4.170584 4.993923 11.020519 5e-06 1e-06 12.109043 -3.735712 -2.866779 -0.0 -0.0 0.0 1.291983 -1.928548 -1.498088 14.800118 0.567469 3.865607 14.24256 -1.341734 -6.660651 19.631952 0.143926 -0.648242 50.716503 -0.940407 -6.226526 0.353031 -1.511149 -0.031939 20.22278 3.684308 2.316632 18.787262 4e-06 3e-06 10.751621 -0.479869 1.397907 0.0 -0.0 -0.0 3.273805 0.305945 -0.58011 21.486799 11.830366 2.266131 8.162922 2e-06 0.0 18.399071 -3.798983 -4.940567 3e-06 0.0 -1e-06 0.120689 3.205126 -34.057034 0.224235 0.224669 47.310081 -4.780487 2.293757 -14.783456 1.641295 -2.141384 -1.173646 -0.0 0.0 2e-06 -3.415469 -11.547491 -40.544991 0.2849 0.193389 75.864693 11.20085 -5.356773 -10.210661 -1.449525 0.933379 -4.662133 0.0 0.0 -1e-06 
0.0 0.0 0.0 0.0 -0.0 0.0 22.325155 91.906265 -246.799881 -179.5513 -3.196954 -179.491302 1.082639 0.322494 14.766014 0.496929 1.617541 2.015662 1.112101 1.437467 26.503355 -4.017248 3.973893 -1.270762 -2.206693 -5.863605 -3.519487 6.282633 -8.702963 -19.412102 7.7e-05 -2.2e-05 5e-06 -0.123811 0.361141 -0.017572 0.594017 -3.328841 -10.626986 -0.837644 4.060043 -10.64045 -9.131406 -7.722392 15.267674 -53.956043 -9.858774 7.492812 -178.942215 -67.729912 178.318848 11.903352 -4.027517 9.277179 -5.882104 9.861283 0.70259 -10.936868 -0.360574 7.156202 1e-06 8.774823 -1e-06 -16.483242 18.148026 6.021938 -1.844033 2.498503 -2.507277 -10.163595 4.678944 4.621106 -20.976019 -4e-06 0.0 -21.22628 2.451693 -3.594001 0.0 -6e-06 -0.0 -1.362682 2.240798 -0.746324 -21.334906 0.58491 3.008319 -13.82121 -3e-06 0.0 -23.887159 -0.249082 -0.839484 -60.829372 2.889445 -1.345585 -0.294024 1.679687 0.833256 -14.218204 0.093214 1.300579 -34.212036 -0.287565 0.967167 -20.033205 0.964533 1.212842 0.0 0.0 1e-06 -3.440387 0.788232 0.501654 -15.928183 -3.167309 2.999705 -6.338825 -1e-06 1e-06 -18.12344 3.648181 -4.905671 -5e-06 -2e-06 -1e-06 -1.871861 22.362915 11.461353 52.593853 15.338008 -10.467277 178.516174 75.419083 178.636871 -4.357279 6.928855 6.290031 2.243541 -5.255035 -3.180157 14.282885 -0.826594 6.952501 -3e-06 -12.690601 2e-06 15.939751 -17.67452 2.60433 1.665665 -1.955921 -2.878297 4.727797 -4.170586 4.993923 11.020522 3e-06 -1e-06 12.109046 -3.735715 -2.866782 0.0 -0.0 1e-06 1.291984 -1.928549 -1.498089 14.800118 0.567469 3.865606 14.242566 -1.341735 -6.660655 19.631956 0.143927 -0.648244 50.741871 -0.910056 -6.219758 0.353028 -1.51115 -0.031939 20.222784 3.684308 2.31663 18.787266 5e-06 0.0 10.751623 -0.479869 1.397906 -0.0 -0.0 -0.0 3.273804 0.305947 -0.58011 21.486801 11.830371 2.266132 8.162922 2e-06 -0.0 18.399075 -3.798986 -4.940571 3e-06 0.0 -1e-06 0.495129 3.727769 -33.034847 0.175488 0.205974 47.506622 -4.968207 2.101102 -16.395618 1.637337 -2.12982 -1.101035 -0.0 -0.0 2e-06 -2.209018 -13.26775 -43.282295 0.081224 0.044292 66.883331 10.012226 -7.919319 -10.529124 -1.46933 0.946305 -4.699092 0.0 0.0 -1e-06 
0.0 0.0 0.0 0.0 -0.0 0.0 22.385534 92.058098 -249.183685 -179.505646 -2.624119 -178.9328 1.124799 0.294026 14.621058 0.530395 1.460223 1.981534 1.20271 1.190592 26.567616 -4.001252 3.984783 -1.462387 -2.130592 -5.881199 -3.544806 5.940681 -8.515309 -19.62244 7.7e-05 -2.2e-05 6e-06 -0.119205 0.335926 -0.020394 0.590998 -3.359435 -10.651621 -0.825004 4.039125 -10.657782 -8.718757 -8.0812 15.167576 -53.937553 -10.284539 7.264021 -178.989166 -67.598221 178.266403 12.317517 -3.687804 9.18227 -5.882102 9.861281 0.702591 -10.936865 -0.360574 7.156202 -1e-06 8.774821 -0.0 -16.451927 18.18145 6.05242 -1.84403 2.498505 -2.507277 -10.163593 4.678944 4.621107 -20.976009 -2e-06 -0.0 -21.226273 2.451694 -3.594002 -0.0 -6e-06 1e-06 -1.362682 2.240798 -0.746322 -21.3349 0.58491 3.00832 -13.821203 -2e-06 1e-06 -23.887154 -0.249079 -0.839486 -60.884388 2.960445 -1.303 -0.294024 1.679686 0.833256 -14.218201 0.093215 1.300578 -34.212029 -0.287563 0.967165 -20.033201 0.964536 1.21284 0.0 0.0 1e-06 -3.440386 0.788235 0.501655 -15.928176 -3.167307 2.999702 -6.338821 -1e-06 0.0 -18.123434 3.64818 -4.905671 -4e-06 -2e-06 -2e-06 -1.557846 22.184368 11.73893 53.011238 15.806641 -9.981458 178.610825 75.560776 178.815399 -4.937561 7.146555 6.442254 2.24354 -5.255035 -3.180155 14.282888 -0.826596 6.952502 -4e-06 -12.690601 1e-06 15.966905 -17.723066 2.517165 1.665668 -1.95592 -2.878299 4.727797 -4.170587 4.993923 11.020524 2e-06 -1e-06 12.10905 -3.735715 -2.866781 0.0 0.0 0.0 1.291985 -1.928549 -1.498088 14.800122 0.567466 3.865607 14.242568 -1.341735 -6.660653 19.631962 0.143925 -0.648243 50.702808 -0.839456 -6.281981 0.35303 -1.51115 -0.031939 20.222786 3.684307 2.31663 18.78727 2e-06 -0.0 10.751625 -0.479869 1.397905 0.0 -0.0 0.0 3.273807 0.305948 -0.580111 21.486809 11.83037 2.266131 8.162924 1e-06 -0.0 18.399076 -3.798985 -4.940572 3e-06 0.0 -1e-06 0.721385 4.317575 -32.048241 0.137411 0.190758 47.863693 -5.064143 2.0047 -18.104 1.636637 -2.113888 -0.954292 0.0 0.0 2e-06 -0.975861 -15.060402 -44.941872 -0.049302 -0.014323 56.434662 8.807747 -9.870008 -10.075727 -1.48091 0.961654 -4.620248 0.0 -0.0 -1e-06 
0.0 0.0 0.0 0.0 -0.0 0.0 22.543787 92.074463 -251.588913 -179.656128 -2.035419 -178.459625 1.071729 0.296193 14.438231 0.557887 1.303794 1.943807 1.247724 0.885089 26.646393 -3.93759 4.027966 -1.577821 -2.098493 -5.928576 -3.515492 5.537795 -8.37433 -19.878393 7.7e-05 -2.3e-05 6e-06 -0.109925 0.299785 -0.02448 0.601436 -3.402193 -10.686241 -0.816776 4.007779 -10.678448 -8.248809 -8.41035 15.112459 -54.036621 -10.703 7.196322 -179.160934 -67.616318 178.353943 12.762746 -3.244646 8.948457 -5.882104 9.86128 0.70259 -10.936865 -0.360573 7.156206 1e-06 8.774819 0.0 -16.339132 18.193193 6.128893 -1.844032 2.498503 -2.507277 -10.163596 4.678944 4.621109 -20.976013 -3e-06 3e-06 -21.226273 2.451696 -3.593998 0.0 -5e-06 -0.0 -1.36268 2.240797 -0.746323 -21.334906 0.58491 3.008325 -13.82121 -2e-06 4e-06 -23.887159 -0.249078 -0.83948 -60.895309 2.985573 -1.226764 -0.294025 1.679687 0.833256 -14.218202 0.093214 1.300582 -34.212036 -0.287563 0.967174 -20.033207 0.964538 1.212844 0.0 0.0 0.0 -3.440386 0.788232 0.501656 -15.928179 -3.167309 2.999708 -6.338824 -0.0 3e-06 -18.123436 3.648183 -4.905666 -4e-06 -2e-06 -2e-06 -1.361417 21.941057 11.959244 53.843048 16.276451 -9.385736 178.84584 75.880005 179.011398 -5.538218 7.268345 6.793818 2.243538 -5.255034 -3.180154 14.282881 -0.826593 6.952496 -3e-06 -12.690596 -0.0 16.000456 -17.772686 2.435905 1.665664 -1.955921 -2.878295 4.727796 -4.170584 4.993918 11.020519 4e-06 -1e-06 12.109046 -3.735714 -2.866781 0.0 -0.0 0.0 1.291986 -1.928548 -1.498088 14.800122 0.567469 3.865604 14.242564 -1.341735 -6.660652 19.631956 0.143927 -0.648243 50.669392 -0.757474 -6.401607 0.353029 -1.511149 -0.03194 20.222782 3.684308 2.316629 18.787262 6e-06 -1e-06 10.751622 -0.479867 1.397905 0.0 -0.0 -0.0 3.273804 0.305947 -0.580111 21.486801 11.830368 2.26613 8.162921 3e-06 -2e-06 18.399073 -3.798982 -4.940573 3e-06 0.0 -1e-06 0.77419 4.867003 -30.962261 0.109318 0.162233 48.339298 -5.209091 2.025994 -19.927679 1.638157 -2.089623 -0.829734 -0.0 0.0 2e-06 0.020012 -16.744329 -45.513554 -0.075627 -0.011387 45.439899 8.145227 -10.53427 -9.590248 -1.482226 0.969755 -4.595337 0.0 -0.0 -1e-06 
0.0 0.0 0.0 0.0 -0.0 0.0 22.812792 92.012062 -254.038574 -179.949661 -1.507637 -178.138687 0.962554 0.330851 14.213271 0.58666 1.138669 1.88629 1.264547 0.547438 26.710733 -3.738213 4.047669 -1.581087 -2.158896 -6.003369 -3.454831 5.048948 -8.263926 -20.024048 7.7e-05 -2.3e-05 6e-06 -0.105358 0.278449 -0.025352 0.615227 -3.426379 -10.692346 -0.821983 3.988578 -10.676322 -7.866797 -8.670216 15.16696 -54.115086 -11.062575 7.314083 -179.291901 -67.72168 178.426361 13.070526 -2.833691 8.758105 -5.882101 9.861278 0.702588 -10.936859 -0.360575 7.1562 1e-06 8.774817 -2e-06 -16.19245 18.200176 6.247807 -1.844031 2.498502 -2.507276 -10.163589 4.678938 4.621102 -20.976 -2e-06 4e-06 -21.226263 2.451695 -3.593996 -1e-06 -6e-06 -0.0 -1.36268 2.240797 -0.746324 -21.334892 0.584908 3.008322 -13.821199 -1e-06 3e-06 -23.887142 -0.249076 -0.839481 -60.789352 2.979864 -1.116398 -0.294025 1.679686 0.833255 -14.218193 0.093214 1.30058 -34.212013 -0.287563 0.96717 -20.033192 0.964536 1.212843 0.0 0.0 0.0 -3.440384 0.788233 0.501654 -15.928168 -3.167307 2.999704 -6.33882 0.0 2e-06 -18.123426 3.648178 -4.905666 -5e-06 -1e-06 -2e-06 -1.266215 21.622204 12.03171 55.00119 16.515875 -8.762549 178.60498 76.235817 178.661392 -5.935991 7.223003 7.299036 2.243539 -5.255032 -3.180156 14.282876 -0.826591 6.952495 -3e-06 -12.690593 -2e-06 16.012039 -17.720552 2.387693 1.665663 -1.95592 -2.878295 4.727796 -4.170581 4.993917 11.020514 3e-06 -1e-06 12.109038 -3.73571 -2.86678 1e-06 -0.0 0.0 1.291984 -1.928548 -1.498087 14.800112 0.567469 3.865605 14.242558 -1.341736 -6.660651 19.631948 0.143925 -0.648243 50.612026 -0.704651 -6.435964 0.353029 -1.511149 -0.03194 20.222771 3.684307 2.31663 18.787254 5e-06 0.0 10.751617 -0.479867 1.397905 0.0 1e-06 -0.0 3.273804 0.305948 -0.58011 21.486792 11.830364 2.266134 8.162919 3e-06 0.0 18.399067 -3.79898 -4.94057 3e-06 0.0 -1e-06 0.774443 5.246021 -29.585669 0.105359 0.128602 48.775879 -5.534781 2.129463 -21.844566 1.642794 -2.056737 -0.757297 0.0 0.0 2e-06 0.373705 -17.642628 -45.096806 -0.043544 0.014134 35.222198 8.241278 -10.797128 -9.406606 -1.463326 0.97272 -4.726822 -0.0 1e-06 0.0 
0.0 0.0 0.0 0.0 -0.0 0.0 23.242025 91.872368 -256.588959 179.7668 -1.09466 -177.994965 0.949461 0.407981 13.947845 0.584077 0.97048 1.816298 1.324031 0.187648 26.726795 -3.414968 3.995324 -1.455653 -2.337241 -6.112185 -3.37954 4.539378 -8.224135 -20.127531 7.7e-05 -2.3e-05 7e-06 -0.106451 0.273769 -0.011586 0.621433 -3.432649 -10.664929 -0.831195 3.98595 -10.647686 -7.638337 -8.919306 15.291074 -54.168324 -11.149395 7.778133 -179.503036 -67.684578 178.669312 12.914708 -2.358859 8.772361 -5.882106 9.861285 0.702589 -10.936871 -0.360575 7.156205 -0.0 8.774826 1e-06 -16.034283 18.257788 6.411262 -1.844033 2.498504 -2.507278 -10.163597 4.678944 4.621106 -20.976021 -5e-06 -0.0 -21.226286 2.451695 -3.594001 -0.0 -6e-06 -0.0 -1.362682 2.240799 -0.746323 -21.334913 0.58491 3.008322 -13.821213 -2e-06 1e-06 -23.887167 -0.249081 -0.839484 -60.673672 2.957662 -1.005143 -0.294025 1.679688 0.833255 -14.218207 0.093214 1.30058 -34.212048 -0.287566 0.967168 -20.033211 0.964535 1.212842 0.0 0.0 -0.0 -3.440388 0.788233 0.501656 -15.928185 -3.167309 2.999706 -6.338825 -1e-06 0.0 -18.123444 3.648181 -4.905672 -4e-06 -2e-06 -3e-06 -1.127946 21.233671 12.07513 56.094208 16.399446 -8.18174 178.00563 76.354805 177.956512 -6.000449 7.047639 7.571851 2.24354 -5.255036 -3.180155 14.282878 -0.826595 6.952499 1e-06 -12.690597 -2e-06 15.995731 -17.559723 2.328188 1.665665 -1.955921 -2.878298 4.727796 -4.170586 4.993921 11.020515 2e-06 -2e-06 12.109045 -3.735716 -2.866784 1e-06 1e-06 0.0 1.291986 -1.928549 -1.498089 14.800118 0.567467 3.865607 14.242562 -1.341738 -6.660654 19.631952 0.143923 -0.648244 50.448997 -0.709038 -6.372593 0.353028 -1.51115 -0.03194 20.222775 3.684306 2.316629 18.787256 3e-06 -1e-06 10.75162 -0.47987 1.397905 -0.0 0.0 -0.0 3.273804 0.305947 -0.580111 21.48679 11.830368 2.266133 8.16292 1e-06 0.0 18.399069 -3.798985 -4.940573 3e-06 -1e-06 -1e-06 0.941683 5.35505 -27.872652 0.107913 0.103391 49.177197 -6.121572 2.386203 -23.816221 1.657521 -2.020777 -0.735307 0.0 -0.0 2e-06 -0.18107 -17.162668 -43.898323 -0.046914 0.041786 27.336264 8.14486 -12.011715 -9.204521 -1.431838 0.962689 -4.830781 0.0 -0.0 -1e-06 
0.0 0.0 0.0 0.0 -0.0 0.0 23.843536 91.675659 -259.261444 179.71698 -0.743192 -177.963196 1.162581 0.481934 13.683782 0.589765 0.809497 1.711877 1.5034 -0.114578 26.651262 -3.134594 3.858492 -1.253638 -2.537718 -6.186063 -3.320776 4.079539 -8.232279 -20.251751 7.7e-05 -2.3e-05 6e-06 -0.107358 0.274343 0.008101 0.621547 -3.431504 -10.633087 -0.833575 3.986408 -10.618279 -7.686381 -9.046198 15.419418 -54.166897 -10.859694 8.610755 -179.726456 -67.432014 179.054214 12.273014 -1.882957 8.945679 -5.882099 9.861276 0.702588 -10.936858 -0.360576 7.156196 -0.0 8.774815 -0.0 -15.899758 18.331314 6.561063 -1.844031 2.498501 -2.507274 -10.163588 4.67894 4.621103 -20.976004 -3e-06 3e-06 -21.226265 2.451693 -3.593996 -0.0 -6e-06 -0.0 -1.362681 2.240796 -0.746322 -21.334888 0.584908 3.008318 -13.821198 -5e-06 2e-06 -23.887142 -0.249079 -0.839481 -60.659416 2.941822 -0.921618 -0.294023 1.679685 0.833255 -14.218193 0.093215 1.300578 -34.212013 -0.287566 0.967169 -20.033194 0.964535 1.212842 0.0 -1e-06 -0.0 -3.440385 0.788233 0.501655 -15.928168 -3.167306 2.999703 -6.338821 -0.0 2e-06 -18.123426 3.648177 -4.905663 -4e-06 -1e-06 -1e-06 -0.80059 20.894054 12.213415 56.583233 15.913617 -7.693102 177.720261 76.13768 177.555893 -5.713663 7.00369 7.572903 2.24354 -5.255034 -3.180157 14.28288 -0.826593 6.9525 -2e-06 -12.690596 2e-06 15.831709 -17.433638 2.342476 1.665666 -1.95592 -2.878298 4.727794 -4.170585 4.993922 11.020518 4e-06 -1e-06 12.109043 -3.735713 -2.866783 1e-06 0.0 1e-06 1.291985 -1.928548 -1.498088 14.800118 0.567469 3.865608 14.24256 -1.341733 -6.660653 19.631952 0.143926 -0.648243 50.156376 -0.749006 -6.28894 0.353028 -1.511149 -0.03194 20.222775 3.684308 2.31663 18.787256 6e-06 1e-06 10.751619 -0.479868 1.397906 0.0 0.0 -0.0 3.273805 0.305947 -0.58011 21.486801 11.830369 2.266134 8.162922 2e-06 1e-06 18.399073 -3.798984 -4.940569 3e-06 -0.0 -1e-06 1.472031 5.215833 -26.083281 0.109706 0.100551 49.684292 -6.94384 2.881115 -25.593435 1.683857 -1.990057 -0.84268 0.0 -0.0 2e-06 -0.943129 -15.812099 -42.756718 -0.079283 0.052938 24.107822 7.071784 -13.600496 -8.496913 -1.435168 0.937157 -4.995054 0.0 -0.0 -0.0 
0.0 0.0 0.0 0.0 -0.0 0.0 24.573833 91.559311 -262.055267 -179.995651 -0.33598 -177.987717 1.628435 0.567698 13.414898 0.686367 0.565888 1.611863 1.718251 -0.218771 26.500593 -3.00136 3.773339 -1.075297 -2.62433 -6.359629 -3.296865 3.633336 -8.232271 -20.333124 7.7e-05 -2.3e-05 6e-06 -0.095642 0.252769 0.042389 0.638229 -3.459885 -10.613212 -0.82702 3.970652 -10.603064 -8.01442 -9.105203 15.479177 -54.13092 -10.032791 9.370779 -179.915329 -67.082321 179.509796 11.467804 -1.745148 8.842712 -5.882109 9.861289 0.702591 -10.936872 -0.360572 7.156208 1e-06 8.774828 1e-06 -15.978056 18.321032 6.559419 -1.844032 2.498505 -2.507279 -10.163599 4.678948 4.621111 -20.976023 0.0 -0.0 -21.22629 2.451697 -3.594003 -0.0 -7e-06 -1e-06 -1.36268 2.240799 -0.746324 -21.334915 0.584913 3.008325 -13.821215 -1e-06 2e-06 -23.887175 -0.249079 -0.839485 -60.816601 2.914031 -0.914143 -0.294025 1.679688 0.833257 -14.218211 0.093216 1.30058 -34.212048 -0.287563 0.967168 -20.033216 0.964538 1.212842 1e-06 -1e-06 0.0 -3.440388 0.788235 0.501656 -15.928187 -3.167309 2.999708 -6.338825 0.0 2e-06 -18.123447 3.648186 -4.905673 -3e-06 -2e-06 -2e-06 -0.296977 20.626968 12.436768 56.467251 15.165409 -7.160622 178.525589 75.738365 178.323898 -5.449864 6.99948 7.473249 2.24354 -5.255036 -3.180157 14.282885 -0.826596 6.952503 -3e-06 -12.690601 3e-06 15.622619 -17.300653 2.414847 1.665665 -1.955921 -2.878299 4.727799 -4.170588 4.993924 11.02052 3e-06 -1e-06 12.109047 -3.735714 -2.866781 1e-06 -0.0 0.0 1.291985 -1.928548 -1.498088 14.800122 0.567467 3.865608 14.242566 -1.341736 -6.660655 19.63196 0.143924 -0.648245 49.980621 -0.808818 -6.237259 0.353028 -1.51115 -0.031941 20.222786 3.684306 2.31663 18.78727 3e-06 -1e-06 10.751624 -0.479871 1.397906 -0.0 0.0 -0.0 3.273805 0.305946 -0.580109 21.486801 11.830368 2.266131 8.162923 1e-06 0.0 18.399075 -3.798986 -4.940573 3e-06 0.0 -1e-06 2.459151 5.022289 -24.394989 0.054212 0.128873 50.497627 -7.811524 3.456184 -26.797478 1.746818 -1.987645 -1.321414 -0.0 -1e-06 2e-06 -1.146222 -14.368823 -42.104649 -0.020853 0.120077 24.959246 5.725203 -14.445189 -6.410601 -1.47953 0.884209 -5.124807 0.0 1e-06 -1e-06 
0.0 0.0 0.0 0.0 -0.0 0.0 25.487196 91.406433 -264.942566 -179.424423 0.067058 -178.211945 2.224853 0.541111 13.272973 0.797587 0.342877 1.495787 2.090772 -0.24302 26.336023 -2.934859 3.721105 -0.856575 -2.629139 -6.565131 -3.323325 3.179053 -8.227742 -20.385792 7.7e-05 -2.3e-05 7e-06 -0.075031 0.209863 0.048537 0.67207 -3.50122 -10.625357 -0.818926 3.926072 -10.626253 -8.343711 -8.876928 15.579225 -54.351727 -9.097989 9.811416 -179.908066 -67.054184 179.699326 10.887268 -2.024238 8.673043 -5.8821 9.861278 0.702589 -10.936859 -0.360575 7.156199 0.0 8.774816 -2e-06 -16.103071 18.284292 6.491706 -1.844031 2.498502 -2.507275 -10.163588 4.678941 4.621104 -20.976 -2e-06 0.0 -21.226265 2.451692 -3.593997 0.0 -6e-06 -1e-06 -1.362679 2.240796 -0.746323 -21.334888 0.584911 3.008321 -13.821198 -2e-06 1e-06 -23.88714 -0.249079 -0.839483 -60.802448 2.893261 -0.882036 -0.294026 1.679685 0.833256 -14.218193 0.093215 1.300579 -34.212009 -0.287563 0.967167 -20.033192 0.964536 1.212842 1e-06 0.0 -0.0 -3.440386 0.788232 0.501655 -15.928165 -3.167304 2.999705 -6.338818 -1e-06 1e-06 -18.123425 3.648177 -4.905666 -3e-06 -1e-06 -2e-06 0.055245 20.556362 12.572749 56.002449 14.242079 -7.216198 178.156708 75.397591 177.939987 -5.244556 6.823214 7.729854 2.243537 -5.255031 -3.180155 14.282874 -0.826594 6.952493 -1e-06 -12.69059 -1e-06 15.464056 -17.343477 2.533483 1.665665 -1.95592 -2.878296 4.727794 -4.170582 4.993917 11.020515 4e-06 -2e-06 12.109038 -3.735713 -2.866782 1e-06 1e-06 -0.0 1.291986 -1.928548 -1.498088 14.800112 0.567467 3.865601 14.242556 -1.341736 -6.660653 19.631945 0.143926 -0.648247 49.798569 -0.754882 -6.172909 0.353028 -1.51115 -0.03194 20.222769 3.684306 2.316626 18.787251 5e-06 -3e-06 10.751616 -0.479867 1.397904 -1e-06 0.0 -0.0 3.273804 0.305946 -0.58011 21.486786 11.83036 2.266128 8.162918 2e-06 -1e-06 18.399059 -3.79898 -4.940572 3e-06 -0.0 -1e-06 3.865973 4.665904 -23.159103 0.038721 0.168999 52.606255 -8.999416 4.230068 -26.898428 1.786682 -2.002397 -2.654183 0.0 0.0 2e-06 -0.742026 -13.259767 -41.861565 0.133869 0.249649 27.803078 4.897767 -14.478461 -3.113539 -1.484532 0.877312 -5.169498 -0.0 -0.0 -1e-06 
0.0 0.0 0.0 0.0 -0.0 0.0 26.582108 91.193352 -267.871368 -178.810303 0.455282 -178.752441 2.758532 0.531856 13.281504 0.825756 0.19453 1.514876 2.578459 -0.361568 26.078495 -2.769138 3.612308 -0.41304 -2.691388 -6.578259 -3.325355 2.885111 -8.449775 -20.731197 7.7e-05 -2.3e-05 6e-06 -0.068127 0.190497 0.053019 0.698445 -3.513479 -10.653395 -0.828865 3.898401 -10.647508 -8.483174 -8.47472 15.703679 -55.123371 -8.174679 9.68851 -179.435745 -67.389702 179.22522 10.480782 -2.480669 8.424962 -5.882106 9.861282 0.702587 -10.93687 -0.360575 7.156205 -0.0 8.774822 -2e-06 -16.137562 18.417091 6.523178 -1.844032 2.498504 -2.507278 -10.163598 4.678943 4.621108 -20.976021 -3e-06 1e-06 -21.226286 2.451696 -3.594 -0.0 -6e-06 -1e-06 -1.36268 2.240798 -0.746323 -21.334913 0.584908 3.008322 -13.821213 -3e-06 2e-06 -23.887169 -0.249078 -0.839483 -60.913273 3.034706 -0.835205 -0.294026 1.679686 0.833256 -14.218207 0.093215 1.30058 -34.212048 -0.287563 0.967171 -20.033213 0.964535 1.212843 1e-06 0.0 0.0 -3.440389 0.788233 0.501656 -15.928185 -3.167309 2.999707 -6.338825 -1e-06 2e-06 -18.123444 3.64818 -4.905669 -4e-06 -1e-06 -1e-06 0.154699 20.503426 12.633846 55.412876 13.39872 -7.51561 177.10733 75.178642 177.064056 -5.129911 6.276021 8.177873 2.24354 -5.255033 -3.180154 14.28288 -0.826593 6.952495 -1e-06 -12.690593 -2e-06 15.465694 -17.479841 2.551084 1.665667 -1.95592 -2.878296 4.727794 -4.170583 4.993917 11.020517 4e-06 -2e-06 12.109044 -3.735713 -2.866782 1e-06 1e-06 -0.0 1.291984 -1.928548 -1.498088 14.800115 0.567469 3.865603 14.242559 -1.341737 -6.660652 19.631952 0.143926 -0.648244 49.667435 -0.594985 -6.340578 0.35303 -1.51115 -0.03194 20.222778 3.684307 2.316628 18.787256 6e-06 -2e-06 10.75162 -0.479868 1.397904 -0.0 0.0 -0.0 3.273806 0.305947 -0.580109 21.486799 11.830365 2.266131 8.162922 3e-06 -1e-06 18.399067 -3.79898 -4.940572 3e-06 -0.0 -1e-06 5.539719 4.453999 -23.217804 -0.065051 0.140312 57.306763 -10.265157 4.616745 -24.578577 1.872774 -2.060432 -6.369174 0.0 -0.0 2e-06 -0.112704 -12.571155 -41.425594 0.147578 0.305618 30.967733 4.851622 -13.809866 0.355546 -1.438622 0.872337 -4.391465 0.0 1e-06 -1e-06 
0.0 0.0 0.0 0.0 -0.0 0.0 27.723572 91.016907 -270.775665 -178.25946 0.756872 -179.733734 3.156137 0.427 13.746643 0.875373 0.246603 1.521755 3.01727 -0.358171 25.881245 -2.34586 3.477812 0.061552 -2.639069 -6.902835 -3.365295 2.497104 -8.384367 -21.142994 7.7e-05 -2.2e-05 6e-06 -0.038413 0.120631 0.035693 0.748198 -3.58676 -10.695549 -0.818293 3.829235 -10.683346 -8.195957 -8.356448 15.707668 -56.347553 -7.015675 9.97747 179.717194 -67.734009 179.9207 10.340633 -2.935313 8.651553 -5.882101 9.861277 0.702589 -10.936863 -0.360574 7.156198 -1e-06 8.774816 -2e-06 -15.988336 18.099848 6.506624 -1.84403 2.498502 -2.507275 -10.163592 4.67894 4.621104 -20.976006 -1e-06 4e-06 -21.226269 2.451698 -3.593996 0.0 -7e-06 -0.0 -1.36268 2.240796 -0.746322 -21.334894 0.58491 3.008322 -13.821199 -1e-06 4e-06 -23.88715 -0.249075 -0.839481 -60.662762 2.888968 -0.909468 -0.294026 1.679686 0.833255 -14.218195 0.093215 1.30058 -34.212013 -0.28756 0.967171 -20.033192 0.964537 1.212842 0.0 -1e-06 0.0 -3.440385 0.788232 0.501655 -15.928172 -3.167305 2.999705 -6.338821 0.0 2e-06 -18.123426 3.64818 -4.905665 -4e-06 -0.0 -2e-06 0.087472 20.2747 12.721255 54.644489 12.563556 -7.809041 177.514404 74.991386 177.390686 -5.016877 5.97576 9.210306 2.243539 -5.255032 -3.180155 14.282875 -0.826592 6.952495 -2e-06 -12.690592 -2e-06 15.561478 -17.660486 2.561902 1.665664 -1.955919 -2.878295 4.727794 -4.170583 4.993917 11.020513 3e-06 -1e-06 12.109038 -3.735711 -2.866781 1e-06 -0.0 0.0 1.291985 -1.928547 -1.498088 14.800112 0.56747 3.865604 14.242558 -1.341736 -6.660649 19.63195 0.143927 -0.648242 49.653049 -0.749835 -6.561445 0.353027 -1.511149 -0.031939 20.222771 3.684308 2.316629 18.787252 6e-06 1e-06 10.751617 -0.479868 1.397905 -0.0 -0.0 -0.0 3.273804 0.305947 -0.58011 21.48679 11.830365 2.266132 8.162917 2e-06 0.0 18.399063 -3.798981 -4.940569 3e-06 -0.0 -1e-06 7.333467 4.104176 -24.90173 -0.110882 0.077406 64.869682 -11.191056 4.230043 -18.410833 1.978313 -2.040199 -12.200093 0.0 0.0 2e-06 0.532275 -12.372886 -40.542774 0.229879 0.231024 34.38118 4.531034 -12.955347 1.200039 -1.407531 0.731332 -2.75359 0.0 -0.0 -1e-06 
0.0 0.0 0.0 0.0 -0.0 0.0 28.817822 90.90229 -273.493805 -177.831177 1.028852 179.069321 3.366801 0.332739 14.342233 0.910308 0.342865 1.662661 3.364543 -0.449953 25.847296 -1.868133 3.269961 0.278309 -2.574706 -6.838539 -3.406599 2.228375 -8.443659 -21.316675 7.7e-05 -2.3e-05 6e-06 -0.027802 0.101867 0.018514 0.772248 -3.605685 -10.71466 -0.821763 3.809331 -10.691851 -7.814192 -8.121316 15.669843 -57.657349 -6.117124 10.048313 179.394577 -67.851158 -179.75032 10.158269 -3.345459 8.796436 -5.882097 9.861275 0.702592 -10.936857 -0.360576 7.156196 1e-06 8.774817 -1e-06 -15.881937 17.947033 6.567262 -1.844031 2.498502 -2.507274 -10.163586 4.67894 4.621103 -20.976 -4e-06 1e-06 -21.226259 2.451692 -3.593997 -1e-06 -6e-06 0.0 -1.36268 2.240796 -0.746322 -21.33489 0.584907 3.008318 -13.821199 -3e-06 1e-06 -23.887142 -0.249082 -0.839482 -60.474865 2.888708 -0.943763 -0.294026 1.679686 0.833256 -14.218191 0.093214 1.300577 -34.212002 -0.287566 0.967167 -20.033188 0.964532 1.212841 0.0 0.0 0.0 -3.440384 0.788233 0.501656 -15.928165 -3.167308 2.999702 -6.338819 -1e-06 1e-06 -18.123423 3.648179 -4.905664 -4e-06 0.0 -2e-06 -0.204619 20.145529 12.562127 53.645653 11.724982 -8.350949 177.787506 74.477921 177.794327 -4.901907 5.619817 10.270515 2.243539 -5.255033 -3.180155 14.282879 -0.826595 6.952499 -1e-06 -12.690599 4e-06 15.538815 -17.727034 2.633023 1.665665 -1.95592 -2.878297 4.727793 -4.170587 4.993923 11.020517 3e-06 -1e-06 12.109041 -3.735713 -2.866781 0.0 0.0 1e-06 1.291985 -1.928548 -1.49809 14.800115 0.567467 3.865606 14.242559 -1.341737 -6.660653 19.631948 0.143925 -0.648244 49.795311 -0.793194 -6.600402 0.353031 -1.51115 -0.031939 20.222773 3.684307 2.31663 18.787254 2e-06 0.0 10.751618 -0.47987 1.397905 -0.0 -0.0 -0.0 3.273804 0.305947 -0.580111 21.48679 11.830368 2.266129 8.162919 -0.0 -0.0 18.399067 -3.798986 -4.940571 4e-06 -0.0 -1e-06 8.933896 3.410942 -27.847385 -0.164998 -0.007141 73.276146 -11.270345 3.49247 -10.124368 2.091291 -2.03639 -13.837211 -0.0 -0.0 2e-06 1.167464 -12.627525 -39.32468 0.24857 0.159292 37.666203 4.253983 -11.942975 -0.307961 -1.398471 0.748342 -1.781711 -0.0 -0.0 -1e-06 
0.0 0.0 0.0 0.0 -0.0 0.0 29.741154 90.796799 -276.122559 -177.694107 1.37299 178.01413 3.382807 0.272772 14.828682 0.955449 0.431915 1.832817 3.475489 -0.458743 25.946093 -1.267319 3.153448 0.468913 -2.58858 -6.752378 -3.403418 2.085586 -8.500278 -21.470331 7.7e-05 -2.2e-05 5e-06 -0.034177 0.111956 0.014565 0.76793 -3.59408 -10.710826 -0.830995 3.816085 -10.679857 -7.60154 -8.068599 15.8538 -58.713524 -5.469964 10.028526 179.023285 -67.657181 -179.433533 10.0401 -3.677831 8.944839 -5.882101 9.861278 0.702589 -10.936861 -0.360576 7.1562 -0.0 8.774819 -3e-06 -15.89118 17.916851 6.52377 -1.84403 2.498502 -2.507275 -10.16359 4.67894 4.621104 -20.976006 -3e-06 1e-06 -21.226269 2.451696 -3.594 -1e-06 -6e-06 -0.0 -1.362683 2.240796 -0.746323 -21.334898 0.58491 3.00832 -13.821203 -2e-06 1e-06 -23.887152 -0.249079 -0.839483 -60.340466 2.892844 -1.088287 -0.294024 1.679686 0.833254 -14.218197 0.093216 1.300579 -34.212021 -0.287565 0.967169 -20.033197 0.964534 1.212842 0.0 0.0 0.0 -3.440386 0.788233 0.501654 -15.928172 -3.167308 2.999704 -6.338821 -1e-06 3e-06 -18.123432 3.648181 -4.905668 -4e-06 0.0 -3e-06 -0.48129 20.079226 12.281946 52.510395 10.916529 -9.116364 178.328568 73.847214 178.460175 -4.838279 5.394823 11.09457 2.243541 -5.255036 -3.180157 14.282885 -0.826593 6.952496 -0.0 -12.690599 -2e-06 15.593471 -17.783415 2.651932 1.665665 -1.955921 -2.878297 4.727798 -4.170586 4.99392 11.020522 1e-06 -2e-06 12.109052 -3.735715 -2.866785 1e-06 0.0 -0.0 1.291986 -1.928549 -1.49809 14.800123 0.567468 3.865604 14.242568 -1.341737 -6.660656 19.631962 0.143926 -0.648247 50.036373 -0.881854 -6.623889 0.35303 -1.51115 -0.03194 20.222786 3.684307 2.316627 18.787268 5e-06 -3e-06 10.751625 -0.479868 1.397904 -0.0 -1e-06 0.0 3.273806 0.305947 -0.58011 21.486809 11.830369 2.266131 8.162924 2e-06 -2e-06 18.399076 -3.798982 -4.940578 3e-06 0.0 -1e-06 9.826021 2.656614 -30.95171 -0.155061 -0.055754 80.210869 -11.083454 2.471446 -5.328703 2.045502 -2.059329 -8.89599 -0.0 -0.0 1e-06 1.488815 -12.944036 -38.046051 0.187563 0.082905 40.377949 3.950282 -10.838151 -2.237492 -1.398083 0.785605 -1.281109 -0.0 -0.0 -1e-06 
0.0 0.0 0.0 0.0 -0.0 0.0 30.49815 90.820709 -278.548035 -177.923035 1.869482 177.419235 3.208194 0.301835 15.063837 0.942855 0.470468 1.99068 3.355281 -0.348339 26.226866 -0.704381 3.05605 0.444267 -2.666583 -6.602619 -3.398618 2.027759 -8.606412 -21.632648 7.7e-05 -2.3e-05 6e-06 -0.039718 0.10953 0.021955 0.758739 -3.59482 -10.704461 -0.832999 3.810158 -10.666001 -7.720704 -8.137992 16.125967 -59.17984 -5.15738 9.935797 178.814316 -67.358406 -179.307739 10.030368 -3.951783 9.277387 -5.882102 9.861278 0.70259 -10.936865 -0.360575 7.156199 -1e-06 8.774817 -2e-06 -15.906763 17.916767 6.494275 -1.844028 2.498502 -2.507275 -10.163591 4.67894 4.621104 -20.976006 -2e-06 3e-06 -21.226269 2.451697 -3.593997 -1e-06 -7e-06 -0.0 -1.36268 2.240797 -0.746322 -21.334896 0.58491 3.00832 -13.821201 0.0 2e-06 -23.88715 -0.249076 -0.839483 -60.249187 2.867642 -1.235093 -0.294024 1.679686 0.833255 -14.218195 0.093216 1.30058 -34.212017 -0.287561 0.967169 -20.033194 0.964537 1.212842 1e-06 -1e-06 0.0 -3.440384 0.788233 0.501654 -15.928174 -3.167306 2.999705 -6.338821 -1e-06 1e-06 -18.123432 3.64818 -4.905667 -4e-06 0.0 -2e-06 -0.512641 19.996616 12.130846 51.283276 10.614318 -10.327771 178.659576 73.354774 178.81633 -4.86036 5.300551 11.994678 2.243541 -5.255033 -3.180155 14.282881 -0.826593 6.952497 -3e-06 -12.690594 -2e-06 15.673589 -17.863359 2.694621 1.665665 -1.95592 -2.878297 4.727796 -4.170582 4.993918 11.020517 4e-06 0.0 12.109042 -3.735712 -2.86678 1e-06 0.0 0.0 1.291984 -1.928548 -1.498088 14.800118 0.567469 3.865604 14.24256 -1.341736 -6.660651 19.631952 0.143927 -0.648243 50.27787 -0.910177 -6.55976 0.353028 -1.511149 -0.031941 20.222778 3.684307 2.316628 18.787258 7e-06 -0.0 10.75162 -0.479866 1.397906 0.0 -1e-06 0.0 3.273805 0.305947 -0.58011 21.486799 11.830366 2.266133 8.162921 2e-06 0.0 18.399067 -3.79898 -4.940571 4e-06 0.0 -1e-06 9.879719 2.149965 -33.923317 -0.114047 -0.02006 83.875031 -10.548152 1.579724 -5.1889 1.985929 -2.087546 -5.854699 -0.0 -0.0 1e-06 1.424052 -12.947119 -37.033562 0.08682 0.039318 42.438675 3.703734 -9.935284 -4.246769 -1.393752 0.774736 -1.022275 -0.0 1e-06 -1e-06 
0.0 0.0 0.0 0.0 -0.0 0.0 31.123098 91.020462 -280.635132 -178.4888 2.453579 177.307434 2.879855 0.419668 15.156465 0.8295 0.513632 2.143258 3.080974 -0.222166 26.50456 -0.329352 2.923861 0.174665 -2.706354 -6.440313 -3.395841 2.011039 -8.631648 -21.702868 7.7e-05 -2.2e-05 5e-06 -0.038602 0.090709 0.033489 0.753972 -3.611555 -10.706603 -0.825956 3.790151 -10.668241 -7.94805 -8.242104 16.256023 -59.220543 -4.983328 9.87081 178.840698 -67.121994 -179.370743 9.919638 -4.194876 9.891879 -5.882098 9.861275 0.702588 -10.936857 -0.360572 7.156197 0.0 8.774816 -1e-06 -15.887271 17.859797 6.526661 -1.844029 2.498501 -2.507275 -10.163588 4.67894 4.621103 -20.975996 -2e-06 1e-06 -21.226257 2.451695 -3.593997 -0.0 -7e-06 -0.0 -1.362681 2.240796 -0.746322 -21.334885 0.584908 3.008321 -13.821197 -2e-06 2e-06 -23.887135 -0.249075 -0.839482 -60.273136 2.85996 -1.2538 -0.294024 1.679685 0.833255 -14.21819 0.093215 1.300579 -34.212006 -0.287561 0.967168 -20.033188 0.964536 1.212842 1e-06 -1e-06 0.0 -3.440383 0.788232 0.501655 -15.928165 -3.167305 2.999705 -6.338819 -1e-06 2e-06 -18.123423 3.648181 -4.905667 -3e-06 0.0 -2e-06 -0.480654 19.946648 12.114554 50.333786 10.838348 -11.697526 179.213638 73.042679 179.390335 -4.966851 5.10023 13.196313 2.243541 -5.255033 -3.180156 14.28288 -0.826595 6.952495 -1e-06 -12.690597 0.0 15.616164 -17.927065 2.776811 1.665666 -1.95592 -2.878298 4.727797 -4.170585 4.99392 11.02052 3e-06 -2e-06 12.109046 -3.735714 -2.866785 1e-06 -1e-06 0.0 1.291986 -1.928549 -1.498087 14.800118 0.567468 3.865604 14.242563 -1.341734 -6.660656 19.631954 0.143928 -0.648247 50.377171 -0.913524 -6.459384 0.353029 -1.51115 -0.031939 20.222782 3.684308 2.316625 18.78726 6e-06 -4e-06 10.751623 -0.479867 1.397904 0.0 -1e-06 0.0 3.273804 0.305947 -0.580113 21.486799 11.830368 2.266127 8.162921 3e-06 -2e-06 18.399071 -3.798981 -4.940575 4e-06 1e-06 -1e-06 9.187381 1.833292 -36.743752 -0.063967 0.04264 83.462532 -9.621257 1.511292 -6.57914 1.947489 -2.07308 -4.986743 -0.0 0.0 1e-06 1.006005 -12.699281 -36.299309 0.019471 0.025391 43.79689 3.513148 -9.308204 -5.968288 -1.389406 0.764622 -0.824049 -0.0 -0.0 -1e-06 
0.0 0.0 0.0 0.0 -0.0 0.0 31.610226 91.318069 -282.507019 -179.099365 3.0888 177.523148 2.575154 0.580178 15.225432 0.68357 0.634947 2.268458 2.746031 -0.137724 26.599884 -0.200187 2.795659 -0.145443 -2.641665 -6.340436 -3.383757 2.012105 -8.525993 -21.812006 7.7e-05 -2.2e-05 5e-06 -0.036419 0.079615 0.053354 0.750842 -3.626628 -10.709822 -0.818344 3.785214 -10.674691 -8.019634 -8.327354 16.236759 -59.207317 -4.695118 9.869645 178.902451 -66.80603 -179.350235 9.539699 -4.334627 10.630794 -5.882102 9.86128 0.702591 -10.936861 -0.360577 7.1562 1e-06 8.774821 -1e-06 -15.865512 17.749796 6.551522 -1.84403 2.498503 -2.507275 -10.163594 4.678942 4.621107 -20.976009 -3e-06 3e-06 -21.226271 2.451694 -3.593996 0.0 -6e-06 0.0 -1.36268 2.240796 -0.746323 -21.3349 0.584908 3.008323 -13.821205 -1e-06 3e-06 -23.887154 -0.249077 -0.839481 -60.354511 2.858566 -1.194032 -0.294025 1.679687 0.833255 -14.218196 0.093215 1.300581 -34.212021 -0.287565 0.967171 -20.033197 0.964536 1.212844 1e-06 0.0 0.0 -3.440387 0.788232 0.501656 -15.928172 -3.167309 2.999707 -6.338822 1e-06 2e-06 -18.123426 3.648181 -4.905665 -3e-06 0.0 -2e-06 -0.625045 20.008867 12.053288 49.823868 11.16753 -12.888141 179.401276 72.765045 179.662308 -5.156079 4.753582 14.265 2.243541 -5.255033 -3.180155 14.282883 -0.826596 6.952503 -2e-06 -12.690598 1e-06 15.509706 -18.015978 2.824496 1.665666 -1.95592 -2.878298 4.727795 -4.170586 4.993923 11.020519 4e-06 -0.0 12.109046 -3.735714 -2.866782 1e-06 0.0 -0.0 1.291983 -1.928548 -1.498087 14.800122 0.567468 3.865608 14.242566 -1.341734 -6.660653 19.631958 0.143925 -0.648243 50.430836 -0.903306 -6.413785 0.35303 -1.51115 -0.031939 20.222784 3.684308 2.31663 18.787266 5e-06 1e-06 10.751622 -0.479869 1.397907 -0.0 1e-06 -0.0 3.273805 0.305947 -0.580111 21.486807 11.830369 2.266134 8.162922 3e-06 2e-06 18.399075 -3.798983 -4.940569 3e-06 -0.0 -0.0 8.321807 1.438133 -38.915852 -0.027654 0.034491 79.537415 -9.121537 1.311456 -7.827491 1.906514 -2.058002 -4.669117 0.0 0.0 3e-06 0.512896 -12.393225 -35.811378 0.021829 0.046632 44.713085 3.548746 -8.917058 -7.424125 -1.392143 0.777815 -0.651025 0.0 -0.0 -1e-06 
0.0 0.0 0.0 0.0 -0.0 0.0 32.013065 91.624588 -284.344208 -179.468262 3.666598 177.882095 2.437313 0.749005 15.282796 0.585402 0.745605 2.338772 2.486481 -0.065602 26.612545 -0.213572 2.724663 -0.496066 -2.490027 -6.295338 -3.364091 1.975689 -8.399264 -21.929441 7.7e-05 -2.2e-05 5e-06 -0.038421 0.082941 0.080394 0.750269 -3.633623 -10.707076 -0.821807 3.801264 -10.671752 -7.894133 -8.400534 16.17886 -59.296806 -4.332419 9.920234 178.986053 -66.333275 -179.288544 9.263792 -4.486462 11.210805 -5.882101 9.861275 0.70259 -10.936858 -0.360575 7.156197 -1e-06 8.774816 -2e-06 -15.825306 17.656181 6.566239 -1.844029 2.498501 -2.507275 -10.163588 4.678941 4.621104 -20.976 -2e-06 3e-06 -21.226259 2.451694 -3.593996 -0.0 -6e-06 0.0 -1.36268 2.240796 -0.746322 -21.334888 0.58491 3.008321 -13.821197 -1e-06 3e-06 -23.88714 -0.249077 -0.839481 -60.407097 2.867797 -1.147503 -0.294024 1.679686 0.833255 -14.218192 0.093215 1.300579 -34.212013 -0.287566 0.96717 -20.033192 0.964536 1.212843 1e-06 -0.0 0.0 -3.440384 0.788232 0.501655 -15.928167 -3.167308 2.999705 -6.338821 -2e-06 2e-06 -18.123426 3.648179 -4.905663 -5e-06 -0.0 -1e-06 -0.843986 20.173918 11.933584 49.470844 11.341679 -13.889277 179.017319 72.432213 179.3815 -5.410105 4.467044 15.195621 2.24354 -5.255031 -3.180155 14.282874 -0.826595 6.952494 -3e-06 -12.690592 0.0 15.52786 -18.098045 2.805967 1.665666 -1.95592 -2.878296 4.727794 -4.170583 4.993917 11.020513 3e-06 -1e-06 12.109035 -3.735712 -2.866781 1e-06 -1e-06 0.0 1.291984 -1.928547 -1.498087 14.800114 0.567468 3.865603 14.242557 -1.341737 -6.660651 19.631945 0.143925 -0.648245 50.532543 -0.879881 -6.40141 0.353029 -1.511149 -0.03194 20.222769 3.684305 2.316628 18.787251 3e-06 -2e-06 10.751616 -0.479867 1.397904 -0.0 1e-06 -0.0 3.273803 0.305947 -0.58011 21.486788 11.83036 2.266129 8.162917 2e-06 -0.0 18.399063 -3.798982 -4.940571 3e-06 1e-06 -0.0 7.695148 1.019844 -39.990528 -0.010189 -0.0509 73.107979 -9.303924 0.917522 -8.577465 1.872494 -2.087056 -4.493511 0.0 -0.0 2e-06 0.236934 -12.072032 -35.382984 0.059805 0.078948 45.351425 3.723735 -8.769076 -8.676361 -1.402705 0.82041 -0.541399 -0.0 -0.0 -1e-06 
0.0 0.0 0.0 0.0 -0.0 0.0 32.329403 91.797157 -285.999573 -179.528625 4.180145 178.275574 2.493875 0.846034 15.298 0.565831 0.797377 2.366132 2.310778 0.148478 26.646431 -0.270763 2.56934 -0.902417 -2.275094 -6.189549 -3.374767 1.864013 -8.295418 -21.910076 7.7e-05 -2.2e-05 5e-06 -0.043647 0.083632 0.097287 0.755996 -3.645429 -10.721036 -0.837676 3.81501 -10.681169 -7.645798 -8.448943 16.055334 -59.462666 -3.968089 10.012794 179.330826 -65.800507 -179.53833 9.201572 -4.800096 11.613643 -5.882103 9.861279 0.702592 -10.936868 -0.360575 7.156206 2e-06 8.774822 -1e-06 -15.708993 17.609266 6.565322 -1.844031 2.498503 -2.507277 -10.163594 4.67894 4.621112 -20.976015 -0.0 8e-06 -21.226278 2.451698 -3.593992 0.0 -7e-06 -1e-06 -1.362679 2.240797 -0.746323 -21.334906 0.58491 3.008328 -13.821208 -3e-06 6e-06 -23.887159 -0.249075 -0.839475 -60.327831 2.898711 -1.089314 -0.294025 1.679686 0.833256 -14.218205 0.093214 1.300584 -34.212036 -0.28756 0.967179 -20.033205 0.964538 1.212849 0.0 0.0 0.0 -3.440386 0.788232 0.501656 -15.928183 -3.167308 2.999711 -6.338824 -0.0 4e-06 -18.123438 3.648182 -4.905663 -4e-06 -0.0 -1e-06 -0.977455 20.362041 11.825327 49.136513 11.376933 -14.816016 178.453491 72.033051 178.774414 -5.773135 4.234223 15.997293 2.243537 -5.255032 -3.180153 14.282887 -0.826591 6.952502 -6e-06 -12.690597 2e-06 15.555982 -18.056265 2.767095 1.665666 -1.955918 -2.878296 4.727796 -4.170584 4.993922 11.02052 7e-06 1e-06 12.109041 -3.73571 -2.866778 1e-06 -2e-06 1e-06 1.291984 -1.928548 -1.498088 14.800125 0.567472 3.865607 14.242564 -1.341732 -6.660647 19.631956 0.143927 -0.648237 50.438156 -0.869647 -6.483971 0.353027 -1.511149 -0.03194 20.222786 3.684311 2.316632 18.787266 1e-05 5e-06 10.751624 -0.479868 1.397909 -1e-06 1e-06 1e-06 3.273806 0.305948 -0.58011 21.486805 11.830371 2.266135 8.162922 3e-06 1e-06 18.399075 -3.79898 -4.940565 3e-06 1e-06 -1e-06 7.282484 0.943208 -39.842812 -0.018793 -0.152977 65.107758 -9.666156 1.027428 -7.872271 1.869467 -2.156113 -4.404169 0.0 -0.0 2e-06 0.306388 -11.734409 -35.003361 0.066231 0.084121 45.945034 3.865481 -8.769164 -9.865813 -1.415698 0.881132 -0.407908 -0.0 -0.0 -1e-06 
